Symbol,Date,Open,High,Low,Close,Volume
048910,2001-07-31,9507,9507,9507,9507,236236
048910,2001-08-01,8752,10263,8374,9444,474364
048910,2001-08-02,9444,10578,9098,10577,169537
048910,2001-08-03,11239,11837,11019,11837,275730
048910,2001-08-06,12404,13254,12215,13253,232627
048910,2001-08-07,14828,14828,14293,14827,163610
048910,2001-08-08,16244,16591,14481,15268,509819
048910,2001-08-09,14576,16969,14261,15300,329934
048910,2001-08-10,15741,17126,15552,17125,317699
048910,2001-08-13,18259,19172,17409,18070,617838
048910,2001-08-14,18070,18448,16685,17566,253170
048910,2001-08-16,17441,17535,15678,15677,142509
048910,2001-08-17,15678,16307,14261,14859,236431
048910,2001-08-20,14230,15615,14230,15237,176733
048910,2001-08-21,15741,16276,14922,15174,181150
048910,2001-08-22,14859,15017,14387,14985,219069
048910,2001-08-23,15646,15646,14261,14292,160290
048910,2001-08-24,13915,14293,12907,13096,190815
048910,2001-08-27,13537,14293,12970,14292,188200
048910,2001-08-28,13978,14985,13443,14575,211672
048910,2001-08-29,14167,14607,13537,13662,141997
048910,2001-08-30,13096,13978,12372,13411,154403
048910,2001-08-31,12719,13694,12719,13537,131980
048910,2001-09-03,13852,14922,13789,14922,194095
048910,2001-09-04,15048,15867,14481,14922,329858
048910,2001-09-05,15300,15394,14859,14953,89034
048910,2001-09-06,15111,16181,15111,15740,255446
048910,2001-09-07,15426,16119,15174,15898,173561
048910,2001-09-10,15930,16622,15646,15646,251274
048910,2001-09-11,15678,15741,14922,15425,157644
048910,2001-09-12,13600,13789,13600,13600,116652
048910,2001-09-13,13600,14481,13443,14481,194013
048910,2001-09-14,14481,15174,13411,14418,256080
048910,2001-09-17,14167,14450,12719,12718,101177
048910,2001-09-18,13285,14230,13285,14229,217850
048910,2001-09-19,14356,15930,14104,15425,392878
048910,2001-09-20,14796,16496,14481,16055,239593
048910,2001-09-21,15867,16591,15363,15425,256810
048910,2001-09-24,15772,15930,15111,15331,240594
048910,2001-09-25,15772,15898,13506,13662,270464
048910,2001-09-26,13852,14167,13537,13788,129392
048910,2001-09-27,13537,13757,13159,13757,87253
048910,2001-09-28,13757,14356,13757,14166,124123
048910,2001-10-04,14481,14796,14041,14166,195646
048910,2001-10-05,14293,15143,14135,14135,456379
048910,2001-10-08,13789,14167,13506,13851,225197
048910,2001-10-09,14041,14387,13820,14229,330269
048910,2001-10-10,14230,14356,13222,13411,204837
048910,2001-10-11,13820,14041,13380,13788,252376
048910,2001-10-12,14041,15048,13915,14796,605674
048910,2001-10-15,15237,15772,14954,15425,724389
048910,2001-10-16,15237,16370,14954,15961,691825
048910,2001-10-17,16559,17189,16244,16811,811251
048910,2001-10-18,16307,17409,16244,16748,523512
048910,2001-10-19,16748,18731,16748,18574,850756
048910,2001-10-22,18826,18983,17630,18101,737206
048910,2001-10-23,18070,18259,16748,17220,528483
048910,2001-10-24,17000,18196,17000,18164,392439
048910,2001-10-25,18070,19959,17881,18574,824516
048910,2001-10-26,18952,18952,17944,18762,240587
048910,2001-10-29,18763,19644,18574,18762,420528
048910,2001-10-30,18196,18480,17000,17000,327665
048910,2001-10-31,16780,17409,16780,17125,199029
048910,2001-11-01,17126,17756,17031,17377,180195
048910,2001-11-02,17441,17567,16748,17094,191455
048910,2001-11-05,17000,18070,17000,17629,215880
048910,2001-11-06,17819,18637,17441,18637,156691
048910,2001-11-07,18196,18385,17787,17881,164761
048910,2001-11-08,17881,18070,17504,17944,150528
048910,2001-11-09,17756,17881,16685,17125,187886
048910,2001-11-12,16843,17126,16181,16370,168557
048910,2001-11-13,16370,16717,16119,16370,163517
048910,2001-11-14,16465,16937,16244,16464,213575
048910,2001-11-15,16087,16244,14513,14512,469354
048910,2001-11-16,14513,14544,13663,13946,399909
048910,2001-11-19,13978,14419,12939,13537,293783
048910,2001-11-20,13726,14450,13380,13914,374461
048910,2001-11-21,13915,14576,13663,14229,223517
048910,2001-11-22,14387,14481,13883,14009,149577
048910,2001-11-23,13978,14135,13443,13725,302861
048910,2001-11-26,13726,13978,12183,12561,470604
048910,2001-11-27,12467,12970,12467,12561,233742
048910,2001-11-28,12530,12844,11081,11081,244594
048910,2001-11-29,11019,12183,10326,11900,446642
048910,2001-11-30,11522,13033,11522,12781,288909
048910,2001-12-03,12656,13254,12372,13159,221990
048910,2001-12-04,13348,13506,12656,13096,194617
048910,2001-12-05,13411,13411,12939,13096,158078
048910,2001-12-06,13033,14639,12341,14638,676037
048910,2001-12-07,15048,15237,13915,13914,693034
048910,2001-12-10,14293,15300,14104,14733,650826
048910,2001-12-11,14481,15080,14261,14355,317655
048910,2001-12-12,14419,14639,13663,13788,294072
048910,2001-12-13,13631,13852,12907,13505,244883
048910,2001-12-14,13222,14135,13222,13883,207788
048910,2001-12-17,13883,14104,13128,13222,148495
048910,2001-12-18,13222,13474,12089,12435,175062
048910,2001-12-19,12278,12467,11806,12151,138332
048910,2001-12-20,12278,12530,12089,12277,78174
048910,2001-12-21,11837,12341,11806,12277,102247
048910,2001-12-24,12152,12372,11931,11994,57717
048910,2001-12-26,11963,12152,11207,11396,95064
048910,2001-12-27,11396,11806,11270,11585,67916
048910,2001-12-28,11774,12907,11774,12907,102992
048910,2002-01-02,12781,12970,12530,12907,90038
048910,2002-01-03,12907,13474,12656,13190,149306
048910,2002-01-04,13474,13600,13128,13159,117832
048910,2002-01-07,13191,13191,12530,12655,129456
048910,2002-01-08,12530,12530,12026,12025,132790
048910,2002-01-09,12026,12781,11994,12435,142050
048910,2002-01-10,12341,13096,12215,12970,173305
048910,2002-01-11,13159,13852,13033,13222,397715
048910,2002-01-14,13002,13474,12719,13411,132252
048910,2002-01-15,13285,13694,12907,13600,184213
048910,2002-01-16,13380,13600,13002,13222,124472
048910,2002-01-17,12907,13222,12656,13222,90660
048910,2002-01-18,13222,13600,12907,12907,108442
048910,2002-01-21,12687,12970,12467,12718,57798
048910,2002-01-22,12656,12844,12467,12466,69626
048910,2002-01-23,12593,12656,12246,12309,118025
048910,2002-01-24,12341,12593,12309,12403,103900
048910,2002-01-25,12341,12656,12278,12529,90120
048910,2002-01-28,12656,13569,12656,13411,250663
048910,2002-01-29,13915,14167,13159,13348,377303
048910,2002-01-30,13033,13128,12498,12938,189007
048910,2002-01-31,13159,13883,13033,13222,310007
048910,2002-02-01,13537,14135,13222,13977,524453
048910,2002-02-04,14607,14765,13537,13851,508859
048910,2002-02-05,13726,13789,13128,13411,180898
048910,2002-02-06,13222,13694,13128,13222,165691
048910,2002-02-07,12970,13096,12530,12529,176954
048910,2002-02-08,11931,12813,11931,12592,93215
048910,2002-02-14,12656,12907,12435,12592,91793
048910,2002-02-15,12593,13191,12593,12907,126351
048910,2002-02-18,12907,13411,12656,12655,161976
048910,2002-02-19,12907,12907,12309,12592,130662
048910,2002-02-20,12467,12593,12152,12529,175221
048910,2002-02-21,12656,12656,12246,12246,99150
048910,2002-02-22,12152,12435,12152,12246,58711
048910,2002-02-25,12278,12467,12215,12214,62617
048910,2002-02-26,12246,12372,11900,12025,109637
048910,2002-02-27,12152,12372,11963,12151,114077
048910,2002-02-28,12152,12278,11900,12088,92157
048910,2002-03-04,12215,12656,11837,12529,238986
048910,2002-03-05,12656,13096,12467,12592,241292
048910,2002-03-06,13033,13537,12844,13001,390164
048910,2002-03-07,13159,13631,12781,13096,421629
048910,2002-03-08,13096,13506,12970,13285,156572
048910,2002-03-11,13348,13946,13254,13788,514082
048910,2002-03-12,13789,14481,13254,14481,400856
048910,2002-03-13,14167,14419,13915,13914,195853
048910,2002-03-14,13789,13852,13159,13631,246258
048910,2002-03-15,13663,13978,13569,13788,212546
048910,2002-03-18,14167,15048,13474,15048,648521
048910,2002-03-19,15426,15678,14702,14827,508299
048910,2002-03-20,14954,15017,14041,14261,339479
048910,2002-03-21,13852,14356,13663,14072,323675
048910,2002-03-22,14072,14607,13883,14355,411396
048910,2002-03-25,14356,15048,14261,14261,364151
048910,2002-03-26,14104,14419,13663,13820,219886
048910,2002-03-27,13978,14230,13820,13914,157647
048910,2002-03-28,13978,14261,13159,13285,253914
048910,2002-03-29,13159,13411,12844,12970,193006
048910,2002-04-01,13537,14261,13411,13820,400507
048910,2002-04-02,14104,14135,13191,13631,195477
048910,2002-04-03,13506,13631,13222,13222,114351
048910,2002-04-04,13789,14796,13537,14575,573097
048910,2002-04-08,14419,14765,14072,14764,262541
048910,2002-04-09,14922,15174,13600,13600,641101
048910,2002-04-10,13285,13852,13285,13316,168685
048910,2002-04-11,13537,13915,13411,13788,187339
048910,2002-04-12,13380,13631,13222,13505,114165
048910,2002-04-15,13726,14387,13474,14040,363178
048910,2002-04-16,14104,14324,13726,14103,173565
048910,2002-04-17,14293,14702,13978,13977,405576
048910,2002-04-18,13852,14041,13380,13474,303554
048910,2002-04-19,13474,13757,12467,12529,338345
048910,2002-04-22,12530,12719,11176,11648,294737
048910,2002-04-23,11207,11680,11144,11396,129718
048910,2002-04-24,11648,11774,10830,11144,149128
048910,2002-04-25,10767,11207,10672,10955,116491
048910,2002-04-26,11113,11302,10893,11018,119019
048910,2002-04-29,10546,10704,10074,10388,138088
048910,2002-04-30,10137,10515,9948,10074,107090
048910,2002-05-02,10074,10956,10074,10672,197037
048910,2002-05-03,10515,10767,10200,10546,82517
048910,2002-05-06,10515,10830,10326,10325,75917
048910,2002-05-07,10326,10830,10231,10483,212244
048910,2002-05-08,10546,11113,10546,10703,324673
048910,2002-05-09,11239,11239,10641,10735,200045
048910,2002-05-10,10641,10798,10137,10200,141853
048910,2002-05-13,10200,10263,9980,10137,88334
048910,2002-05-14,10200,10357,9980,10011,125925
048910,2002-05-15,10137,10231,10011,10042,148405
048910,2002-05-16,10137,10515,10106,10451,229830
048910,2002-05-17,10578,10609,10169,10357,179053
048910,2002-05-20,10420,11019,10420,10703,308544
048910,2002-05-21,10515,10704,10011,10042,149523
048910,2002-05-22,9948,10137,9759,9853,118091
048910,2002-05-23,9728,10011,9444,9444,380993
048910,2002-05-24,9507,9759,9098,9255,195768
048910,2002-05-27,9193,9759,9067,9224,178716
048910,2002-05-28,9287,9602,9098,9192,166678
048910,2002-05-29,9004,9098,8594,8783,164831
048910,2002-05-30,8437,8657,8091,8090,496631
048910,2002-05-31,8122,8280,7493,7492,146224
048910,2002-06-03,7493,7650,6957,7114,254859
048910,2002-06-04,6989,7461,6800,7461,652929
048910,2002-06-05,7524,7681,7304,7429,491007
048910,2002-06-07,7430,7839,7272,7618,426999
048910,2002-06-10,7839,8185,7744,8059,497332
048910,2002-06-11,8059,8059,7713,7838,162006
048910,2002-06-12,7650,8154,7650,8153,195412
048910,2002-06-14,7996,8343,7870,7933,172867
048910,2002-06-17,8028,8028,7524,7555,139281
048910,2002-06-18,7681,7744,7461,7461,90113
048910,2002-06-19,7272,7430,6580,6579,199667
048910,2002-06-20,6422,6706,6114,6674,331404
048910,2002-06-21,6454,6894,6422,6768,90875
048910,2002-06-24,6611,6674,6265,6516,89948
048910,2002-06-25,6611,6674,6133,6132,136480
048910,2002-06-26,5730,5919,5402,5402,100595
048910,2002-06-27,5446,5604,5169,5301,105354
048910,2002-06-28,5490,5937,5490,5937,132339
048910,2002-07-02,6139,6643,6082,6642,188109
048910,2002-07-03,6863,7115,6422,6800,409114
048910,2002-07-04,6926,6926,6548,6800,197267
048910,2002-07-05,6863,7587,6863,7335,422210
048910,2002-07-08,7524,7839,7052,7303,452933
048910,2002-07-09,7430,7807,7241,7807,289003
048910,2002-07-10,7681,8217,7493,7870,348690
048910,2002-07-11,7807,7965,7430,7492,210999
048910,2002-07-12,7776,7902,7556,7901,211719
048910,2002-07-15,8122,8280,7807,7807,473161
048910,2002-07-16,7839,8122,6926,7240,331739
048910,2002-07-18,7493,7524,7304,7303,176219
048910,2002-07-19,7241,7241,6706,6894,178366
048910,2002-07-22,6114,6454,6076,6075,167776
048910,2002-07-23,5931,6769,5793,6674,214152
048910,2002-07-24,6674,6674,6202,6296,141737
048910,2002-07-25,6674,6674,6170,6176,126056
048910,2002-07-26,6107,6177,5673,5855,94720
048910,2002-07-29,5824,5994,5730,5729,80093
048910,2002-07-30,5919,5994,5824,5855,125242
048910,2002-07-31,5730,5912,5629,5729,69184
048910,2002-08-01,5730,5824,5604,5729,52435
048910,2002-08-02,5541,6296,5497,6233,137275
048910,2002-08-05,5988,6214,5981,5981,71816
048910,2002-08-06,5856,5975,5730,5830,49693
048910,2002-08-07,5981,6265,5937,6138,85473
048910,2002-08-08,6139,6422,6089,6132,56113
048910,2002-08-09,6265,6296,5981,5981,86635
048910,2002-08-12,5937,6032,5843,5855,37669
048910,2002-08-13,5868,6120,5837,6088,69928
048910,2002-08-14,5749,6076,5749,5981,90377
048910,2002-08-16,5988,6139,5931,5950,74625
048910,2002-08-19,5950,6026,5780,5836,49484
048910,2002-08-20,5893,5994,5868,5950,69737
048910,2002-08-21,5981,6233,5956,6075,93740
048910,2002-08-22,6082,6800,6082,6800,504112
048910,2002-08-23,6737,6737,6359,6453,184852
048910,2002-08-26,6391,6391,6170,6176,107622
048910,2002-08-27,6296,6485,6214,6264,142657
048910,2002-08-28,6107,6227,5856,5855,167491
048910,2002-08-29,5786,5824,5673,5773,94579
048910,2002-08-30,5774,5887,5774,5805,54235
048910,2002-09-02,5799,5799,5660,5666,118744
048910,2002-09-03,5673,5774,5673,5698,60424
048910,2002-09-04,5541,5654,5509,5540,56960
048910,2002-09-05,5572,5824,5572,5729,91323
048910,2002-09-06,5667,5730,5415,5427,63817
048910,2002-09-09,5409,5522,4936,4936,89542
048910,2002-09-10,4974,5056,4848,4911,42860
048910,2002-09-11,4911,5169,4911,5131,82876
048910,2002-09-12,5169,5220,5113,5144,54887
048910,2002-09-13,5037,5094,4974,4980,24558
048910,2002-09-16,5069,5069,4848,4917,22196
048910,2002-09-17,4980,5106,4911,5100,57908
048910,2002-09-18,4791,5024,4791,4879,21346
048910,2002-09-19,4911,5163,4911,4986,56156
048910,2002-09-23,4943,4987,4798,4841,27399
048910,2002-09-24,4741,4754,4477,4476,115872
048910,2002-09-25,4351,4565,4093,4155,63772
048910,2002-09-26,4263,4344,3872,3891,83905
048910,2002-09-27,3809,3998,3658,3998,110076
048910,2002-09-30,3620,3828,3620,3651,42067
048910,2002-10-01,3413,3771,3413,3714,75103
048910,2002-10-02,3809,3872,3589,3595,52289
048910,2002-10-04,3463,3620,3450,3481,70810
048910,2002-10-07,3387,3413,3236,3349,66904
048910,2002-10-08,3287,3400,3274,3368,65468
048910,2002-10-09,3413,3419,3211,3242,56381
048910,2002-10-10,3180,3394,3054,3393,75228
048910,2002-10-11,3387,3457,3148,3242,56967
048910,2002-10-14,3261,3450,3261,3406,97769
048910,2002-10-15,3463,3633,3431,3588,142995
048910,2002-10-16,3702,3765,3520,3525,241258
048910,2002-10-17,3520,3948,3463,3777,184820
048910,2002-10-18,3879,4017,3872,3872,132712
048910,2002-10-21,3841,3872,3746,3746,82042
048910,2002-10-22,3816,3916,3740,3796,140955
048910,2002-10-23,3608,3923,3608,3922,125590
048910,2002-10-24,3923,3986,3765,3765,57038
048910,2002-10-25,3709,3740,3639,3651,58032
048910,2002-10-28,3740,3797,3727,3796,59795
048910,2002-10-29,3746,3960,3690,3809,92789
048910,2002-10-30,3809,3860,3406,3683,51926
048910,2002-10-31,3646,3715,3532,3532,46191
048910,2002-11-01,3463,3507,3362,3400,41287
048910,2002-11-04,3400,3507,3369,3462,52648
048910,2002-11-05,3463,3526,3457,3462,52060
048910,2002-11-06,3526,3646,3501,3626,52477
048910,2002-11-07,3690,3690,3513,3525,51146
048910,2002-11-08,3450,3570,3450,3551,49588
048910,2002-11-11,3501,3803,3501,3708,237955
048910,2002-11-12,3658,3967,3658,3859,267738
048910,2002-11-13,3967,3998,3765,3809,164724
048910,2002-11-14,3822,3923,3746,3916,182728
048910,2002-11-15,4061,4187,3986,3998,424935
048910,2002-11-18,3904,4080,3904,3935,144782
048910,2002-11-19,4030,4300,3979,4155,488015
048910,2002-11-20,4225,4225,4011,4073,155798
048910,2002-11-21,4099,4156,3897,3916,162447
048910,2002-11-22,3967,4105,3904,3954,256335
048910,2002-11-25,3973,3998,3841,3966,167201
048910,2002-11-26,4156,4439,4143,4438,651846
048910,2002-11-27,4407,4672,4250,4634,442986
048910,2002-11-28,4735,4735,4508,4564,251592
048910,2002-11-29,4571,4710,4508,4590,208077
048910,2002-12-02,4596,4987,4584,4911,416676
048910,2002-12-03,4943,4943,4621,4892,218425
048910,2002-12-04,4899,5018,4659,4659,430688
048910,2002-12-05,4659,4924,4470,4923,407396
048910,2002-12-06,4848,5509,4829,5509,678083
048910,2002-12-09,5981,6170,5660,5698,717496
048910,2002-12-10,5547,5950,5257,5950,402757
048910,2002-12-11,6139,6485,5730,5792,625801
048910,2002-12-12,5673,5975,5585,5824,223770
048910,2002-12-13,5761,5906,5667,5691,156981
048910,2002-12-16,5547,5742,5320,5408,149241
048910,2002-12-17,5503,5560,5371,5427,128303
048910,2002-12-18,5320,5427,5226,5270,95318
048910,2002-12-20,5194,5434,5194,5225,122125
048910,2002-12-23,5194,5333,4603,4602,157633
048910,2002-12-24,4376,4508,4061,4268,233628
048910,2002-12-26,4281,4603,4174,4174,152142
048910,2002-12-27,4124,4363,4093,4092,117595
048910,2002-12-30,3998,4030,3601,3601,150072
048910,2003-01-02,3664,4023,3633,4023,176924
048910,2003-01-03,3967,4376,3967,4268,221620
048910,2003-01-06,4502,4502,4256,4489,149248
048910,2003-01-07,4577,4577,4111,4130,198244
048910,2003-01-08,4137,4621,4105,4621,270582
048910,2003-01-09,5100,5176,4917,5175,735458
048910,2003-01-10,5301,5415,4565,4942,551600
048910,2003-01-13,5100,5534,5043,5502,666623
048910,2003-01-14,5440,5629,5232,5389,256848
048910,2003-01-15,5390,5528,5006,5068,209832
048910,2003-01-16,4999,5087,4848,4911,162848
048910,2003-01-17,4798,4905,4370,4470,275018
048910,2003-01-20,4269,4470,4269,4407,104872
048910,2003-01-21,4470,4514,4307,4470,126982
048910,2003-01-22,4357,4470,4143,4401,148858
048910,2003-01-23,4376,4521,4344,4426,129447
048910,2003-01-24,4445,4754,4200,4224,216246
048910,2003-01-27,4093,4477,3967,4061,81992
048910,2003-01-28,4118,4250,4061,4187,106213
048910,2003-01-29,4156,4244,3916,3966,78210
048910,2003-01-30,3967,4093,3935,4017,42184
048910,2003-02-03,3973,4225,3904,4205,70175
048910,2003-02-04,4219,4357,4105,4174,99671
048910,2003-02-05,4124,4212,4061,4092,24058
048910,2003-02-06,4149,4149,3904,3910,58430
048910,2003-02-07,3885,4042,3746,3935,95416
048910,2003-02-10,3872,3986,3834,3834,23497
048910,2003-02-11,3853,3998,3652,3954,106676
048910,2003-02-12,3885,3954,3809,3859,39306
048910,2003-02-13,3860,4042,3816,3821,72061
048910,2003-02-14,3797,3891,3797,3872,26248
048910,2003-02-17,3973,4174,3941,4155,86910
048910,2003-02-18,4149,4156,4030,4098,30811
048910,2003-02-19,4193,4300,4099,4124,113552
048910,2003-02-20,4086,4212,4036,4142,37947
048910,2003-02-21,4111,4187,4030,4155,42234
048910,2003-02-24,4206,4407,4130,4394,139319
048910,2003-02-25,4338,4338,4093,4338,121404
048910,2003-02-26,4407,4407,4206,4218,29917
048910,2003-02-27,4093,4344,3973,4344,33306
048910,2003-02-28,4288,4288,4093,4187,33253
048910,2003-03-03,4130,4212,4124,4149,19981
048910,2003-03-04,4074,4074,3860,3903,43605
048910,2003-03-05,3790,3860,3696,3771,33389
048910,2003-03-06,3715,3935,3683,3714,39254
048910,2003-03-07,3557,3696,3463,3469,33433
048910,2003-03-10,3476,3696,3476,3538,31044
048910,2003-03-11,3583,3583,3369,3374,35776
048910,2003-03-12,3520,3576,3350,3507,54308
048910,2003-03-13,3608,3614,3369,3400,43085
048910,2003-03-14,3557,3746,3482,3494,44492
048910,2003-03-17,3457,3457,3091,3104,21280
048910,2003-03-18,3306,3381,3217,3299,31202
048910,2003-03-19,3243,3507,3243,3406,95597
048910,2003-03-20,3494,3677,3431,3651,40838
048910,2003-03-21,3671,3841,3589,3840,38091
048910,2003-03-24,3872,3872,3652,3677,36313
048910,2003-03-25,3488,3526,3406,3406,29044
048910,2003-03-26,3501,3576,3425,3525,34552
048910,2003-03-27,3444,3526,3343,3418,20676
048910,2003-03-28,3431,3589,3431,3513,41286
048910,2003-03-31,3526,3539,3369,3368,31284
048910,2003-04-01,3400,3431,3337,3400,18385
048910,2003-04-02,3431,3614,3400,3588,56770
048910,2003-04-03,3860,3860,3539,3551,25846
048910,2003-04-04,3482,3614,3463,3557,25585
048910,2003-04-07,3589,3778,3589,3777,71182
048910,2003-04-08,3740,3790,3658,3746,51789
048910,2003-04-09,3696,3709,3564,3576,30529
048910,2003-04-10,3557,3683,3532,3626,48391
048910,2003-04-11,3633,3759,3627,3708,56810
048910,2003-04-14,3746,3935,3709,3891,75745
048910,2003-04-15,4011,4237,3986,4218,155211
048910,2003-04-16,4458,4458,4269,4344,110002
048910,2003-04-17,4225,4332,4225,4331,35401
048910,2003-04-18,4407,4659,4382,4646,91693
048910,2003-04-21,4785,5069,4785,4986,216402
048910,2003-04-22,5031,5031,4754,4911,92094
048910,2003-04-23,5031,5037,4653,4652,113547
048910,2003-04-24,4596,4999,4533,4879,249470
048910,2003-04-25,4666,4785,4294,4294,147802
048910,2003-04-28,4093,4798,4011,4797,166902
048910,2003-04-29,4703,4798,4407,4741,215111
048910,2003-04-30,4659,4754,4363,4363,121314
048910,2003-05-02,4470,4496,4344,4420,97495
048910,2003-05-06,4445,4691,4445,4627,165599
048910,2003-05-07,4634,4785,4565,4564,169838
048910,2003-05-09,4565,4817,4470,4747,132575
048910,2003-05-12,4880,4899,4666,4697,134622
048910,2003-05-13,4741,4829,4414,4426,189416
048910,2003-05-14,4414,4533,4281,4344,157477
048910,2003-05-15,4407,4451,4149,4199,178363
048910,2003-05-16,4124,4212,4093,4155,221519
048910,2003-05-19,4200,4332,4162,4243,173281
048910,2003-05-20,3979,4219,3979,4218,113220
048910,2003-05-21,4281,4281,4093,4205,174499
048910,2003-05-22,4219,4407,4099,4098,190083
048910,2003-05-23,4244,4351,4162,4312,155164
048910,2003-05-26,4376,4659,4313,4470,316223
048910,2003-05-27,4716,4716,4357,4470,384803
048910,2003-05-28,4596,4596,4219,4243,196435
048910,2003-05-29,4281,4559,4162,4231,291917
048910,2003-05-30,4231,4326,4168,4187,112058
048910,2003-06-02,4206,4514,4187,4476,300180
048910,2003-06-03,4533,4596,4395,4438,199815
048910,2003-06-04,4420,4590,4326,4344,157164
048910,2003-06-05,4401,4521,4382,4401,155178
048910,2003-06-09,4464,4666,4433,4590,263251
048910,2003-06-10,4527,4565,4439,4438,144696
048910,2003-06-11,4502,4502,4319,4319,127215
048910,2003-06-12,4376,4414,4313,4344,131525
048910,2003-06-13,4389,4779,4332,4753,429402
048910,2003-06-16,4741,5176,4666,5037,494193
048910,2003-06-17,5194,5194,4980,5100,285147
048910,2003-06-18,5100,5131,4949,5037,142052
048910,2003-06-19,5131,5641,5131,5446,440336
048910,2003-06-20,5402,5667,5264,5477,109227
048910,2003-06-23,5409,5471,4949,4948,152969
048910,2003-06-24,4722,4968,4722,4848,118471
048910,2003-06-25,4848,4999,4848,4974,64626
048910,2003-06-26,4817,5069,4817,4835,103492
048910,2003-06-27,4854,5119,4760,4999,191351
048910,2003-06-30,5037,5377,4987,5377,175012
048910,2003-07-01,5390,5560,5182,5351,203959
048910,2003-07-02,5471,5478,5283,5402,169189
048910,2003-07-03,5484,5950,5453,5477,355151
048910,2003-07-04,5478,5635,5478,5540,104904
048910,2003-07-07,5667,5818,5516,5572,185745
048910,2003-07-08,5604,5660,5251,5282,198280
048910,2003-07-09,5289,5478,5213,5288,104372
048910,2003-07-10,5295,5490,5295,5490,161943
048910,2003-07-11,5509,5730,5490,5540,206098
048910,2003-07-14,5604,6076,5516,5899,404659
048910,2003-07-15,6026,6070,5667,5679,207054
048910,2003-07-16,5761,6032,5667,6012,236396
048910,2003-07-18,5856,5950,5704,5729,142840
048910,2003-07-21,5667,5761,5226,5314,139872
048910,2003-07-22,5289,5339,4905,5162,153213
048910,2003-07-23,5226,5314,5037,5037,69308
048910,2003-07-24,4974,5100,4974,5024,60144
048910,2003-07-25,4924,5081,4886,5068,61363
048910,2003-07-28,5138,5251,5062,5188,108063
048910,2003-07-29,5207,5226,4968,5005,78224
048910,2003-07-30,4974,5163,4943,5037,89600
048910,2003-07-31,5069,5641,5031,5641,879047
048910,2003-08-01,5641,5799,5371,5641,248296
048910,2003-08-04,5723,5950,5604,5729,194934
048910,2003-08-05,5868,5906,5667,5691,155554
048910,2003-08-06,5660,5692,5509,5540,86579
048910,2003-08-07,5465,5811,5465,5798,170984
048910,2003-08-08,5837,5856,5106,5647,147599
048910,2003-08-11,5673,5673,5446,5446,67201
048910,2003-08-12,5453,5553,5150,5162,144783
048910,2003-08-13,5226,5604,5226,5320,104136
048910,2003-08-14,5352,5352,5144,5181,38985
048910,2003-08-18,5144,5220,5037,5150,118556
048910,2003-08-19,5213,5239,4949,4974,135596
048910,2003-08-20,5031,5031,4678,4678,195173
048910,2003-08-21,4710,4999,4710,4772,158487
048910,2003-08-22,4754,4836,4540,4615,98751
048910,2003-08-25,4540,4810,4540,4785,83358
048910,2003-08-26,4779,5006,4779,5005,141151
048910,2003-08-27,5037,5094,4798,4848,84736
048910,2003-08-28,4880,5062,4848,5024,97161
048910,2003-08-29,4722,4817,4426,4451,412493
048910,2003-09-01,4489,4533,4219,4344,234851
048910,2003-09-02,4344,4470,4294,4413,131639
048910,2003-09-03,4426,4533,4389,4388,124319
048910,2003-09-04,4313,4407,4288,4300,83601
048910,2003-09-05,4307,4363,4156,4155,86724
048910,2003-09-08,4156,4231,3809,3840,70956
048910,2003-09-09,3872,3954,3872,3922,37603
048910,2003-09-15,3860,3948,3841,3872,26714
048910,2003-09-16,3872,4030,3872,3947,65125
048910,2003-09-17,4420,4420,4143,4168,258406
048910,2003-09-18,4124,4181,4004,4092,75446
048910,2003-09-19,4181,4181,3910,3922,65116
048910,2003-09-22,3841,3897,3620,3740,104408
048910,2003-09-23,3652,3696,3532,3651,80133
048910,2003-09-24,3664,3696,3627,3677,50404
048910,2003-09-25,3507,4099,3507,3998,182036
048910,2003-09-26,3967,4124,3916,3998,72361
048910,2003-09-29,4124,4124,3948,3998,50133
048910,2003-09-30,3960,4061,3935,3998,64916
048910,2003-10-01,3935,3935,3822,3897,19876
048910,2003-10-02,3923,3935,3797,3834,51050
048910,2003-10-06,3841,3847,3727,3752,41085
048910,2003-10-07,3790,3841,3715,3840,50662
048910,2003-10-08,3897,3935,3797,3897,43478
048910,2003-10-09,3935,4118,3872,3966,79346
048910,2003-10-10,4004,4061,3935,3998,40046
048910,2003-10-13,3973,4067,3948,4023,23996
048910,2003-10-14,4049,4118,4036,4061,36241
048910,2003-10-15,4080,4149,4030,4061,29412
048910,2003-10-16,4061,4124,3998,4086,39395
048910,2003-10-17,4080,4130,3998,4017,33110
048910,2003-10-20,3967,4174,3967,4174,53931
048910,2003-10-21,4174,4244,4030,4061,54648
048910,2003-10-22,4036,4168,4030,4086,44794
048910,2003-10-23,4030,4307,4030,4187,89019
048910,2003-10-24,4130,4470,4130,4464,141946
048910,2003-10-27,4407,4653,4395,4615,126082
048910,2003-10-28,4533,5024,4533,4974,158292
048910,2003-10-29,5031,5157,4880,4967,149236
048910,2003-10-30,4880,5226,4880,5162,132652
048910,2003-10-31,5157,5352,5125,5351,122954
048910,2003-11-03,5409,5667,5308,5603,160018
048910,2003-11-04,5686,5686,5478,5547,105445
048910,2003-11-05,5541,5541,5339,5528,156314
048910,2003-11-06,5597,5597,5383,5509,43919
048910,2003-11-07,5509,5742,5352,5685,91036
048910,2003-11-10,5730,5805,5604,5666,39766
048910,2003-11-11,5667,5780,5654,5691,90862
048910,2003-11-12,5692,5761,5610,5622,71146
048910,2003-11-13,5667,5830,5597,5780,130220
048910,2003-11-14,5780,5818,5692,5710,52687
048910,2003-11-17,5673,5711,5383,5477,60802
048910,2003-11-18,5446,5604,5446,5547,44050
048910,2003-11-19,5541,5541,5415,5477,29701
048910,2003-11-20,5478,5541,5339,5364,72986
048910,2003-11-21,5327,5446,5257,5370,43304
048910,2003-11-24,5352,5503,5257,5477,32527
048910,2003-11-25,5541,5730,5478,5635,41498
048910,2003-11-26,5793,5906,5667,5792,53372
048910,2003-11-27,5673,5843,5673,5792,53626
048910,2003-11-28,5843,5843,5692,5817,55539
048910,2003-12-01,5793,5944,5774,5918,91904
048910,2003-12-02,5919,6013,5862,5918,63736
048910,2003-12-03,5919,5919,5698,5887,40292
048910,2003-12-04,5862,6019,5862,5981,60919
048910,2003-12-05,6013,6145,5931,6069,119101
048910,2003-12-08,6070,6126,6019,6063,40952
048910,2003-12-09,6057,6082,5919,5981,53740
048910,2003-12-10,5919,5981,5906,5981,54432
048910,2003-12-11,5919,6032,5900,5975,31557
048910,2003-12-12,5874,5963,5811,5880,45764
048910,2003-12-15,5912,5912,5761,5805,49594
048910,2003-12-16,5805,5805,5654,5729,45226
048910,2003-12-17,5761,5824,5604,5603,35805
048910,2003-12-18,5604,5698,5396,5414,35751
048910,2003-12-19,5383,5667,5383,5465,19428
048910,2003-12-22,5597,5597,5352,5408,31169
048910,2003-12-23,5415,5415,5194,5194,16344
048910,2003-12-24,5194,5308,5037,5118,42575
048910,2003-12-26,5043,5163,4754,4848,47257
048910,2003-12-29,4880,4880,4659,4753,50559
048910,2003-12-30,4817,4854,4710,4835,37713
048910,2004-01-02,4842,5024,4842,5024,40453
048910,2004-01-05,4930,4999,4867,4948,27750
048910,2004-01-06,4949,4949,4609,4829,86566
048910,2004-01-07,4817,4848,4609,4659,50759
048910,2004-01-08,4659,4659,4219,4281,122459
048910,2004-01-09,4281,4281,3960,4105,140981
048910,2004-01-12,4093,4093,3973,3972,47047
048910,2004-01-13,3973,4118,3935,4092,95738
048910,2004-01-14,4124,4263,4061,4117,87216
048910,2004-01-15,4099,4206,3992,3991,65426
048910,2004-01-16,4004,4093,3809,3966,53580
048910,2004-01-19,3960,4143,3879,4142,158444
048910,2004-01-20,4187,4206,4130,4187,36886
048910,2004-01-26,4162,4187,4080,4168,31127
048910,2004-01-27,4118,4231,4118,4155,34020
048910,2004-01-28,4156,4344,4156,4300,40385
048910,2004-01-29,4219,4357,4212,4357,27588
048910,2004-01-30,4288,4389,4288,4363,21613
048910,2004-02-02,4307,4451,4307,4375,39822
048910,2004-02-03,4307,4382,4099,4161,50573
048910,2004-02-04,4074,4332,3992,4073,194696
048910,2004-02-05,3998,4099,3986,3991,33843
048910,2004-02-06,3973,4042,3904,3954,45621
048910,2004-02-09,3967,4030,3847,3903,68238
048910,2004-02-10,3860,3923,3778,3859,119503
048910,2004-02-11,3923,4300,3822,4300,208441
048910,2004-02-12,4470,4470,4093,4111,112636
048910,2004-02-13,4168,4300,4162,4218,72229
048910,2004-02-16,4162,4275,4111,4155,56353
048910,2004-02-17,4143,4212,4093,4098,29128
048910,2004-02-18,4061,4093,3960,3972,42839
048910,2004-02-19,3960,4030,3904,3972,32396
048910,2004-02-20,3910,4111,3910,4073,27358
048910,2004-02-23,4036,4168,4036,4092,27699
048910,2004-02-24,4067,4162,3986,4073,26365
048910,2004-02-25,4030,4086,3916,3966,28001
048910,2004-02-26,3935,4080,3935,3960,32056
048910,2004-02-27,3941,4193,3904,4187,103012
048910,2004-03-02,4187,4281,4137,4187,35683
048910,2004-03-03,4294,4684,4187,4325,431285
048910,2004-03-04,4376,4376,4111,4218,78673
048910,2004-03-05,4162,4219,4017,4048,156954
048910,2004-03-08,4049,4067,3960,3998,58401
048910,2004-03-09,3954,4030,3923,3966,59324
048910,2004-03-10,3941,4049,3904,3903,49810
048910,2004-03-11,3885,3960,3885,3922,114522
048910,2004-03-12,3910,3941,3457,3746,137300
048910,2004-03-15,3778,3778,3652,3651,37576
048910,2004-03-16,3589,3841,3476,3840,135957
048910,2004-03-17,3759,3967,3759,3966,159478
048910,2004-03-18,4061,4099,3960,3972,62157
048910,2004-03-19,3967,4023,3904,3972,49408
048910,2004-03-22,4030,4030,3809,3972,45358
048910,2004-03-23,3860,3960,3841,3954,15885
048910,2004-03-24,3954,3973,3847,3947,19525
048910,2004-03-25,3853,3948,3715,3947,63491
048910,2004-03-26,3904,3948,3828,3840,35599
048910,2004-03-29,3847,3885,3809,3834,30331
048910,2004-03-30,3816,3885,3797,3834,28070
048910,2004-03-31,3809,3935,3809,3935,21973
048910,2004-04-01,3879,3935,3834,3834,15205
048910,2004-04-02,3834,3935,3828,3928,38633
048910,2004-04-06,3992,4030,3916,3972,81509
048910,2004-04-07,4004,4030,3904,3903,24904
048910,2004-04-08,3910,3954,3885,3884,36374
048910,2004-04-09,3885,3929,3872,3903,26724
048910,2004-04-12,3860,4118,3860,3966,58164
048910,2004-04-13,3967,3967,3834,3840,87402
048910,2004-04-14,3847,3910,3784,3840,29264
048910,2004-04-16,3803,3841,3746,3771,32014
048910,2004-04-19,3721,3803,3664,3771,43442
048910,2004-04-20,3715,3746,3702,3733,34362
048910,2004-04-21,3652,3841,3652,3765,23786
048910,2004-04-22,3790,3790,3715,3758,34540
048910,2004-04-23,3778,3866,3759,3847,106256
048910,2004-04-26,3828,3998,3822,3935,113245
048910,2004-04-27,3998,4401,3973,4382,321009
048910,2004-04-28,4382,4754,4156,4482,484453
048910,2004-04-29,4470,4483,4099,4375,91517
048910,2004-04-30,4250,4395,4225,4344,49210
048910,2004-05-03,4237,4389,4162,4161,57936
048910,2004-05-04,4099,4269,4080,4168,80272
048910,2004-05-06,4124,4168,3904,3960,68740
048910,2004-05-07,3960,3960,3759,3828,42538
048910,2004-05-10,3778,3866,3400,3632,84289
048910,2004-05-11,3564,3570,3243,3368,92042
048910,2004-05-12,3369,3513,3337,3462,55217
048910,2004-05-13,3337,3444,3274,3343,91399
048910,2004-05-14,3337,3400,3085,3116,73499
048910,2004-05-17,3148,3148,2833,2959,134791
048910,2004-05-18,3085,3192,2959,3104,197031
048910,2004-05-19,3199,3236,3142,3148,88569
048910,2004-05-20,3129,3129,2972,2978,79530
048910,2004-05-21,2944,3085,2944,3072,50525
048910,2004-05-24,3123,3400,3085,3343,91389
048910,2004-05-25,3249,3318,3186,3204,43731
048910,2004-05-27,3274,3356,3236,3274,73748
048910,2004-05-28,3312,3362,3268,3330,41414
048910,2004-05-31,3293,3356,3104,3122,62722
048910,2004-06-01,3154,3173,3114,3122,40299
048910,2004-06-02,3123,3123,3066,3066,34328
048910,2004-06-03,3069,3186,2978,2978,46915
048910,2004-06-04,2928,3000,2928,2978,26160
048910,2004-06-07,2959,3038,2959,3034,29362
048910,2004-06-08,3117,3117,3010,3009,39310
048910,2004-06-09,3016,3054,2953,2990,34397
048910,2004-06-10,2991,3173,2947,3173,95098
048910,2004-06-11,3180,3230,2947,3009,88083
048910,2004-06-14,2833,2972,2783,2915,34339
048910,2004-06-15,2846,2921,2758,2792,47482
048910,2004-06-16,2780,2824,2758,2757,50918
048910,2004-06-17,2726,2796,2720,2767,9074
048910,2004-06-18,2726,2770,2657,2669,23194
048910,2004-06-21,2928,2988,2833,2981,163189
048910,2004-06-22,3085,3085,2833,2896,51943
048910,2004-06-23,2896,2896,2739,2745,22589
048910,2004-06-24,2821,2833,2707,2738,35547
048910,2004-06-25,2733,2824,2733,2820,28566
048910,2004-06-28,2777,2824,2745,2782,22429
048910,2004-06-29,2726,2824,2726,2811,9300
048910,2004-06-30,2833,2918,2783,2918,23338
048910,2004-07-01,2928,2928,2846,2883,22796
048910,2004-07-02,2859,2881,2786,2864,14149
048910,2004-07-05,2808,2877,2808,2830,10941
048910,2004-07-06,2814,2855,2792,2814,30352
048910,2004-07-07,2764,2770,2704,2738,36845
048910,2004-07-08,2739,2786,2689,2707,40301
048910,2004-07-09,2707,2959,2707,2880,42366
048910,2004-07-12,2852,2991,2852,2855,15247
048910,2004-07-13,2846,2896,2786,2801,10314
048910,2004-07-14,2720,2802,2720,2789,19427
048910,2004-07-15,2814,2865,2695,2830,29048
048910,2004-07-16,2789,2877,2789,2852,6344
048910,2004-07-19,2814,2865,2808,2864,4512
048910,2004-07-20,2796,2871,2796,2795,7268
048910,2004-07-21,2836,2928,2818,2833,17412
048910,2004-07-22,2774,2877,2770,2770,20715
048910,2004-07-23,2789,2802,2695,2764,22288
048910,2004-07-26,2711,2742,2698,2723,8324
048910,2004-07-27,2707,2723,2641,2701,20982
048910,2004-07-28,2663,2739,2644,2672,19454
048910,2004-07-29,2613,2644,2424,2455,23940
048910,2004-07-30,2456,2487,2415,2455,16575
048910,2004-08-02,2424,2437,2185,2184,32197
048910,2004-08-03,2216,2235,2106,2228,35844
048910,2004-08-04,2188,2349,2059,2080,167267
048910,2004-08-05,2087,2116,2065,2106,104563
048910,2004-08-06,2031,2040,1990,1992,81139
048910,2004-08-09,2053,2131,2024,2043,95161
048910,2004-08-10,1946,2015,1946,2008,69643
048910,2004-08-11,2021,2097,2015,2036,55765
048910,2004-08-12,2037,2131,2027,2036,67465
048910,2004-08-13,2021,2078,2021,2062,18975
048910,2004-08-16,2046,2084,1993,2008,26442
048910,2004-08-17,2002,2027,1980,1983,51541
048910,2004-08-18,1983,2002,1949,1951,32763
048910,2004-08-19,1961,1999,1961,1986,32448
048910,2004-08-20,1958,1999,1955,1973,13245
048910,2004-08-23,1990,2009,1983,1986,17998
048910,2004-08-24,1986,2037,1986,2017,22630
048910,2004-08-25,2065,2065,2015,2024,32093
048910,2004-08-26,2049,2267,2027,2266,158457
048910,2004-08-27,2267,2279,2172,2191,48474
048910,2004-08-30,2204,2204,2116,2115,38080
048910,2004-08-31,2084,2160,2084,2140,19339
048910,2004-09-01,2153,2304,2147,2260,47661
048910,2004-09-02,2260,2295,2248,2254,36418
048910,2004-09-03,2270,2298,2175,2203,25454
048910,2004-09-06,2204,2204,2084,2140,38492
048910,2004-09-07,2119,2191,2119,2128,8020
048910,2004-09-08,2138,2254,2138,2159,23723
048910,2004-09-09,2197,2241,2172,2172,23621
048910,2004-09-10,2197,2207,2160,2200,7996
048910,2004-09-13,2179,2254,2179,2222,31339
048910,2004-09-14,2282,2292,2201,2206,20691
048910,2004-09-15,2254,2282,2204,2206,19688
048910,2004-09-16,2219,2223,2172,2200,18403
048910,2004-09-17,2204,2286,2201,2266,32922
048910,2004-09-20,2292,2374,2273,2329,47335
048910,2004-09-21,2342,2424,2330,2354,30043
048910,2004-09-22,2364,2380,2235,2241,30188
048910,2004-09-23,2204,2235,2153,2172,22340
048910,2004-09-24,2128,2201,2128,2191,10962
048910,2004-09-30,2191,2235,2175,2184,25677
048910,2004-10-01,2191,2191,2084,2121,28407
048910,2004-10-04,2141,2160,2109,2115,42194
048910,2004-10-05,2128,2169,2112,2140,43961
048910,2004-10-06,2160,2169,2116,2115,25701
048910,2004-10-07,2116,2134,2081,2102,41559
048910,2004-10-08,2103,2116,2062,2062,22147
048910,2004-10-11,2034,2147,2034,2077,83812
048910,2004-10-12,2071,2097,2034,2046,16751
048910,2004-10-13,2046,2065,2027,2030,33258
048910,2004-10-14,2031,2046,2015,2014,69353
048910,2004-10-15,2009,2027,1996,2021,3150
048910,2004-10-18,1996,2031,1952,1973,29272
048910,2004-10-19,1980,2015,1946,1983,36683
048910,2004-10-20,1983,2002,1949,1955,15123
048910,2004-10-21,1933,1974,1857,1888,36613
048910,2004-10-22,1889,1889,1810,1825,17428
048910,2004-10-25,1813,1813,1722,1728,41234
048910,2004-10-26,1760,1772,1728,1731,41025
048910,2004-10-27,1735,1763,1681,1681,16286
048910,2004-10-28,1687,1763,1681,1681,55454
048910,2004-10-29,1681,1700,1640,1696,33150
048910,2004-11-01,1697,1731,1681,1731,24012
048910,2004-11-02,1741,1763,1706,1747,38829
048910,2004-11-03,1754,1782,1731,1781,14251
048910,2004-11-04,1788,1813,1782,1794,28222
048910,2004-11-05,1801,1908,1788,1907,37968
048910,2004-11-08,1939,1980,1870,1945,37493
048910,2004-11-09,1939,1980,1892,1926,48145
048910,2004-11-10,1927,1946,1864,1926,21349
048910,2004-11-11,1901,1964,1857,1904,34551
048910,2004-11-12,1889,1911,1861,1895,60700
048910,2004-11-15,1927,1946,1842,1920,26896
048910,2004-11-16,1939,1939,1864,1917,29072
048910,2004-11-17,1892,1939,1889,1917,13889
048910,2004-11-18,1892,2097,1889,2033,57185
048910,2004-11-19,2046,2235,2015,2159,83249
048910,2004-11-22,2179,2197,2122,2187,29798
048910,2004-11-23,2197,2251,2172,2235,52149
048910,2004-11-24,2238,2487,2238,2367,270528
048910,2004-11-25,2342,2478,2273,2446,87073
048910,2004-11-26,2437,2437,2317,2405,44633
048910,2004-11-29,2367,2402,2216,2216,84469
048910,2004-11-30,2191,2260,2144,2225,33576
048910,2004-12-01,2185,2361,2185,2354,35800
048910,2004-12-02,2311,2408,2311,2408,99770
048910,2004-12-03,2389,2619,2389,2584,80016
048910,2004-12-06,2581,2604,2487,2556,38431
048910,2004-12-07,2519,2657,2519,2609,64199
048910,2004-12-08,2660,2660,2544,2581,26213
048910,2004-12-09,2581,2613,2481,2480,37699
048910,2004-12-10,2519,2547,2446,2446,23219
048910,2004-12-13,2478,2572,2424,2424,25119
048910,2004-12-14,2430,2487,2336,2474,49954
048910,2004-12-15,2437,2600,2437,2568,107153
048910,2004-12-16,2597,2597,2506,2518,25393
048910,2004-12-17,2544,2550,2421,2512,19176
048910,2004-12-20,2512,2600,2512,2600,80745
048910,2004-12-21,2613,2644,2528,2565,51539
048910,2004-12-22,2534,2654,2534,2650,107384
048910,2004-12-23,2651,2726,2594,2631,67092
048910,2004-12-24,2635,2770,2581,2641,140559
048910,2004-12-27,2641,2701,2563,2644,74002
048910,2004-12-28,2641,2657,2493,2499,120301
048910,2004-12-29,2424,2487,2393,2411,117620
048910,2004-12-30,2418,2519,2418,2518,30269
048910,2005-01-03,2519,2537,2468,2499,47850
048910,2005-01-04,2500,2515,2443,2480,110876
048910,2005-01-05,2465,2736,2443,2663,242998
048910,2005-01-06,2666,2720,2629,2682,153805
048910,2005-01-07,2682,2947,2682,2871,329602
048910,2005-01-10,2947,3041,2758,2883,387003
048910,2005-01-11,2833,2884,2745,2745,83324
048910,2005-01-12,2723,2739,2692,2697,116290
048910,2005-01-13,2698,2786,2698,2782,102047
048910,2005-01-14,2780,2859,2780,2795,81015
048910,2005-01-17,2802,2890,2802,2823,130435
048910,2005-01-18,2865,3161,2814,2959,462679
048910,2005-01-19,3006,3016,2918,2965,114543
048910,2005-01-20,2928,2997,2881,2965,106994
048910,2005-01-21,2921,2984,2921,2952,79647
048910,2005-01-24,2978,3173,2978,3066,186180
048910,2005-01-25,3066,3098,2959,3009,141598
048910,2005-01-26,3035,3047,2928,2975,213075
048910,2005-01-27,2972,2991,2840,2845,70374
048910,2005-01-28,2928,2947,2852,2874,152925
048910,2005-01-31,2865,2991,2865,2959,90417
048910,2005-02-01,2991,3073,2969,3015,150528
048910,2005-02-02,3095,3123,2915,2949,70441
048910,2005-02-03,2947,2959,2865,2871,41608
048910,2005-02-04,2843,3085,2843,2946,301587
048910,2005-02-07,2959,3016,2921,2946,79352
048910,2005-02-11,2947,2978,2896,2905,131034
048910,2005-02-14,2915,3076,2915,2959,283228
048910,2005-02-15,2978,2981,2903,2952,89112
048910,2005-02-16,2978,2978,2909,2908,157591
048910,2005-02-17,2909,2944,2821,2820,123769
048910,2005-02-18,2802,2830,2770,2820,147177
048910,2005-02-21,2802,2830,2789,2820,76676
048910,2005-02-22,2814,2956,2814,2896,132734
048910,2005-02-23,2852,2921,2852,2877,56217
048910,2005-02-24,2884,2918,2780,2823,248510
048910,2005-02-25,2792,2852,2707,2716,173080
048910,2005-02-28,2714,2739,2673,2716,89811
048910,2005-03-02,2726,2758,2695,2751,89410
048910,2005-03-03,2764,2821,2673,2742,94905
048910,2005-03-04,2789,2896,2745,2845,212252
048910,2005-03-07,2846,2846,2707,2738,80622
048910,2005-03-08,2644,2644,2411,2430,300517
048910,2005-03-09,2267,2449,2267,2342,115413
048910,2005-03-10,2352,2418,2304,2342,44467
048910,2005-03-11,2342,2383,2267,2342,61699
048910,2005-03-14,2308,2349,2292,2345,53585
048910,2005-03-15,2317,2352,2298,2317,41276
048910,2005-03-16,2267,2317,2229,2285,56670
048910,2005-03-17,2282,2282,2166,2178,102983
048910,2005-03-18,2103,2185,2103,2165,54793
048910,2005-03-21,2141,2185,2131,2172,38410
048910,2005-03-22,2141,2210,2141,2184,59460
048910,2005-03-23,2144,2204,2144,2184,30790
048910,2005-03-24,2182,2185,2144,2178,18319
048910,2005-03-25,2150,2188,2128,2169,42302
048910,2005-03-28,2169,2197,2134,2134,150661
048910,2005-03-29,2166,2188,2112,2150,63246
048910,2005-03-30,2116,2179,2116,2153,23783
048910,2005-03-31,2172,2264,2172,2210,59262
048910,2005-04-01,2204,2238,2163,2191,40165
048910,2005-04-04,2153,2204,2153,2162,33542
048910,2005-04-06,2163,2172,2125,2131,38267
048910,2005-04-07,2087,2185,2078,2140,81906
048910,2005-04-08,2191,2191,2112,2165,26765
048910,2005-04-11,2138,2185,2109,2115,22523
048910,2005-04-12,2100,2141,2100,2118,42686
048910,2005-04-13,2100,2128,2071,2096,33483
048910,2005-04-14,2071,2112,2049,2058,31674
048910,2005-04-15,2059,2078,1971,2033,63593
048910,2005-04-18,1952,2059,1908,1989,64363
048910,2005-04-19,1930,1983,1848,1888,42149
048910,2005-04-20,1920,1930,1835,1857,79745
048910,2005-04-21,1845,1905,1794,1895,93871
048910,2005-04-22,1895,1920,1889,1895,49338
048910,2005-04-25,1895,1905,1876,1901,20560
048910,2005-04-26,1901,1914,1889,1895,42664
048910,2005-04-27,1933,2172,1895,1951,88391
048910,2005-04-28,1933,2015,1933,1986,35748
048910,2005-04-29,1936,2009,1930,1983,14788
048910,2005-05-02,2015,2065,1968,2065,40086
048910,2005-05-03,2109,2128,2021,2062,54144
048910,2005-05-04,2043,2090,2043,2074,13707
048910,2005-05-06,2037,2106,2037,2065,29441
048910,2005-05-09,2059,2078,1990,2055,27138
048910,2005-05-10,2075,2103,2040,2052,17356
048910,2005-05-11,2021,2065,1996,2030,19697
048910,2005-05-12,2046,2122,2040,2084,15517
048910,2005-05-13,2084,2179,2078,2109,26713
048910,2005-05-16,2131,2254,2128,2222,42778
048910,2005-05-17,2204,2317,2172,2210,21868
048910,2005-05-18,2210,2257,2078,2187,16268
048910,2005-05-19,2194,2194,2090,2115,36459
048910,2005-05-20,2235,2264,2128,2178,36555
048910,2005-05-23,2166,2229,2147,2147,45440
048910,2005-05-24,2134,2204,2109,2112,23353
048910,2005-05-25,2141,2141,2081,2109,36522
048910,2005-05-26,2078,2169,2078,2159,31087
048910,2005-05-27,2179,2336,2179,2298,145248
048910,2005-05-30,2440,2641,2427,2641,285762
048910,2005-05-31,2726,2770,2556,2732,251450
048910,2005-06-01,2707,2991,2679,2764,212894
048910,2005-06-02,2808,2808,2644,2682,70974
048910,2005-06-03,2644,2707,2544,2581,91041
048910,2005-06-07,2581,2966,2581,2701,197906
048910,2005-06-08,2695,2849,2588,2764,110246
048910,2005-06-09,2833,3173,2802,3173,511102
048910,2005-06-10,3110,3337,3035,3116,203684
048910,2005-06-13,3173,3551,3091,3091,588532
048910,2005-06-14,3123,3148,2928,2940,105622
048910,2005-06-15,2871,2928,2707,2786,119212
048910,2005-06-16,2833,2852,2670,2757,282232
048910,2005-06-17,2777,2802,2660,2726,91150
048910,2005-06-20,2770,2903,2729,2827,134754
048910,2005-06-21,2852,2940,2632,2694,110880
048910,2005-06-22,2676,2748,2581,2691,78546
048910,2005-06-23,2676,2852,2676,2770,91662
048910,2005-06-24,2799,3054,2739,3022,201990
048910,2005-06-27,3306,3306,3136,3255,234213
048910,2005-06-28,3337,3343,3079,3116,151596
048910,2005-06-29,3324,3583,3243,3393,909178
048910,2005-06-30,3293,3450,3261,3355,260875
048910,2005-07-01,3394,3394,3095,3185,213602
048910,2005-07-04,3154,3261,3091,3242,149377
048910,2005-07-05,3205,3211,3069,3148,169079
048910,2005-07-06,3192,3318,3117,3126,100290
048910,2005-07-07,3217,3217,3047,3047,105994
048910,2005-07-08,3029,3199,3010,3192,116545
048910,2005-07-11,3211,3299,3167,3198,137345
048910,2005-07-12,3199,3199,3054,3056,98199
048910,2005-07-13,3029,3085,2874,2896,113776
048910,2005-07-14,2896,2959,2783,2883,107590
048910,2005-07-15,2846,2899,2802,2845,64828
048910,2005-07-18,2846,3022,2770,2946,152138
048910,2005-07-19,2966,3035,2915,2984,38667
048910,2005-07-20,3022,3022,2896,2921,85790
048910,2005-07-21,2978,3085,2896,2959,74720
048910,2005-07-22,2940,3060,2921,3047,81584
048910,2005-07-25,3022,3261,3022,3198,159723
048910,2005-07-26,3268,3268,3129,3192,47794
048910,2005-07-27,3199,3261,3136,3185,109698
048910,2005-07-28,3243,3658,3180,3658,333556
048910,2005-07-29,3683,3702,3507,3626,147811
048910,2005-08-01,3633,3967,3627,3714,166763
048910,2005-08-02,3715,3746,3444,3444,171038
048910,2005-08-03,3444,3501,3337,3400,83620
048910,2005-08-04,3287,3356,3117,3211,108774
048910,2005-08-05,3060,3142,2739,2918,152490
048910,2005-08-08,2928,3047,2928,2959,62771
048910,2005-08-09,3022,3180,3010,3119,93278
048910,2005-08-10,3154,3268,3085,3104,60029
048910,2005-08-11,3148,3268,3022,3167,199536
048910,2005-08-12,3205,3205,3117,3185,52851
048910,2005-08-16,3117,3145,2966,2965,60949
048910,2005-08-17,2915,3035,2868,2971,29377
048910,2005-08-18,2928,3016,2840,2839,58949
048910,2005-08-19,2777,2865,2707,2864,62016
048910,2005-08-22,2792,3010,2792,2940,29330
048910,2005-08-23,3054,3054,2877,2946,26465
048910,2005-08-24,2852,2956,2843,2842,26455
048910,2005-08-25,2871,2896,2796,2801,25070
048910,2005-08-26,2770,2846,2651,2770,36834
048910,2005-08-29,2707,2758,2424,2600,53424
048910,2005-08-30,2670,2670,2424,2474,63777
048910,2005-08-31,2411,2544,2411,2518,29131
048910,2005-09-01,2550,2626,2519,2590,25909
048910,2005-09-02,2563,2626,2550,2568,27836
048910,2005-09-05,2556,2689,2550,2638,23146
048910,2005-09-06,2657,2670,2581,2638,33278
048910,2005-09-07,2619,2676,2619,2669,28927
048910,2005-09-08,2670,2704,2632,2631,20424
048910,2005-09-09,2581,2632,2544,2594,27972
048910,2005-09-12,2613,2638,2563,2572,27386
048910,2005-09-13,2581,2581,2496,2521,38837
048910,2005-09-14,2531,2783,2519,2723,50330
048910,2005-09-15,2707,2770,2632,2675,32808
048910,2005-09-16,2585,2745,2585,2738,26945
048910,2005-09-20,2679,2777,2679,2738,41170
048910,2005-09-21,2739,2830,2644,2735,57319
048910,2005-09-22,2707,2896,2676,2770,36588
048910,2005-09-23,2770,2862,2729,2861,30515
048910,2005-09-26,2833,2890,2796,2852,24201
048910,2005-09-27,2890,2890,2802,2864,14377
048910,2005-09-28,2836,2896,2780,2893,37257
048910,2005-09-29,2884,2928,2840,2871,16921
048910,2005-09-30,2890,2890,2783,2849,28550
048910,2005-10-04,2811,2884,2789,2833,57847
048910,2005-10-05,2896,3255,2884,3242,376155
048910,2005-10-06,3180,3186,3029,3116,132506
048910,2005-10-07,3085,3192,3085,3110,65312
048910,2005-10-10,3104,3261,3104,3148,132151
048910,2005-10-11,3123,3274,3123,3274,76581
048910,2005-10-12,3274,3419,3154,3185,108993
048910,2005-10-13,3217,3217,2950,2990,127080
048910,2005-10-14,2997,3051,2940,2940,46867
048910,2005-10-17,2934,2984,2786,2896,84140
048910,2005-10-18,2852,2931,2833,2877,34902
048910,2005-10-19,2814,3029,2805,3015,116100
048910,2005-10-20,3016,3274,2972,3129,93991
048910,2005-10-21,3073,3268,3073,3154,66384
048910,2005-10-24,3154,3413,3154,3242,65654
048910,2005-10-25,3331,3331,3117,3179,51264
048910,2005-10-26,3161,3192,3098,3160,22794
048910,2005-10-27,3142,3274,3142,3179,87718
048910,2005-10-28,3110,3268,3110,3198,17573
048910,2005-10-31,3243,3369,3243,3267,68806
048910,2005-11-01,3243,3526,3243,3462,136728
048910,2005-11-02,3494,3526,3400,3494,107064
048910,2005-11-03,3532,3557,3369,3525,82721
048910,2005-11-04,3589,3715,3557,3651,114367
048910,2005-11-07,3715,3715,3589,3620,54057
048910,2005-11-08,3601,3715,3526,3620,123067
048910,2005-11-09,3620,4074,3620,3834,227677
048910,2005-11-10,3948,3948,3753,3809,81634
048910,2005-11-11,3841,3841,3734,3771,94817
048910,2005-11-14,3803,3847,3715,3777,50991
048910,2005-11-15,3809,3809,3557,3784,104775
048910,2005-11-16,3715,3853,3715,3828,74555
048910,2005-11-17,3803,3998,3778,3922,51624
048910,2005-11-18,3960,4181,3916,3998,80764
048910,2005-11-21,4030,4093,3847,3954,64479
048910,2005-11-22,3910,4067,3872,4035,47755
048910,2005-11-23,4093,4250,4093,4193,89109
048910,2005-11-24,4256,4659,4250,4476,104269
048910,2005-11-25,4483,4584,4363,4489,63030
048910,2005-11-28,4489,4521,4395,4470,46320
048910,2005-11-29,4420,4691,4420,4690,85248
048910,2005-11-30,4722,4836,4603,4778,53338
048910,2005-12-01,4779,4873,4722,4791,40550
048910,2005-12-02,4817,4848,4666,4722,56484
048910,2005-12-05,4722,4722,4540,4684,117927
048910,2005-12-06,4691,4691,4508,4508,149896
048910,2005-12-07,4508,4514,4344,4501,81158
048910,2005-12-08,4376,4559,4376,4495,42002
048910,2005-12-09,4533,4829,4489,4690,73493
048910,2005-12-12,4829,4899,4735,4835,55030
048910,2005-12-13,4766,4848,4659,4816,69462
048910,2005-12-14,4729,4848,4729,4760,37789
048910,2005-12-15,4848,4848,4659,4804,46728
048910,2005-12-16,4596,4785,4540,4722,62497
048910,2005-12-19,4621,4911,4533,4911,108013
048910,2005-12-20,4930,5087,4911,5005,160866
048910,2005-12-21,4930,5056,4880,4911,68365
048910,2005-12-22,4980,5037,4628,4690,75368
048910,2005-12-23,4552,4653,4344,4527,78337
048910,2005-12-26,4414,4634,4414,4470,80394
048910,2005-12-27,4489,4489,4067,4092,105911
048910,2005-12-28,4036,4093,3847,3935,83519
048910,2005-12-29,3967,4219,3967,4218,89477
048910,2006-01-02,4219,4275,4093,4205,67016
048910,2006-01-03,4401,4401,4130,4243,75278
048910,2006-01-04,4162,4489,4162,4464,98504
048910,2006-01-05,4533,4653,4401,4476,93479
048910,2006-01-06,4514,4609,4407,4608,53681
048910,2006-01-09,4609,5283,4577,5162,150956
048910,2006-01-10,5163,5799,5163,5679,276432
048910,2006-01-11,5786,5824,5478,5603,139815
048910,2006-01-12,5604,5975,5497,5679,200627
048910,2006-01-13,5824,5824,5604,5616,69112
048910,2006-01-16,5667,5730,5352,5484,101519
048910,2006-01-17,5541,5591,5402,5465,58419
048910,2006-01-18,5358,5465,4729,5282,110420
048910,2006-01-19,5352,5434,5270,5351,51997
048910,2006-01-20,5320,5824,5295,5414,142387
048910,2006-01-23,5289,5289,4817,4841,91322
048910,2006-01-24,4867,5289,4842,5074,61607
048910,2006-01-25,5012,5289,5012,5194,31407
048910,2006-01-26,5094,5471,5094,5414,44489
048910,2006-01-27,5478,5667,5446,5666,53240
048910,2006-01-31,5755,5793,5478,5660,30385
048910,2006-02-01,5667,5667,5226,5257,68018
048910,2006-02-02,5358,5534,5232,5534,90582
048910,2006-02-03,5415,5528,5320,5452,58447
048910,2006-02-06,5453,5534,5371,5509,42505
048910,2006-02-07,5446,5509,5402,5408,58337
048910,2006-02-08,5333,5409,5106,5131,92401
048910,2006-02-09,5157,5257,4886,4885,73307
048910,2006-02-10,4754,5031,4628,4753,95449
048910,2006-02-13,4716,4943,4697,4697,53904
048910,2006-02-14,4640,4716,4477,4665,26801
048910,2006-02-15,4659,4779,4376,4375,75012
048910,2006-02-16,4294,4659,4231,4659,79797
048910,2006-02-17,4666,4754,4439,4564,58443
048910,2006-02-20,4502,4596,4237,4237,87164
048910,2006-02-21,4237,4407,4156,4218,71258
048910,2006-02-22,4275,4275,3986,4092,96914
048910,2006-02-23,4149,4281,4042,4275,72663
048910,2006-02-24,4231,4351,4156,4350,49482
048910,2006-02-27,4294,4426,4294,4325,58797
048910,2006-02-28,4344,4401,4187,4275,52336
048910,2006-03-02,4338,4338,4118,4117,38512
048910,2006-03-03,4023,4187,4004,4111,106467
048910,2006-03-06,4187,4596,4149,4596,132270
048910,2006-03-07,4659,4943,4514,4722,83440
048910,2006-03-08,4722,5421,4722,5225,183600
048910,2006-03-09,5163,5465,5163,5427,157831
048910,2006-03-10,5377,5453,5270,5377,108070
048910,2006-03-13,5352,5471,4980,5137,115644
048910,2006-03-14,5113,5320,5081,5106,110284
048910,2006-03-15,5119,5176,5069,5112,85004
048910,2006-03-16,5006,5157,4754,4816,104669
048910,2006-03-17,4729,4848,4552,4552,59701
048910,2006-03-20,4552,4930,4552,4778,79260
048910,2006-03-21,4848,4930,4785,4785,58742
048910,2006-03-22,4729,4817,4502,4520,35144
048910,2006-03-23,4477,4615,4407,4407,51906
048910,2006-03-24,4363,4653,4363,4596,34207
048910,2006-03-27,4565,4722,4376,4407,54694
048910,2006-03-28,4407,4502,4300,4375,32959
048910,2006-03-29,4370,4433,4256,4294,27746
048910,2006-03-30,4300,4533,4300,4501,21016
048910,2006-03-31,4502,4552,4470,4533,31596
048910,2006-04-03,4533,4596,4521,4527,33635
048910,2006-04-04,4565,4590,4508,4533,26952
048910,2006-04-05,4596,4666,4502,4514,59656
048910,2006-04-06,4514,4565,4464,4514,29252
048910,2006-04-07,4514,4565,4464,4558,29895
048910,2006-04-10,4508,4565,4464,4539,34145
048910,2006-04-11,4533,4666,4521,4533,47134
048910,2006-04-12,4540,4703,4533,4652,61589
048910,2006-04-13,4691,4741,4640,4690,37478
048910,2006-04-14,4804,5018,4779,4974,88554
048910,2006-04-17,4930,5251,4930,5194,77744
048910,2006-04-18,5113,5308,4949,5093,49748
048910,2006-04-19,5138,5213,5031,5087,46781
048910,2006-04-20,5100,5194,4854,4911,55777
048910,2006-04-21,4817,4974,4747,4835,47435
048910,2006-04-24,4836,4836,4609,4722,43623
048910,2006-04-25,4722,4817,4621,4659,35947
048910,2006-04-26,4647,4741,4621,4627,52872
048910,2006-04-27,4628,4741,4590,4659,49663
048910,2006-04-28,4603,4703,4464,4501,45673
048910,2006-05-02,4533,4552,4313,4312,41884
048910,2006-05-03,4389,4401,4231,4231,48033
048910,2006-05-04,4313,4313,4162,4294,35490
048910,2006-05-08,4313,4344,4244,4268,18907
048910,2006-05-09,4269,4470,4244,4426,70168
048910,2006-05-10,4439,4439,4281,4407,21276
048910,2006-05-11,4433,4464,4212,4281,56721
048910,2006-05-12,4206,4219,3998,4042,54334
048910,2006-05-15,4030,4118,3784,4029,47296
048910,2006-05-16,3948,4042,3671,3777,56987
048910,2006-05-17,3734,3784,3463,3651,44729
048910,2006-05-18,3589,3620,3400,3462,42606
048910,2006-05-19,3463,3746,3463,3714,37984
048910,2006-05-22,3709,3834,3469,3469,21941
048910,2006-05-23,3425,3646,3375,3620,38638
048910,2006-05-24,3608,3872,3608,3815,43810
048910,2006-05-25,3778,4017,3778,3859,26684
048910,2006-05-26,3841,3967,3765,3840,28670
048910,2006-05-29,3797,3923,3797,3847,13037
048910,2006-05-30,3841,3897,3727,3784,23636
048910,2006-06-01,3753,3771,3507,3557,42266
048910,2006-06-02,3589,3746,3476,3582,120614
048910,2006-06-05,3526,3589,3293,3292,36872
048910,2006-06-07,3192,3306,2887,2896,29922
048910,2006-06-08,2751,3022,2657,2782,66073
048910,2006-06-09,2786,2947,2786,2927,24691
048910,2006-06-12,2890,3117,2890,2987,26680
048910,2006-06-13,2947,3029,2846,3022,42116
048910,2006-06-14,3161,3173,2903,3160,19041
048910,2006-06-15,3088,3268,3088,3160,25692
048910,2006-06-16,3306,3306,3148,3160,37674
048910,2006-06-19,3088,3192,3088,3097,10630
048910,2006-06-20,3148,3236,3016,3022,15764
048910,2006-06-21,3047,3079,2959,2959,17410
048910,2006-06-22,3022,3047,2947,2946,17149
048910,2006-06-23,2994,2994,2830,2864,18612
048910,2006-06-26,2789,3145,2770,3116,34530
048910,2006-06-27,3117,3362,3117,3242,51083
048910,2006-06-28,3243,3268,3110,3141,5997
048910,2006-06-29,3217,3312,3104,3248,20751
048910,2006-06-30,3306,3419,3274,3355,24578
048910,2006-07-03,3400,3400,3337,3362,8853
048910,2006-07-04,3350,3438,3268,3267,18112
048910,2006-07-05,3255,3337,3211,3274,6216
048910,2006-07-06,3274,3394,3199,3217,17225
048910,2006-07-07,3236,3312,3211,3274,13390
048910,2006-07-10,3249,3425,3243,3400,33773
048910,2006-07-11,3406,3652,3381,3651,38860
048910,2006-07-12,3658,3790,3589,3620,53206
048910,2006-07-13,3570,3652,3494,3507,63419
048910,2006-07-14,3520,3520,3306,3324,27590
048910,2006-07-18,3331,3331,3167,3179,35444
048910,2006-07-19,3249,3249,3148,3167,23568
048910,2006-07-20,3199,3306,3180,3204,44182
048910,2006-07-21,3205,3230,3129,3135,32301
048910,2006-07-24,3148,3148,3029,3028,25778
048910,2006-07-25,3132,3132,3035,3041,28957
048910,2006-07-26,3003,3098,2962,3085,15532
048910,2006-07-27,3060,3186,3035,3122,10890
048910,2006-07-28,3123,3224,3123,3160,15957
048910,2006-07-31,3211,3255,3123,3145,14395
048910,2006-08-01,3167,3180,3104,3116,11368
048910,2006-08-02,3088,3142,3029,3041,14433
048910,2006-08-03,3123,3148,3022,3148,26580
048910,2006-08-04,3088,3142,3073,3072,4470
048910,2006-08-07,3098,3136,3044,3050,12887
048910,2006-08-08,3010,3104,3003,3003,12784
048910,2006-08-09,3041,3073,2972,3028,11689
048910,2006-08-10,3076,3085,3003,3012,8856
048910,2006-08-11,3073,3104,2997,3012,18133
048910,2006-08-14,3044,3154,3000,3104,26540
048910,2006-08-16,3104,3299,3085,3274,37325
048910,2006-08-17,3217,3375,3148,3211,13544
048910,2006-08-18,3331,3331,3148,3192,6905
048910,2006-08-21,3211,3224,3054,3053,28882
048910,2006-08-22,3035,3243,3035,3110,9195
048910,2006-08-23,3142,3192,3085,3085,10778
048910,2006-08-24,3085,3186,3073,3085,17720
048910,2006-08-25,3085,3230,3079,3192,10811
048910,2006-08-28,3180,3255,3136,3167,10195
048910,2006-08-29,3205,3224,3132,3179,20707
048910,2006-08-30,3199,3224,3104,3148,13463
048910,2006-08-31,3126,3224,3091,3211,32339
048910,2006-09-01,3186,3356,3186,3242,27901
048910,2006-09-04,3243,3318,3211,3236,15272
048910,2006-09-05,3255,3306,3205,3267,21349
048910,2006-09-06,3274,3318,3255,3255,6900
048910,2006-09-07,3224,3293,3211,3255,20756
048910,2006-09-08,3217,3324,3211,3223,8004
048910,2006-09-11,3230,3312,3167,3167,7436
048910,2006-09-12,3186,3261,3117,3167,6072
048910,2006-09-13,3199,3199,3091,3167,8288
048910,2006-09-14,3211,3211,3148,3167,16041
048910,2006-09-15,3167,3369,3167,3368,25295
048910,2006-09-18,3369,3431,3287,3368,21489
048910,2006-09-19,3324,3702,3324,3494,68530
048910,2006-09-20,3564,3677,3494,3670,44810
048910,2006-09-21,3740,3740,3614,3626,34110
048910,2006-09-22,3532,3627,3463,3507,58935
048910,2006-09-25,3501,3608,3463,3519,22748
048910,2006-09-26,3526,3583,3463,3494,30413
048910,2006-09-27,3494,3734,3494,3683,83316
048910,2006-09-28,3715,4067,3664,3954,69468
048910,2006-09-29,3904,3967,3721,3777,70416
048910,2006-10-02,3746,3803,3715,3777,43675
048910,2006-10-04,3778,3960,3778,3928,17437
048910,2006-10-09,3879,3929,3343,3368,67940
048910,2006-10-10,3369,3526,3369,3406,17705
048910,2006-10-11,3318,3589,3274,3387,39660
048910,2006-10-12,3350,3513,3343,3488,25959
048910,2006-10-13,3476,3601,3476,3588,23159
048910,2006-10-16,3589,3608,3494,3494,8287
048910,2006-10-17,3520,3545,3274,3355,14723
048910,2006-10-18,3337,3413,3331,3368,11984
048910,2006-10-19,3381,3381,3306,3337,11963
048910,2006-10-20,3394,3457,3318,3368,15775
048910,2006-10-23,3369,3431,3331,3418,5267
048910,2006-10-24,3450,3457,3331,3374,15118
048910,2006-10-25,3331,3425,3280,3368,10669
048910,2006-10-26,3387,3387,3318,3318,18762
048910,2006-10-27,3255,3337,3243,3242,17697
048910,2006-10-30,3299,3299,3142,3211,35175
048910,2006-10-31,3154,3318,3154,3318,15013
048910,2006-11-01,3337,3337,3230,3236,13672
048910,2006-11-02,3243,3293,3186,3242,10775
048910,2006-11-03,3243,3287,3186,3286,27511
048910,2006-11-06,3249,3331,3249,3274,13643
048910,2006-11-07,3331,3331,3274,3274,12564
048910,2006-11-08,3274,3324,3230,3318,16607
048910,2006-11-09,3324,3350,3091,3305,22847
048910,2006-11-10,3243,3312,3180,3248,13696
048910,2006-11-13,3230,3268,3167,3236,4133
048910,2006-11-14,3261,3261,3211,3242,8146
048910,2006-11-15,3217,3318,3217,3299,30753
048910,2006-11-16,3343,3369,3211,3318,19271
048910,2006-11-17,3224,3400,3224,3362,38801
048910,2006-11-20,3419,3866,3387,3865,154865
048910,2006-11-21,3904,4111,3841,3897,246644
048910,2006-11-22,3866,3967,3740,3777,49767
048910,2006-11-23,3759,3967,3639,3966,76846
048910,2006-11-24,3973,4376,3973,4187,130859
048910,2006-11-27,4130,4219,4074,4130,33526
048910,2006-11-28,4036,4156,3967,4111,34816
048910,2006-11-29,4093,4263,4074,4098,50852
048910,2006-11-30,4206,4206,3847,3966,54785
048910,2006-12-01,3967,4011,3721,3954,19072
048910,2006-12-04,3904,3954,3816,3834,24309
048910,2006-12-05,3797,3904,3721,3809,11277
048910,2006-12-06,3765,3910,3601,3740,22664
048910,2006-12-07,3721,3778,3646,3752,8711
048910,2006-12-08,3841,3841,3683,3727,10217
048910,2006-12-11,3809,3809,3652,3727,14864
048910,2006-12-12,3671,3715,3463,3507,21742
048910,2006-12-13,3570,3646,3431,3601,20061
048910,2006-12-14,3620,3620,3557,3607,13697
048910,2006-12-15,3589,3652,3494,3557,31686
048910,2006-12-18,3564,3734,3564,3683,15525
048910,2006-12-19,3658,3740,3589,3645,12117
048910,2006-12-20,3608,4055,3608,3840,223888
048910,2006-12-21,3847,3847,3753,3777,17004
048910,2006-12-22,3778,3841,3620,3771,27457
048910,2006-12-26,3690,3778,3532,3532,28741
048910,2006-12-27,3513,3677,3463,3588,15720
048910,2006-12-28,3557,3646,3532,3620,5043
048910,2007-01-02,3620,3677,3526,3525,5478
048910,2007-01-03,3545,3576,3501,3544,7943
048910,2007-01-04,3513,3639,3400,3544,4318
048910,2007-01-05,3513,3583,3337,3525,13551
048910,2007-01-08,3438,3557,3369,3418,9497
048910,2007-01-09,3419,3463,3381,3425,2713
048910,2007-01-10,3463,3551,3318,3318,16394
048910,2007-01-11,3280,3431,3280,3311,15189
048910,2007-01-12,3362,3362,3268,3274,35024
048910,2007-01-15,3324,3324,3243,3261,10428
048910,2007-01-16,3268,3312,3243,3248,18607
048910,2007-01-17,3306,3457,3217,3311,20164
048910,2007-01-18,3463,3576,3318,3444,53034
048910,2007-01-19,3463,3463,3362,3393,11567
048910,2007-01-22,3425,3425,3306,3393,30031
048910,2007-01-23,3369,3438,3293,3337,10637
048910,2007-01-24,3362,3387,3217,3217,7063
048910,2007-01-25,3306,3431,3306,3337,13576
048910,2007-01-26,3280,3375,3230,3362,779
048910,2007-01-29,3400,3431,3293,3393,2444
048910,2007-01-30,3343,3356,3249,3337,12491
048910,2007-01-31,3280,3350,3211,3274,6821
048910,2007-02-01,3268,3268,3180,3192,6921
048910,2007-02-02,3161,3337,3148,3330,14067
048910,2007-02-05,3400,3400,3186,3261,5804
048910,2007-02-06,3324,3337,3199,3337,13031
048910,2007-02-07,3369,3369,3186,3286,24897
048910,2007-02-08,3243,3369,3243,3337,20065
048910,2007-02-09,3243,3331,3243,3255,10069
048910,2007-02-12,3236,3350,3205,3349,16379
048910,2007-02-13,3274,3375,3274,3343,5395
048910,2007-02-14,3318,3387,3306,3305,4345
048910,2007-02-15,3337,3746,3306,3525,48992
048910,2007-02-16,3482,3652,3438,3507,12539
048910,2007-02-20,3457,3639,3457,3551,6212
048910,2007-02-21,3507,3696,3507,3551,36021
048910,2007-02-22,3601,3652,3557,3639,21805
048910,2007-02-23,3601,3683,3589,3607,13388
048910,2007-02-26,3608,3841,3608,3607,31117
048910,2007-02-27,3639,3664,3557,3651,8282
048910,2007-02-28,3551,3633,3469,3632,8095
048910,2007-03-02,3532,3671,3526,3632,28601
048910,2007-03-05,3633,3696,3583,3658,10607
048910,2007-03-06,3715,3784,3589,3714,26200
048910,2007-03-07,3746,4187,3734,4187,109023
048910,2007-03-08,4004,4124,3992,4061,44857
048910,2007-03-09,4093,4137,4036,4042,31864
048910,2007-03-12,4004,4187,4004,4092,49375
048910,2007-03-13,4174,4174,3998,4054,35540
048910,2007-03-14,3998,4055,3904,3903,12830
048910,2007-03-15,3904,4074,3841,4061,32129
048910,2007-03-16,4061,4300,4061,4250,31952
048910,2007-03-19,4250,4269,4061,4136,16957
048910,2007-03-20,4124,4219,4061,4061,23826
048910,2007-03-21,4042,4124,3967,4073,25652
048910,2007-03-22,4080,4219,4080,4117,22873
048910,2007-03-23,4118,4269,4093,4262,36971
048910,2007-03-26,4187,4407,4187,4275,19225
048910,2007-03-27,4281,4344,4250,4338,23652
048910,2007-03-28,4338,4376,4250,4287,29606
048910,2007-03-29,4281,4407,4250,4407,28228
048910,2007-03-30,4420,4420,4300,4344,26109
048910,2007-04-02,4281,4395,4231,4344,14568
048910,2007-04-03,4344,4407,4319,4369,13444
048910,2007-04-04,4344,4628,4344,4590,84081
048910,2007-04-05,4590,4911,4565,4911,100422
048910,2007-04-06,4961,5024,4892,5018,61671
048910,2007-04-09,5062,5339,4911,5100,89786
048910,2007-04-10,5100,5131,4980,5068,39770
048910,2007-04-11,5037,5131,4974,5100,37114
048910,2007-04-12,5100,5257,5100,5244,52789
048910,2007-04-13,5257,5453,5257,5402,51260
048910,2007-04-16,5358,5528,5257,5496,53789
048910,2007-04-17,5497,5497,5301,5377,52489
048910,2007-04-18,5377,5453,5295,5295,30847
048910,2007-04-19,5352,5390,5213,5383,49487
048910,2007-04-20,5333,5572,5333,5540,36089
048910,2007-04-23,5572,5805,5572,5723,54973
048910,2007-04-24,5761,5761,5604,5723,24498
048910,2007-04-25,5755,5755,5572,5572,14670
048910,2007-04-26,5516,5635,5364,5471,26258
048910,2007-04-27,5478,5478,5226,5358,31214
048910,2007-04-30,5320,5497,5320,5471,17633
048910,2007-05-02,5409,5541,5409,5471,15697
048910,2007-05-03,5478,5730,5478,5717,31272
048910,2007-05-04,5723,5824,5711,5824,32323
048910,2007-05-07,5824,5887,5711,5849,29885
048910,2007-05-08,5849,5849,5604,5704,15926
048910,2007-05-09,5667,5730,5484,5729,40427
048910,2007-05-10,5824,5981,5730,5918,86190
048910,2007-05-11,5925,6611,5925,6422,146284
048910,2007-05-14,6422,6674,6359,6642,79854
048910,2007-05-15,6611,6643,6233,6359,67166
048910,2007-05-16,6296,6422,6133,6422,42677
048910,2007-05-17,6611,6674,6422,6548,51282
048910,2007-05-18,6548,6548,6328,6422,59693
048910,2007-05-21,6422,6485,6284,6390,56204
048910,2007-05-22,6359,6422,6265,6359,82949
048910,2007-05-23,6422,7083,6422,7051,160487
048910,2007-05-25,7020,7650,6737,7524,131406
048910,2007-05-28,7650,8311,7272,8248,178687
048910,2007-05-29,8185,8248,7744,7870,205895
048910,2007-05-30,7681,7870,7241,7303,149041
048910,2007-05-31,7398,7524,7115,7272,190915
048910,2007-06-01,7272,7272,6769,6862,217941
048910,2007-06-04,6863,7115,6485,6862,116725
048910,2007-06-05,6863,7556,6831,7020,188443
048910,2007-06-07,6957,7367,6957,7366,163548
048910,2007-06-08,7272,7996,7115,7901,133103
048910,2007-06-11,7902,8217,7367,7964,132655
048910,2007-06-12,7965,8059,7744,8027,43007
048910,2007-06-13,8248,8248,7681,7996,104286
048910,2007-06-14,8059,8563,7933,8342,84845
048910,2007-06-15,8500,9224,8311,9003,133986
048910,2007-06-18,9193,9759,8941,9129,256468
048910,2007-06-19,9256,9476,9035,9318,216291
048910,2007-06-20,9319,9507,8878,9035,74640
048910,2007-06-21,9035,9130,8752,9098,59569
048910,2007-06-22,9098,9193,8657,8940,62554
048910,2007-06-25,8878,9004,8437,8688,124624
048910,2007-06-26,8783,9444,8689,9287,111780
048910,2007-06-27,9476,10200,9319,9822,246960
048910,2007-06-28,9948,9948,9570,9759,64142
048910,2007-06-29,9696,10956,9696,10703,229195
048910,2007-07-02,10767,11333,10704,11144,114314
048910,2007-07-03,11396,11648,11113,11270,90862
048910,2007-07-04,11396,12089,11333,11774,145128
048910,2007-07-05,12057,13033,11428,12403,164654
048910,2007-07-06,12530,13096,12530,12655,120592
048910,2007-07-09,12907,14544,12656,14481,277071
048910,2007-07-10,15552,15552,13537,14481,333323
048910,2007-07-11,14293,14356,13789,14355,133824
048910,2007-07-12,14356,15426,14167,15425,259574
048910,2007-07-13,15930,15993,14607,15174,211792
048910,2007-07-16,15174,15174,13852,14796,90323
048910,2007-07-18,14481,14859,14167,14701,51216
048910,2007-07-19,15048,15048,13978,14733,82209
048910,2007-07-20,12624,13600,12530,13348,771973
048910,2007-07-23,13348,13348,11365,11364,373770
048910,2007-07-24,9791,11270,9665,11270,1190759
048910,2007-07-25,10893,11837,10704,11301,351029
048910,2007-07-26,11396,11491,10578,10577,173113
048910,2007-07-27,10169,10389,9570,9885,130010
048910,2007-07-30,9759,11270,9696,10892,148814
048910,2007-07-31,10893,11270,10704,11175,112595
048910,2007-08-01,10893,11019,10043,10168,124078
048910,2007-08-02,10357,10798,10137,10546,88277
048910,2007-08-03,10704,10924,10357,10798,71052
048910,2007-08-06,10483,10609,9917,10105,122682
048910,2007-08-07,10294,10483,10137,10137,67724
048910,2007-08-08,10200,10515,10137,10483,82349
048910,2007-08-09,10893,10956,10578,10861,98140
048910,2007-08-10,10515,10672,9665,9822,171032
048910,2007-08-13,10137,10357,9885,10200,151178
048910,2007-08-14,10200,11450,10000,10500,88541
048910,2007-08-16,9910,9910,8950,8950,116005
048910,2007-08-17,8950,9360,8100,9200,175390
048910,2007-08-20,9470,9600,9150,9150,104158
048910,2007-08-21,9150,9150,8500,8790,115367
048910,2007-08-22,8770,8770,8200,8430,158048
048910,2007-08-23,8500,8680,8180,8350,122122
048910,2007-08-24,8300,9190,8230,9000,179466
048910,2007-08-27,9050,10350,8920,10350,556091
048910,2007-08-28,10250,10900,9840,9860,322482
048910,2007-08-29,9320,9490,8400,9400,100167
048910,2007-08-30,9650,9850,8950,9390,122507
048910,2007-08-31,9460,9500,9100,9370,61740
048910,2007-09-03,9260,9260,8800,8820,131699
048910,2007-09-04,8560,8980,8400,8620,204661
048910,2007-09-05,8620,9120,8560,8900,153220
048910,2007-09-06,9200,9270,8700,8810,211462
048910,2007-09-07,8700,8840,8480,8550,113603
048910,2007-09-10,8100,8210,7990,8100,115628
048910,2007-09-11,8060,8250,7990,8100,68994
048910,2007-09-12,8150,8150,7650,7700,138840
048910,2007-09-13,7600,7920,7320,7900,112823
048910,2007-09-14,8090,8450,8010,8370,110174
048910,2007-09-17,8630,9620,8510,9620,363828
048910,2007-09-18,9600,10050,9110,9820,332530
048910,2007-09-19,10100,10250,9600,9800,130034
048910,2007-09-20,9600,9820,9120,9600,134253
048910,2007-09-21,9500,9650,9240,9560,70822
048910,2007-09-27,9600,9980,9320,9980,145621
048910,2007-09-28,9990,10400,9810,10150,225097
048910,2007-10-01,10250,11600,10250,10850,262000
048910,2007-10-02,10850,11350,10850,10950,146824
048910,2007-10-04,10750,11300,10500,10700,105569
048910,2007-10-05,10550,10800,9950,10350,154255
048910,2007-10-08,10650,10650,9860,9900,63758
048910,2007-10-09,9920,10200,9550,9850,50651
048910,2007-10-10,9730,10000,9400,9690,123136
048910,2007-10-11,9790,9900,9530,9800,61460
048910,2007-10-12,9700,9950,9300,9920,80717
048910,2007-10-15,9990,10100,9710,9710,47939
048910,2007-10-16,9410,9680,8500,8500,118309
048910,2007-10-17,8360,8450,7380,7700,210482
048910,2007-10-18,7600,7970,7110,7540,322970
048910,2007-10-19,7610,8080,7570,7850,97960
048910,2007-10-22,7120,7670,7120,7670,48202
048910,2007-10-23,7600,8050,7600,7900,69849
048910,2007-10-24,8080,8080,7470,7800,157607
048910,2007-10-25,7720,7900,7400,7400,40988
048910,2007-10-26,7420,7500,7010,7260,106630
048910,2007-10-29,7320,7500,7030,7150,74853
048910,2007-10-30,7360,7520,7150,7380,64751
048910,2007-10-31,7300,7750,7210,7750,66180
048910,2007-11-01,7660,8190,7620,7700,94835
048910,2007-11-02,7380,7640,7380,7490,65178
048910,2007-11-05,7720,8160,7500,7550,285921
048910,2007-11-06,7510,7660,6430,6800,377981
048910,2007-11-07,6890,6990,6050,6160,746948
048910,2007-11-08,6000,6450,6000,6040,195673
048910,2007-11-09,6180,6180,5510,5720,221916
048910,2007-11-12,5570,5650,5320,5450,246692
048910,2007-11-13,5420,5990,5300,5920,145700
048910,2007-11-14,5900,6050,5830,5950,107765
048910,2007-11-15,6000,6000,5400,5620,139096
048910,2007-11-16,5500,5840,5450,5710,87522
048910,2007-11-19,5680,6350,5680,6060,104430
048910,2007-11-20,5930,6030,5160,5710,69719
048910,2007-11-21,5790,5910,5500,5500,70091
048910,2007-11-22,5370,5650,5330,5600,65500
048910,2007-11-23,5510,5820,5350,5350,63458
048910,2007-11-26,5360,5690,5360,5590,58641
048910,2007-11-27,5330,5620,5330,5620,64458
048910,2007-11-28,5630,5780,5590,5600,31810
048910,2007-11-29,5750,5750,5500,5600,36359
048910,2007-11-30,5540,5750,5540,5730,47764
048910,2007-12-03,5710,6140,5700,6070,103380
048910,2007-12-04,6090,6840,6000,6510,336175
048910,2007-12-05,6520,6640,6340,6360,94111
048910,2007-12-06,6450,6450,6200,6360,74010
048910,2007-12-07,6300,6430,6070,6110,41341
048910,2007-12-10,6110,6110,5900,6000,53880
048910,2007-12-11,5950,6150,5920,6100,49237
048910,2007-12-12,6100,6380,5900,6260,91047
048910,2007-12-13,6270,6570,6150,6450,76857
048910,2007-12-14,6400,6550,6340,6500,36260
048910,2007-12-17,6500,6600,6260,6260,65602
048910,2007-12-18,6110,6350,6110,6280,74060
048910,2007-12-20,6250,6450,6190,6230,28855
048910,2007-12-21,6270,6300,6110,6230,29254
048910,2007-12-24,6300,6300,6160,6200,37399
048910,2007-12-26,6220,6410,6180,6340,36914
048910,2007-12-27,6230,6760,6230,6600,109125
048910,2007-12-28,6600,6900,6600,6690,88938
048910,2008-01-02,6800,6810,6480,6500,49370
048910,2008-01-03,6340,6450,6160,6450,30764
048910,2008-01-04,6350,6470,6300,6420,24573
048910,2008-01-07,6290,6470,6200,6250,32123
048910,2008-01-08,6170,6310,6130,6180,29966
048910,2008-01-09,6030,6260,5900,6250,44432
048910,2008-01-10,6210,6360,5990,6000,24810
048910,2008-01-11,5970,6080,5850,5990,53120
048910,2008-01-14,5790,5970,5790,5800,26496
048910,2008-01-15,5710,6090,5460,6000,77934
048910,2008-01-16,5990,6030,5750,6000,52147
048910,2008-01-17,6000,6060,5750,6050,20200
048910,2008-01-18,6200,6200,5850,5850,41722
048910,2008-01-21,5780,5820,5650,5700,42969
048910,2008-01-22,5580,5640,5210,5480,97331
048910,2008-01-23,5370,6290,5360,6290,116290
048910,2008-01-24,6240,6240,5920,5970,37457
048910,2008-01-25,5950,6120,5780,5780,54073
048910,2008-01-28,5710,5880,5610,5620,19820
048910,2008-01-29,5640,5840,5330,5330,48886
048910,2008-01-30,5300,5450,5270,5380,60796
048910,2008-01-31,5250,5390,5100,5110,55814
048910,2008-02-01,5120,5260,5050,5100,64413
048910,2008-02-04,5100,5480,5100,5300,28488
048910,2008-02-05,5270,5530,5220,5500,40620
048910,2008-02-11,5310,5550,5310,5480,30803
048910,2008-02-12,5550,5610,5460,5500,20004
048910,2008-02-13,5550,5750,5510,5560,18655
048910,2008-02-14,5560,5700,5500,5500,20289
048910,2008-02-15,5640,5640,5390,5450,18585
048910,2008-02-18,5400,5550,5390,5550,27977
048910,2008-02-19,5600,6080,5550,5760,96757
048910,2008-02-20,5800,6030,5720,5910,41341
048910,2008-02-21,6060,6060,5840,5970,38111
048910,2008-02-22,5820,6030,5810,5970,45167
048910,2008-02-25,6000,6000,5770,5900,40107
048910,2008-02-26,6290,6340,5960,5960,120012
048910,2008-02-27,5960,6260,5900,6220,161148
048910,2008-02-28,6280,6360,6220,6300,60369
048910,2008-02-29,6300,6330,6050,6230,33080
048910,2008-03-03,6100,6170,6000,6080,49191
048910,2008-03-04,6090,6380,5910,6240,178197
048910,2008-03-05,6200,6210,5930,5950,110869
048910,2008-03-06,5950,6480,5760,6400,153304
048910,2008-03-07,6300,6610,6180,6500,90422
048910,2008-03-10,6330,6480,6200,6200,39702
048910,2008-03-11,6060,6240,6020,6120,28915
048910,2008-03-12,6290,6290,6060,6090,59741
048910,2008-03-13,6030,6160,5560,5800,63891
048910,2008-03-14,5790,5940,5550,5650,62735
048910,2008-03-17,5550,5550,5200,5280,60582
048910,2008-03-18,5280,5640,5270,5340,102420
048910,2008-03-19,5410,5510,5340,5370,52049
048910,2008-03-20,5340,5370,5180,5210,68827
048910,2008-03-21,5240,5330,5240,5300,81944
048910,2008-03-24,5320,5390,5250,5280,45608
048910,2008-03-25,5350,5350,5240,5260,48859
048910,2008-03-26,5390,5670,5270,5560,90667
048910,2008-03-27,5540,5870,5420,5850,87454
048910,2008-03-28,5800,6070,5750,6000,108628
048910,2008-03-31,6000,6170,5880,5910,66509
048910,2008-04-01,5870,6090,5830,5940,68345
048910,2008-04-02,6000,6440,5940,6350,208472
048910,2008-04-03,6440,6440,6020,6360,235244
048910,2008-04-04,6330,6330,6180,6220,38507
048910,2008-04-07,6190,6350,6190,6260,69480
048910,2008-04-08,6300,6480,6250,6260,117417
048910,2008-04-10,6250,6450,6210,6400,60608
048910,2008-04-11,6500,6500,6250,6310,55393
048910,2008-04-14,6290,6480,6280,6310,87980
048910,2008-04-15,6300,7130,6300,6850,383283
048910,2008-04-16,6870,7050,6560,6780,159104
048910,2008-04-17,6780,6840,6620,6660,64852
048910,2008-04-18,6660,7450,6620,7000,200641
048910,2008-04-21,7250,7250,6900,6930,129274
048910,2008-04-22,6930,7120,6830,7050,61705
048910,2008-04-23,7150,7150,6920,7010,56504
048910,2008-04-24,7000,7020,6760,6840,63589
048910,2008-04-25,6810,7150,6800,7120,172601
048910,2008-04-28,7180,7570,7140,7300,314259
048910,2008-04-29,7490,7490,7200,7260,72853
048910,2008-04-30,7120,7250,6800,6970,109087
048910,2008-05-02,6880,7200,6880,6970,90278
048910,2008-05-06,7020,7080,6750,6880,91353
048910,2008-05-07,6900,7000,6450,6600,179941
048910,2008-05-08,6510,6590,6240,6400,92242
048910,2008-05-09,6380,6440,6280,6390,73127
048910,2008-05-13,6400,6500,6300,6480,51121
048910,2008-05-14,6430,6640,6400,6410,67366
048910,2008-05-15,6330,6470,6290,6350,66179
048910,2008-05-16,6300,6390,5900,5900,113818
048910,2008-05-19,5900,6000,5580,5730,159528
048910,2008-05-20,5730,5730,5590,5590,96428
048910,2008-05-21,5460,5630,5460,5590,54831
048910,2008-05-22,5490,5760,5490,5670,77920
048910,2008-05-23,5600,5760,5550,5560,64823
048910,2008-05-26,5490,5590,5120,5270,97376
048910,2008-05-27,5270,5510,5270,5450,50235
048910,2008-05-28,5460,5750,5430,5600,47421
048910,2008-05-29,5530,5680,5520,5590,29296
048910,2008-05-30,5670,5670,5370,5500,53476
048910,2008-06-02,5430,5500,5210,5340,62056
048910,2008-06-03,5280,5290,5170,5200,54900
048910,2008-06-04,5160,5300,5160,5290,41525
048910,2008-06-05,5330,5350,5250,5300,27420
048910,2008-06-09,5130,5350,5020,5280,46196
048910,2008-06-10,5200,5270,5110,5160,24927
048910,2008-06-11,5240,5280,5100,5170,47371
048910,2008-06-12,5160,5170,4910,4990,60593
048910,2008-06-13,4950,5050,4765,4800,71598
048910,2008-06-16,4880,4880,4640,4800,27455
048910,2008-06-17,4890,4930,4700,4800,23012
048910,2008-06-18,4830,4830,4720,4785,22997
048910,2008-06-19,4785,4885,4650,4720,20687
048910,2008-06-20,4730,4745,4625,4740,26847
048910,2008-06-23,4630,4780,4595,4740,25716
048910,2008-06-24,4700,4700,4550,4600,47639
048910,2008-06-25,4550,4680,4500,4600,39627
048910,2008-06-26,4695,4850,4590,4780,31543
048910,2008-06-27,4700,4810,4610,4700,18004
048910,2008-06-30,4690,4690,4410,4465,74113
048910,2008-07-01,4465,4635,4465,4525,61469
048910,2008-07-02,4525,4525,4320,4485,76276
048910,2008-07-03,4405,4490,3820,4200,91368
048910,2008-07-04,4200,4330,4015,4090,20743
048910,2008-07-07,4000,4140,3755,4085,59845
048910,2008-07-08,3950,4085,3750,3900,56307
048910,2008-07-09,3900,4285,3855,3930,112100
048910,2008-07-10,3930,3945,3730,3900,23307
048910,2008-07-11,3900,4005,3810,4005,34997
048910,2008-07-14,3960,3995,3875,3875,20874
048910,2008-07-15,3875,3960,3690,3795,33832
048910,2008-07-16,3795,3900,3700,3795,20032
048910,2008-07-17,3795,3900,3700,3740,52026
048910,2008-07-18,3750,3850,3735,3750,52041
048910,2008-07-21,3715,3875,3715,3780,30568
048910,2008-07-22,3800,3800,3720,3750,20441
048910,2008-07-23,3790,3950,3755,3890,43320
048910,2008-07-24,3900,4085,3900,4045,34292
048910,2008-07-25,4040,4090,3990,4005,26325
048910,2008-07-28,4090,4100,4010,4100,21643
048910,2008-07-29,4030,4140,3950,4075,12224
048910,2008-07-30,4100,4150,4015,4070,7107
048910,2008-07-31,4160,4160,3950,3970,15177
048910,2008-08-01,3955,3995,3750,3860,43406
048910,2008-08-04,3755,3855,3670,3790,13349
048910,2008-08-05,3775,3840,3700,3760,9805
048910,2008-08-06,3610,3850,3610,3700,75238
048910,2008-08-07,3730,3750,3670,3700,16165
048910,2008-08-08,3690,3885,3615,3870,27083
048910,2008-08-11,3870,3965,3775,3780,19106
048910,2008-08-12,3730,3840,3720,3725,16447
048910,2008-08-13,3700,3800,3695,3725,12243
048910,2008-08-14,3725,3850,3725,3800,17306
048910,2008-08-18,3850,3850,3705,3755,15688
048910,2008-08-19,3745,3800,3600,3670,21285
048910,2008-08-20,3600,3670,3500,3665,39246
048910,2008-08-21,3635,3670,3520,3550,11167
048910,2008-08-22,3520,3640,3250,3455,57164
048910,2008-08-25,3480,3490,3400,3410,18843
048910,2008-08-26,3360,3610,3360,3450,30471
048910,2008-08-27,3415,3495,3390,3470,33018
048910,2008-08-28,3400,3820,3400,3600,38765
048910,2008-08-29,3520,3700,3520,3695,39862
048910,2008-09-01,3575,3790,3455,3530,21895
048910,2008-09-02,3475,3620,3060,3200,68157
048910,2008-09-03,3105,3470,3050,3200,43013
048910,2008-09-04,3210,3300,3115,3200,43277
048910,2008-09-05,3290,3290,3165,3200,30472
048910,2008-09-08,3205,3400,3205,3335,14701
048910,2008-09-09,3310,3500,3290,3400,21550
048910,2008-09-10,3500,3500,3310,3365,5480
048910,2008-09-11,3365,3550,3275,3365,25918
048910,2008-09-12,3400,3400,3300,3335,38802
048910,2008-09-16,3020,3245,3000,3145,35049
048910,2008-09-17,3195,3290,3135,3200,13575
048910,2008-09-18,3100,3165,3030,3100,13518
048910,2008-09-19,3200,3280,3135,3165,26230
048910,2008-09-22,3170,3170,3010,3070,31328
048910,2008-09-23,3090,3090,3000,3075,29369
048910,2008-09-24,3020,3150,3015,3150,46412
048910,2008-09-25,3100,3135,3065,3125,10352
048910,2008-09-26,3145,3150,3070,3070,10660
048910,2008-09-29,3100,3100,3040,3070,14869
048910,2008-09-30,2800,3050,2800,2985,34674
048910,2008-10-01,3000,3090,2900,2975,31051
048910,2008-10-02,3045,3045,2940,2975,14160
048910,2008-10-06,2910,2930,2620,2760,51333
048910,2008-10-07,2700,2760,2500,2760,26528
048910,2008-10-08,2560,2745,2500,2620,95158
048910,2008-10-09,2555,2760,2555,2750,18457
048910,2008-10-10,2600,2605,2340,2450,130362
048910,2008-10-13,2460,2600,2450,2550,48650
048910,2008-10-14,2600,2725,2600,2630,57238
048910,2008-10-15,2560,2690,2560,2630,24220
048910,2008-10-16,2505,2620,2300,2405,10281
048910,2008-10-17,2450,2655,2200,2470,30930
048910,2008-10-20,2450,2450,2215,2380,16192
048910,2008-10-21,2345,2470,2325,2370,7300
048910,2008-10-22,2305,2395,2200,2320,23285
048910,2008-10-23,2245,2245,1975,2100,52465
048910,2008-10-24,2050,2170,1785,1850,56471
048910,2008-10-27,1740,1875,1585,1675,40724
048910,2008-10-28,1430,1700,1430,1700,68453
048910,2008-10-29,1800,1800,1600,1680,55634
048910,2008-10-30,1705,1930,1705,1930,118108
048910,2008-10-31,1950,2160,1900,2160,45376
048910,2008-11-03,2070,2420,2070,2390,19591
048910,2008-11-04,2390,2390,2265,2390,9641
048910,2008-11-05,2420,2600,2400,2500,40087
048910,2008-11-06,2360,2420,2210,2250,21951
048910,2008-11-07,2370,2370,2070,2300,11053
048910,2008-11-10,2315,2335,2225,2335,41150
048910,2008-11-11,2300,2365,2210,2210,16465
048910,2008-11-12,2100,2195,2050,2110,31157
048910,2008-11-13,2100,2110,1990,2110,30737
048910,2008-11-14,2230,2235,2090,2200,5496
048910,2008-11-17,2115,2250,2115,2190,2896
048910,2008-11-18,2075,2300,2055,2105,20388
048910,2008-11-19,2045,2195,2000,2110,8955
048910,2008-11-20,2110,2115,1915,1970,14702
048910,2008-11-21,1945,2050,1865,2045,7872
048910,2008-11-24,2045,2045,1910,1975,23140
048910,2008-11-25,2000,2085,1865,1900,100751
048910,2008-11-26,1900,1930,1850,1900,46167
048910,2008-11-27,1930,1930,1825,1880,56530
048910,2008-11-28,1920,1920,1840,1900,12478
048910,2008-12-01,1910,1915,1870,1915,9574
048910,2008-12-02,1835,1880,1775,1870,9231
048910,2008-12-03,1910,1950,1835,1950,17532
048910,2008-12-04,1950,2100,1900,1955,19196
048910,2008-12-05,2050,2050,1885,1950,7607
048910,2008-12-08,2000,2050,1950,2000,24116
048910,2008-12-09,2100,2100,1985,2095,41846
048910,2008-12-10,2020,2140,2010,2130,5986
048910,2008-12-11,2130,2250,2070,2070,13502
048910,2008-12-12,2150,2350,2000,2240,48276
048910,2008-12-15,2335,2350,2240,2340,47962
048910,2008-12-16,2300,2300,2215,2270,39212
048910,2008-12-17,2270,2350,2200,2320,33279
048910,2008-12-18,2345,2345,2290,2330,19493
048910,2008-12-19,2340,2350,2240,2345,20381
048910,2008-12-22,2300,2365,2290,2345,38980
048910,2008-12-23,2345,2345,2250,2250,40967
048910,2008-12-24,2250,2390,2170,2265,14083
048910,2008-12-26,2265,2450,2265,2350,101330
048910,2008-12-29,2350,2690,2250,2555,134083
048910,2008-12-30,2535,2750,2515,2515,38281
048910,2009-01-02,2590,2590,2375,2490,44932
048910,2009-01-05,2500,2700,2475,2570,56059
048910,2009-01-06,2560,2740,2560,2700,38855
048910,2009-01-07,2820,2820,2670,2680,17331
048910,2009-01-08,2735,2735,2490,2500,51526
048910,2009-01-09,2600,2600,2450,2565,33425
048910,2009-01-12,2500,2610,2470,2470,5120
048910,2009-01-13,2405,2500,2400,2450,16268
048910,2009-01-14,2600,2600,2430,2500,4789
048910,2009-01-15,2370,2540,2340,2350,9518
048910,2009-01-16,2310,2400,2250,2300,21136
048910,2009-01-19,2320,2500,2320,2345,70262
048910,2009-01-20,2350,2540,2260,2460,16557
048910,2009-01-21,2460,2460,2290,2350,27074
048910,2009-01-22,2485,2485,2360,2390,4956
048910,2009-01-23,2330,2415,2330,2360,5394
048910,2009-01-28,2450,2450,2360,2380,10310
048910,2009-01-29,2360,2450,2335,2380,22630
048910,2009-01-30,2320,2440,2320,2400,8455
048910,2009-02-02,2480,2480,2375,2445,24063
048910,2009-02-03,2490,2490,2305,2445,33864
048910,2009-02-04,2445,2540,2445,2520,16930
048910,2009-02-05,2585,2590,2470,2580,30148
048910,2009-02-06,2600,2625,2530,2580,11707
048910,2009-02-09,2520,2580,2480,2500,28173
048910,2009-02-10,2600,2625,2305,2560,31623
048910,2009-02-11,2570,2645,2485,2620,14773
048910,2009-02-12,2690,2900,2680,2800,64269
048910,2009-02-13,2905,3220,2900,3125,188709
048910,2009-02-16,3050,3260,3030,3190,82126
048910,2009-02-17,3185,3235,2900,2960,78269
048910,2009-02-18,2920,2950,2800,2890,27501
048910,2009-02-19,2900,3000,2800,2800,12008
048910,2009-02-20,2800,2970,2385,2650,45732
048910,2009-02-23,2650,2750,2510,2680,13284
048910,2009-02-24,2690,2690,2520,2615,10080
048910,2009-02-25,2640,2800,2545,2545,11034
048910,2009-02-26,2545,2635,2435,2525,11300
048910,2009-02-27,2525,2525,2440,2500,14454
048910,2009-03-02,2550,2550,2315,2420,9008
048910,2009-03-03,2340,2400,2270,2395,31851
048910,2009-03-04,2350,2450,2320,2445,23798
048910,2009-03-05,2445,2565,2350,2470,8989
048910,2009-03-06,2450,2540,2315,2540,30519
048910,2009-03-09,2480,2900,2470,2770,38174
048910,2009-03-10,2790,2820,2635,2800,23591
048910,2009-03-11,2880,2950,2790,2900,27127
048910,2009-03-12,2810,2945,2750,2850,17849
048910,2009-03-13,2950,2950,2805,2870,3632
048910,2009-03-16,2815,2950,2815,2900,12833
048910,2009-03-17,2940,2940,2800,2845,4528
048910,2009-03-18,2935,2935,2715,2760,20621
048910,2009-03-19,2770,2900,2700,2770,12007
048910,2009-03-20,2710,2795,2710,2790,26699
048910,2009-03-23,2890,2890,2715,2760,32920
048910,2009-03-24,2810,2865,2770,2805,19487
048910,2009-03-25,2805,2950,2770,2905,31707
048910,2009-03-26,3000,3040,2950,2980,31740
048910,2009-03-27,3030,3080,2860,2865,51048
048910,2009-03-30,2900,2900,2750,2780,11856
048910,2009-03-31,2750,2830,2715,2830,16622
048910,2009-04-01,2835,2900,2795,2900,23415
048910,2009-04-02,2930,3180,2860,3150,43672
048910,2009-04-03,3190,3240,2900,3065,31913
048910,2009-04-06,3050,3185,3050,3135,26813
048910,2009-04-07,3135,3445,3135,3420,37204
048910,2009-04-08,3340,3480,3300,3455,35392
048910,2009-04-09,3530,3775,3520,3750,51302
048910,2009-04-10,3750,3895,3510,3700,54012
048910,2009-04-13,3660,3790,3550,3790,32325
048910,2009-04-14,3800,3845,3680,3800,43101
048910,2009-04-15,3720,3845,3530,3530,32512
048910,2009-04-16,3610,3790,3550,3550,43078
048910,2009-04-17,3700,3700,3400,3640,39249
048910,2009-04-20,3640,3650,3450,3640,10560
048910,2009-04-21,3600,3600,3400,3400,42766
048910,2009-04-22,3450,3600,3410,3550,19300
048910,2009-04-23,3550,3640,3505,3580,10116
048910,2009-04-24,3620,3810,3500,3580,38985
048910,2009-04-27,3500,3790,3500,3700,22428
048910,2009-04-28,3730,3730,3500,3500,11025
048910,2009-04-29,3500,3670,3420,3450,43592
048910,2009-04-30,3535,3535,3305,3435,21482
048910,2009-05-04,3435,3515,3250,3335,53047
048910,2009-05-06,3330,3355,3220,3340,31727
048910,2009-05-07,3350,3395,3195,3340,58816
048910,2009-05-08,3215,3370,3190,3220,59947
048910,2009-05-11,3290,3580,3200,3580,176350
048910,2009-05-12,3580,4115,3580,4115,363801
048910,2009-05-13,4270,4660,4270,4395,486678
048910,2009-05-14,4300,4570,4150,4570,162645
048910,2009-05-15,4645,4670,4300,4350,105793
048910,2009-05-18,4290,4330,4085,4140,99059
048910,2009-05-19,4180,4400,4160,4335,100648
048910,2009-05-20,4275,4500,4200,4450,169219
048910,2009-05-21,4530,4530,4280,4285,83662
048910,2009-05-22,4250,4590,4245,4480,117676
048910,2009-05-25,4475,4515,3910,4240,124874
048910,2009-05-26,4200,4345,4095,4150,64308
048910,2009-05-27,4200,4250,3910,3990,53390
048910,2009-05-28,3990,4090,3645,4045,46951
048910,2009-05-29,4070,4500,4015,4190,69169
048910,2009-06-01,4230,4750,4230,4600,163140
048910,2009-06-02,4645,4865,4530,4600,105327
048910,2009-06-03,4630,4970,4565,4850,140747
048910,2009-06-04,4850,5020,4730,4820,84982
048910,2009-06-05,4845,4950,4710,4820,69753
048910,2009-06-08,4800,4940,4705,4820,46271
048910,2009-06-09,4700,4910,4700,4815,32252
048910,2009-06-10,4750,4880,4580,4830,51293
048910,2009-06-11,4830,4895,4700,4750,20443
048910,2009-06-12,4750,4790,4505,4650,43991
048910,2009-06-15,4650,4775,4450,4540,34989
048910,2009-06-16,4540,4570,4430,4540,33025
048910,2009-06-17,4520,4650,4440,4530,31475
048910,2009-06-18,4595,4595,4365,4385,27327
048910,2009-06-19,4385,4480,4290,4400,23312
048910,2009-06-22,4310,4480,4255,4400,37992
048910,2009-06-23,4250,4385,4070,4095,45668
048910,2009-06-24,4100,4200,4000,4200,27722
048910,2009-06-25,4040,4490,4040,4485,58185
048910,2009-06-26,4485,4580,4350,4500,15613
048910,2009-06-29,4400,4500,4300,4375,22614
048910,2009-06-30,4390,4500,4350,4390,10869
048910,2009-07-01,4345,4500,4230,4470,25767
048910,2009-07-02,4480,4600,4350,4500,16943
048910,2009-07-03,4500,4500,4340,4500,14354
048910,2009-07-06,4600,4600,4400,4410,13567
048910,2009-07-07,4495,4495,4215,4255,25642
048910,2009-07-08,4195,4350,4190,4220,30371
048910,2009-07-09,4300,4320,4150,4265,22443
048910,2009-07-10,4265,4500,4195,4440,20232
048910,2009-07-13,4450,4495,4290,4400,30367
048910,2009-07-14,4400,4460,4225,4375,11551
048910,2009-07-15,4450,4500,4310,4310,15995
048910,2009-07-16,4315,4395,4215,4310,12834
048910,2009-07-17,4300,4375,4200,4220,6267
048910,2009-07-20,4210,4365,4210,4300,20960
048910,2009-07-21,4350,4490,4230,4485,37238
048910,2009-07-22,4510,4510,4340,4420,17110
048910,2009-07-23,4400,4530,4350,4370,23095
048910,2009-07-24,4450,4500,4320,4350,24651
048910,2009-07-27,4380,4390,4300,4350,25740
048910,2009-07-28,4345,4555,4270,4310,16766
048910,2009-07-29,4445,4445,4280,4360,12375
048910,2009-07-30,4350,4490,4300,4360,15770
048910,2009-07-31,4350,4470,4260,4360,34499
048910,2009-08-03,4460,4475,4280,4300,40673
048910,2009-08-04,4250,4330,4190,4235,34466
048910,2009-08-05,4220,4275,4180,4200,13834
048910,2009-08-06,4150,4290,4050,4275,18752
048910,2009-08-07,4220,4375,4200,4250,14589
048910,2009-08-10,4325,4325,4200,4285,24106
048910,2009-08-11,4205,4300,4205,4250,21984
048910,2009-08-12,4240,4535,4000,4505,204613
048910,2009-08-13,4590,4690,4350,4350,62038
048910,2009-08-14,4375,4540,4375,4500,49745
048910,2009-08-17,4500,4500,4350,4365,35226
048910,2009-08-18,4445,4500,4200,4200,20102
048910,2009-08-19,4200,4295,4150,4260,25839
048910,2009-08-20,4300,4300,4150,4150,22893
048910,2009-08-21,4165,4200,4000,4045,61874
048910,2009-08-24,4035,4200,3800,3815,96916
048910,2009-08-25,3820,3900,3780,3780,34032
048910,2009-08-26,3770,3970,3770,3900,19645
048910,2009-08-27,3900,4000,3800,3850,68266
048910,2009-08-28,3850,4000,3830,3945,30354
048910,2009-08-31,4000,4030,3850,3940,14742
048910,2009-09-01,3855,4050,3780,3890,167979
048910,2009-09-02,3850,3920,3780,3880,41705
048910,2009-09-03,4030,4030,3890,3985,21631
048910,2009-09-04,4000,4040,3935,4000,13360
048910,2009-09-07,4000,4040,3920,4010,32174
048910,2009-09-08,4130,4130,3970,4000,37302
048910,2009-09-09,4050,4100,3980,4000,31282
048910,2009-09-10,4030,4140,4000,4090,55914
048910,2009-09-11,4100,4280,4090,4185,60156
048910,2009-09-14,4280,4280,4175,4245,31205
048910,2009-09-15,4280,4280,4210,4220,32269
048910,2009-09-16,4230,4315,4200,4315,58379
048910,2009-09-17,4320,4360,4265,4300,35702
048910,2009-09-18,4265,4470,4265,4400,47443
048910,2009-09-21,4430,4500,4275,4325,82004
048910,2009-09-22,4400,4400,4305,4345,23875
048910,2009-09-23,4375,4375,4220,4245,40184
048910,2009-09-24,4200,4300,4105,4235,17772
048910,2009-09-25,4240,4240,4105,4200,15791
048910,2009-09-28,4150,4280,4050,4260,25829
048910,2009-09-29,4250,4260,4115,4200,16934
048910,2009-09-30,4200,4230,4130,4135,21617
048910,2009-10-01,4150,4190,4025,4025,41676
048910,2009-10-05,4030,4100,4010,4055,23573
048910,2009-10-06,4150,4235,4050,4055,21423
048910,2009-10-07,4190,4190,4040,4065,6972
048910,2009-10-08,4075,4200,4035,4065,16028
048910,2009-10-09,4005,4135,3950,4025,40098
048910,2009-10-12,4140,4140,4000,4030,34190
048910,2009-10-13,4095,4115,4040,4110,30403
048910,2009-10-14,4120,4400,4060,4380,65477
048910,2009-10-15,4380,4400,4230,4250,24811
048910,2009-10-16,4205,4680,4205,4400,71193
048910,2009-10-19,4560,4560,4360,4425,17995
048910,2009-10-20,4550,4660,4360,4520,46903
048910,2009-10-21,4450,4720,4450,4670,44272
048910,2009-10-22,4650,4710,4560,4680,34052
048910,2009-10-23,4700,4700,4600,4680,4979
048910,2009-10-26,4650,4710,4550,4630,14615
048910,2009-10-27,4610,4640,4455,4455,19324
048910,2009-10-28,4420,4495,4340,4455,13022
048910,2009-10-29,4370,4750,4370,4495,21122
048910,2009-10-30,4690,4690,4485,4620,8710
048910,2009-11-02,4400,4645,4400,4550,18701
048910,2009-11-03,4810,4810,4480,4585,8475
048910,2009-11-04,4650,4650,4490,4540,21030
048910,2009-11-05,4685,4685,4430,4500,3746
048910,2009-11-06,4500,4575,4300,4350,12781
048910,2009-11-09,4310,4440,4210,4430,7100
048910,2009-11-10,4400,4500,4210,4210,13073
048910,2009-11-11,4370,4370,4205,4290,4511
048910,2009-11-12,4400,4400,4215,4250,9907
048910,2009-11-13,4205,4245,4150,4185,20341
048910,2009-11-16,4180,4280,4015,4125,20126
048910,2009-11-17,4125,4170,4050,4100,3933
048910,2009-11-18,4035,4135,4035,4050,5744
048910,2009-11-19,4015,4170,4010,4120,7382
048910,2009-11-20,4020,4250,4020,4120,4866
048910,2009-11-23,4120,4200,4025,4120,22725
048910,2009-11-24,4145,4145,4000,4050,49157
048910,2009-11-25,4150,4285,4090,4200,40320
048910,2009-11-26,4200,4285,4110,4200,32448
048910,2009-11-27,4110,4195,3895,3895,25613
048910,2009-11-30,3905,4100,3905,4020,21643
048910,2009-12-01,4235,4235,3440,4080,41836
048910,2009-12-02,4100,4175,4000,4075,15652
048910,2009-12-03,4130,4130,3995,4075,20918
048910,2009-12-04,4070,4380,4005,4380,67271
048910,2009-12-07,4400,4730,4365,4580,51428
048910,2009-12-08,4580,4695,4450,4450,8813
048910,2009-12-09,4400,4400,4295,4355,46618
048910,2009-12-10,4310,4400,4200,4230,30008
048910,2009-12-11,4260,4440,4205,4400,17345
048910,2009-12-14,4400,4620,4400,4430,30122
048910,2009-12-15,4450,4580,4400,4555,22936
048910,2009-12-16,4500,4680,4500,4600,35031
048910,2009-12-17,4505,4640,4470,4505,16676
048910,2009-12-18,4505,4590,4450,4580,11846
048910,2009-12-21,4685,4790,4550,4710,66391
048910,2009-12-22,4750,4935,4650,4805,53416
048910,2009-12-23,4725,4945,4700,4750,15890
048910,2009-12-24,4705,4850,4700,4850,19385
048910,2009-12-28,5000,5050,4735,4800,30602
048910,2009-12-29,4720,4900,4720,4795,18037
048910,2009-12-30,4795,4845,4720,4805,12603
048910,2010-01-04,4950,4990,4805,4920,32264
048910,2010-01-05,4990,4995,4800,4920,21602
048910,2010-01-06,4900,4930,4775,4780,23439
048910,2010-01-07,4890,4890,4655,4790,32614
048910,2010-01-08,4800,4825,4710,4825,28614
048910,2010-01-11,4900,5540,4900,5540,210835
048910,2010-01-12,5170,5440,5110,5430,221532
048910,2010-01-13,5430,5950,5240,5700,125262
048910,2010-01-14,5800,6080,5620,5620,129981
048910,2010-01-15,5790,5840,5620,5800,59479
048910,2010-01-18,5850,5850,5370,5430,99431
048910,2010-01-19,5440,5700,5440,5580,47228
048910,2010-01-20,5700,5700,5250,5300,60113
048910,2010-01-21,5430,5430,5050,5200,45258
048910,2010-01-22,5150,5230,5050,5090,33404
048910,2010-01-25,5010,5130,4840,5020,52538
048910,2010-01-26,5130,5170,4925,4940,32410
048910,2010-01-27,4940,5180,4940,5180,25752
048910,2010-01-28,5150,5250,5100,5160,22289
048910,2010-01-29,5140,5310,5000,5160,22569
048910,2010-02-01,5110,5200,4990,5100,18635
048910,2010-02-02,5100,5180,5000,5180,23518
048910,2010-02-03,5120,5350,5120,5300,15468
048910,2010-02-04,5350,5350,5150,5200,17898
048910,2010-02-05,5000,5200,4905,4990,25491
048910,2010-02-08,5010,5160,4800,4985,19791
048910,2010-02-09,4820,5000,4700,4930,31544
048910,2010-02-10,4930,5030,4820,4970,18198
048910,2010-02-11,4970,5100,4955,5090,4639
048910,2010-02-12,5110,5210,4980,5050,10119
048910,2010-02-16,5050,5190,4985,5030,10919
048910,2010-02-17,5180,5190,4950,4990,17449
048910,2010-02-18,5070,5100,4965,5100,23136
048910,2010-02-19,5150,5150,4910,4915,14257
048910,2010-02-22,4950,5190,4915,5090,45810
048910,2010-02-23,5100,5430,5080,5400,34841
048910,2010-02-24,5400,5500,5250,5360,21268
048910,2010-02-25,5490,5490,5270,5270,9930
048910,2010-02-26,5270,5460,5250,5400,45005
048910,2010-03-02,5480,5620,5260,5610,175229
048910,2010-03-03,5670,5930,5600,5700,430512
048910,2010-03-04,5680,5700,5470,5600,66972
048910,2010-03-05,5560,5800,5470,5750,37972
048910,2010-03-08,5850,5910,5650,5850,95599
048910,2010-03-09,5900,5900,5760,5830,18111
048910,2010-03-10,5940,6350,5840,6120,89501
048910,2010-03-11,6120,6120,5920,6040,39242
048910,2010-03-12,6130,6230,6060,6220,62963
048910,2010-03-15,6290,6400,6130,6160,31373
048910,2010-03-16,6250,6250,5940,6160,26447
048910,2010-03-17,6100,6340,6000,6270,94429
048910,2010-03-18,6300,6890,6180,6250,560021
048910,2010-03-19,6220,6300,6100,6200,99604
048910,2010-03-22,6200,6200,5810,6030,61977
048910,2010-03-23,5930,6150,5930,6100,42992
048910,2010-03-24,6110,6140,5890,5920,61456
048910,2010-03-25,6000,6000,5800,5960,33479
048910,2010-03-26,5960,6280,5960,6130,26435
048910,2010-03-29,6090,6110,5960,6050,33190
048910,2010-03-30,6060,6130,5960,6050,28847
048910,2010-03-31,6050,6050,5910,5920,15651
048910,2010-04-01,5920,5970,5760,5920,83920
048910,2010-04-02,6490,6490,6000,6110,137980
048910,2010-04-05,6200,6300,5950,6130,95871
048910,2010-04-06,6180,6180,5930,6000,52332
048910,2010-04-07,6020,6050,5960,6050,24191
048910,2010-04-08,5990,6040,5910,5910,19142
048910,2010-04-09,6000,6180,5920,6000,69101
048910,2010-04-12,6000,6100,5860,6000,53183
048910,2010-04-13,6070,6210,5860,5860,238232
048910,2010-04-14,5820,5920,5780,5800,67874
048910,2010-04-15,5820,5960,5600,5800,82156
048910,2010-04-16,5780,5800,5560,5800,71145
048910,2010-04-19,5770,5870,5710,5800,25260
048910,2010-04-20,5800,6010,5800,6010,86279
048910,2010-04-21,6050,6090,5900,5910,83095
048910,2010-04-22,5900,5980,5850,5980,52461
048910,2010-04-23,6010,6030,5700,5800,91423
048910,2010-04-26,5800,5870,5700,5850,56232
048910,2010-04-27,5870,5870,5730,5850,35535
048910,2010-04-28,5840,5840,5700,5830,50679
048910,2010-04-29,5900,6650,5860,6300,506095
048910,2010-04-30,6450,6500,6280,6370,223827
048910,2010-05-03,6380,6450,6150,6180,60850
048910,2010-05-04,6280,6720,6280,6680,595784
048910,2010-05-06,6480,7140,6470,6940,581459
048910,2010-05-07,6750,7470,6660,7160,375518
048910,2010-05-10,7270,7300,6990,7030,201008
048910,2010-05-11,7110,7340,6820,7070,238851
048910,2010-05-12,7190,7190,6980,7030,96853
048910,2010-05-13,7060,7300,6590,7040,427303
048910,2010-05-14,7000,7450,6820,7280,228271
048910,2010-05-17,7260,7820,7120,7600,373969
048910,2010-05-18,7790,7790,7260,7600,161939
048910,2010-05-19,7460,7560,7250,7490,64701
048910,2010-05-20,7480,7660,7210,7580,115277
048910,2010-05-24,7580,7650,7250,7550,102560
048910,2010-05-25,7500,7500,6700,7040,134580
048910,2010-05-26,7050,7100,6910,7100,31631
048910,2010-05-27,6950,7130,6900,7100,32333
048910,2010-05-28,7130,7680,7080,7570,126757
048910,2010-05-31,7700,7900,7500,7630,228096
048910,2010-06-01,7750,7770,7530,7650,89312
048910,2010-06-03,7760,8400,7760,8400,287132
048910,2010-06-04,8400,9020,8250,8950,384160
048910,2010-06-07,8700,9000,8560,8760,282400
048910,2010-06-08,8630,8890,8530,8740,118051
048910,2010-06-09,8750,8960,8220,8600,288691
048910,2010-06-10,8700,8740,8370,8470,251532
048910,2010-06-11,8650,8740,8270,8270,111034
048910,2010-06-14,8280,8740,8150,8620,135515
048910,2010-06-15,8540,8660,8400,8410,54050
048910,2010-06-16,8400,8450,8100,8220,173091
048910,2010-06-17,8180,8810,8160,8690,320032
048910,2010-06-18,8780,8780,8410,8480,95412
048910,2010-06-21,8420,8900,8250,8900,205548
048910,2010-06-22,8900,9270,8680,9250,302040
048910,2010-06-23,9200,9330,9000,9100,122119
048910,2010-06-24,9260,9260,8800,9000,103317
048910,2010-06-25,8870,8970,8780,8830,62807
048910,2010-06-28,8860,8990,8720,8770,69251
048910,2010-06-29,8770,9090,8450,8520,112401
048910,2010-06-30,8300,8600,8270,8600,72040
048910,2010-07-01,8600,8600,8310,8420,58758
048910,2010-07-02,8370,8540,7980,8050,160445
048910,2010-07-05,8050,8250,7820,8000,33853
048910,2010-07-06,8010,8300,7810,8050,110406
048910,2010-07-07,8070,8190,7890,7890,45155
048910,2010-07-08,8000,8250,7520,8250,113089
048910,2010-07-09,8440,8440,8130,8300,90052
048910,2010-07-12,8130,8340,7900,8000,119390
048910,2010-07-13,7840,8080,7840,8000,71375
048910,2010-07-14,8000,8120,7930,8100,45365
048910,2010-07-15,8380,8600,8110,8110,481646
048910,2010-07-16,8130,8130,7660,7760,208713
048910,2010-07-19,7690,7850,7600,7700,94026
048910,2010-07-20,7610,7720,7430,7490,108061
048910,2010-07-21,7510,7900,7490,7580,144295
048910,2010-07-22,7580,7630,6990,7240,142156
048910,2010-07-23,7240,7400,7100,7250,37327
048910,2010-07-26,7300,7440,7240,7280,51341
048910,2010-07-27,7280,7390,7070,7150,93540
048910,2010-07-28,7120,7230,7000,7100,65623
048910,2010-07-29,7190,7190,6940,7100,76210
048910,2010-07-30,7170,7680,6970,7670,256613
048910,2010-08-02,7660,7900,7620,7800,138380
048910,2010-08-03,7820,7880,7600,7770,80116
048910,2010-08-04,7870,7900,7650,7900,78210
048910,2010-08-05,7900,8100,7880,8000,66885
048910,2010-08-06,8000,8170,7690,8170,60601
048910,2010-08-09,8140,8150,7900,7900,64973
048910,2010-08-10,7950,8100,7630,8100,122241
048910,2010-08-11,8090,8160,7830,8000,79549
048910,2010-08-12,7800,8000,7770,7900,41282
048910,2010-08-13,7750,7980,7750,7950,23638
048910,2010-08-16,7610,7960,7610,7840,37079
048910,2010-08-17,7820,7990,7720,7980,97789
048910,2010-08-18,8100,8450,7950,8300,216987
048910,2010-08-19,8310,8500,8300,8450,119863
048910,2010-08-20,8480,8530,7220,8530,106216
048910,2010-08-23,8700,8700,8400,8490,50887
048910,2010-08-24,8530,8900,8400,8800,154972
048910,2010-08-25,8800,9090,8640,8760,169315
048910,2010-08-26,8760,9080,8690,8750,119977
048910,2010-08-27,8670,8800,8480,8600,79647
048910,2010-08-30,8600,8910,8550,8880,101534
048910,2010-08-31,8880,10000,8820,9500,518118
048910,2010-09-01,9630,9940,9420,9900,200808
048910,2010-09-02,10000,10700,9890,10100,591529
048910,2010-09-03,10200,10750,9990,10200,336826
048910,2010-09-06,10350,10700,9970,10500,293580
048910,2010-09-07,10500,10700,10250,10300,112260
048910,2010-09-08,10200,10700,9980,10700,193795
048910,2010-09-09,10850,10850,10450,10550,139632
048910,2010-09-10,10600,10750,10300,10500,102394
048910,2010-09-13,10500,10600,10000,10300,201923
048910,2010-09-14,10150,10300,9740,9990,233023
048910,2010-09-15,9990,10050,9680,9970,115010
048910,2010-09-16,10000,10150,9800,10000,99547
048910,2010-09-17,9990,10500,9990,10050,228512
048910,2010-09-20,10100,10200,9800,10050,96276
048910,2010-09-24,10000,10100,9800,9800,65356
048910,2010-09-27,9740,9820,9150,9220,211870
048910,2010-09-28,9150,9340,9100,9150,80228
048910,2010-09-29,9150,9350,9030,9200,108058
048910,2010-09-30,9210,9290,8850,9290,128566
048910,2010-10-01,9300,9480,9100,9120,102624
048910,2010-10-04,9120,9260,8760,8760,146862
048910,2010-10-05,8720,8940,8600,8940,91102
048910,2010-10-06,9030,9050,8740,8740,57500
048910,2010-10-07,8740,9100,8740,9050,98058
048910,2010-10-08,9240,9530,9170,9190,294686
048910,2010-10-11,9190,9280,8930,8980,112228
048910,2010-10-12,9060,9060,8330,8380,216267
048910,2010-10-13,8470,8550,8320,8470,102568
048910,2010-10-14,8670,8700,8400,8470,90127
048910,2010-10-15,8470,8750,8450,8750,97119
048910,2010-10-18,8780,8950,8620,8800,100380
048910,2010-10-19,8810,9270,8780,9170,262215
048910,2010-10-20,9200,10500,9100,10500,757601
048910,2010-10-21,10550,10650,9910,10100,1271473
048910,2010-10-22,10100,10350,9740,9750,751409
048910,2010-10-25,9760,9950,9530,9900,271654
048910,2010-10-26,9950,9960,9190,9310,369792
048910,2010-10-27,9380,9400,9170,9320,186329
048910,2010-10-28,9380,9400,8870,9000,230389
048910,2010-10-29,9160,9550,8960,9280,265733
048910,2010-11-01,9280,9480,9070,9200,217652
048910,2010-11-02,9280,9510,9150,9470,321482
048910,2010-11-03,9550,9590,8740,8960,251047
048910,2010-11-04,9000,9070,8760,8900,194888
048910,2010-11-05,9010,9070,8690,8690,143104
048910,2010-11-08,8600,8670,8190,8260,262896
048910,2010-11-09,8260,8530,7970,7980,219887
048910,2010-11-10,7960,7980,7500,7700,340899
048910,2010-11-11,7710,7810,7310,7330,402442
048910,2010-11-12,7370,7530,6820,7000,311813
048910,2010-11-15,7000,7180,6710,6920,257480
048910,2010-11-16,6950,7080,6930,6960,133771
048910,2010-11-17,6770,7280,6740,7200,155629
048910,2010-11-18,7200,7290,7080,7120,115741
048910,2010-11-19,7160,7210,7000,7000,109526
048910,2010-11-22,6980,7060,6610,6680,272851
048910,2010-11-23,6680,6850,6380,6770,409500
048910,2010-11-24,6340,6720,6290,6610,128854
048910,2010-11-25,6670,6890,6670,6770,100665
048910,2010-11-26,6770,6920,6400,6470,100069
048910,2010-11-29,6430,6610,6350,6560,59307
048910,2010-11-30,6560,6720,6490,6630,37280
048910,2010-12-01,6630,6720,6510,6700,33725
048910,2010-12-02,6800,6840,6630,6760,43713
048910,2010-12-03,6850,6860,6470,6490,120943
048910,2010-12-06,6500,6560,6130,6190,88957
048910,2010-12-07,6140,6190,5730,6000,261254
048910,2010-12-08,6000,6090,5870,5900,50296
048910,2010-12-09,5790,6100,5790,6080,66052
048910,2010-12-10,6030,6130,6000,6100,33097
048910,2010-12-13,6050,6130,5990,6020,34771
048910,2010-12-14,5960,6110,5960,6010,39602
048910,2010-12-15,6180,6180,6010,6050,28445
048910,2010-12-16,6000,6050,5880,5900,74757
048910,2010-12-17,5900,5940,5730,5900,76181
048910,2010-12-20,5950,5950,5600,5740,70033
048910,2010-12-21,5950,5950,5750,5820,42406
048910,2010-12-22,5820,5940,5780,5920,60257
048910,2010-12-23,5810,5960,5780,5810,33772
048910,2010-12-24,5750,5940,5750,5850,31457
048910,2010-12-27,5800,5950,5700,5770,37137
048910,2010-12-28,5630,5760,5610,5710,60041
048910,2010-12-29,5850,5930,5690,5920,53976
048910,2010-12-30,5920,6470,5920,6310,179038
048910,2011-01-03,6420,6460,6290,6380,148362
048910,2011-01-04,6410,6900,6410,6750,563724
048910,2011-01-05,6730,6730,6440,6560,194294
048910,2011-01-06,6570,6620,6290,6390,121905
048910,2011-01-07,6350,6490,6310,6350,100900
048910,2011-01-10,6440,6440,6270,6400,84616
048910,2011-01-11,6340,6430,6210,6310,60594
048910,2011-01-12,6310,6390,6220,6360,83289
048910,2011-01-13,6340,6550,6250,6340,107082
048910,2011-01-14,6340,6400,6180,6390,71832
048910,2011-01-17,6410,6440,6210,6300,77029
048910,2011-01-18,6300,6300,5900,6050,149719
048910,2011-01-19,6200,6200,5900,5950,94596
048910,2011-01-20,5860,5900,5670,5750,131351
048910,2011-01-21,5750,5990,5690,5710,81020
048910,2011-01-24,5650,5750,5550,5620,74152
048910,2011-01-25,5620,5700,5470,5580,76489
048910,2011-01-26,5480,5570,5430,5550,63156
048910,2011-01-27,5530,5570,5460,5460,34610
048910,2011-01-28,5450,5680,5450,5680,67787
048910,2011-01-31,5600,5680,5540,5640,39212
048910,2011-02-01,5680,5680,5500,5500,48900
048910,2011-02-07,5520,5600,5430,5470,45482
048910,2011-02-08,5400,5580,5400,5570,34304
048910,2011-02-09,5570,5590,5480,5550,37144
048910,2011-02-10,5500,5600,5500,5510,26929
048910,2011-02-11,5470,5660,5430,5500,43914
048910,2011-02-14,5520,5550,5450,5550,44825
048910,2011-02-15,5440,5440,4990,5000,214196
048910,2011-02-16,4860,4975,4770,4770,126023
048910,2011-02-17,4770,4890,4685,4685,76977
048910,2011-02-18,4690,4835,4685,4800,31197
048910,2011-02-21,4760,4990,4750,4970,54479
048910,2011-02-22,4900,5100,4890,5080,142776
048910,2011-02-23,4920,5130,4910,5090,76338
048910,2011-02-24,5090,5150,4990,4990,27266
048910,2011-02-25,5000,5100,4815,4845,44629
048910,2011-02-28,4805,4875,4610,4690,33201
048910,2011-03-02,4515,4700,4515,4550,30976
048910,2011-03-03,4550,4675,4550,4610,37654
048910,2011-03-04,4615,4655,4555,4635,41607
048910,2011-03-07,4600,4700,4600,4675,18238
048910,2011-03-08,4650,4745,4600,4650,29753
048910,2011-03-09,4665,4700,4625,4650,42133
048910,2011-03-10,4635,4930,4605,4900,93201
048910,2011-03-11,4900,4920,4750,4890,41024
048910,2011-03-14,4870,4870,4420,4590,62532
048910,2011-03-15,4475,4550,4190,4385,74822
048910,2011-03-16,4305,4450,4250,4365,45826
048910,2011-03-17,4250,4350,4150,4320,63538
048910,2011-03-18,4290,4380,4265,4295,27588
048910,2011-03-21,4295,4450,4295,4360,61132
048910,2011-03-22,4410,4530,4410,4460,46948
048910,2011-03-23,4460,4500,4400,4450,22075
048910,2011-03-24,4500,4650,4470,4580,74043
048910,2011-03-25,4645,4645,4485,4510,36893
048910,2011-03-28,4510,4700,4480,4495,31903
048910,2011-03-29,4465,4590,4445,4580,38734
048910,2011-03-30,4595,4595,4480,4480,34176
048910,2011-03-31,4500,4575,4475,4500,34521
048910,2011-04-01,4500,4550,4470,4535,20426
048910,2011-04-04,4535,4690,4525,4665,37314
048910,2011-04-05,4615,4680,4590,4610,29342
048910,2011-04-06,4600,4880,4600,4745,134054
048910,2011-04-07,4780,4845,4670,4675,43342
048910,2011-04-08,4685,4800,4670,4790,43387
048910,2011-04-11,4820,4920,4750,4750,43583
048910,2011-04-12,4750,4890,4670,4700,53995
048910,2011-04-13,4685,4700,4550,4610,37481
048910,2011-04-14,4630,4695,4565,4650,20578
048910,2011-04-15,4620,4835,4615,4780,43136
048910,2011-04-18,4780,4800,4660,4675,60393
048910,2011-04-19,4650,4700,4480,4545,53944
048910,2011-04-20,4450,4650,4450,4540,31548
048910,2011-04-21,4620,4620,4515,4580,35386
048910,2011-04-22,4565,4645,4500,4500,31741
048910,2011-04-25,4505,4580,4475,4580,36236
048910,2011-04-26,4560,4590,4350,4440,45117
048910,2011-04-27,4410,4495,4285,4410,53682
048910,2011-04-28,4415,4415,4245,4245,66059
048910,2011-04-29,4220,4380,4200,4285,16249
048910,2011-05-02,4300,4365,4255,4360,49213
048910,2011-05-03,4280,4325,4215,4300,18841
048910,2011-05-04,4315,4380,4280,4305,10453
048910,2011-05-06,4300,4320,4150,4240,17164
048910,2011-05-09,4240,4240,4110,4145,18194
048910,2011-05-11,4150,4320,4100,4120,17737
048910,2011-05-12,4175,4175,4005,4160,28456
048910,2011-05-13,4160,4300,4125,4160,45538
048910,2011-05-16,4100,4220,4050,4220,57471
048910,2011-05-17,4160,4245,4055,4180,42904
048910,2011-05-18,4110,4185,4055,4135,23635
048910,2011-05-19,4105,4180,4060,4060,31413
048910,2011-05-20,4035,4075,3890,3975,45583
048910,2011-05-23,3970,3995,3775,3885,38594
048910,2011-05-24,3815,3935,3815,3880,23658
048910,2011-05-25,3900,3910,3805,3850,23889
048910,2011-05-26,3890,3900,3700,3840,40499
048910,2011-05-27,3850,3850,3760,3760,36160
048910,2011-05-30,3820,3820,3650,3720,33498
048910,2011-05-31,3765,3770,3645,3725,59098
048910,2011-06-01,3705,3750,3700,3730,31691
048910,2011-06-02,3700,3765,3645,3700,13269
048910,2011-06-03,3610,3715,3610,3640,15669
048910,2011-06-07,3640,3665,3505,3600,22529
048910,2011-06-08,3550,3600,3475,3550,29487
048910,2011-06-09,3455,3650,3455,3650,20577
048910,2011-06-10,3700,3700,3555,3640,7466
048910,2011-06-13,3660,3695,3450,3575,43277
048910,2011-06-14,3575,3590,3440,3500,57706
048910,2011-06-15,3580,3580,3460,3545,41273
048910,2011-06-16,3500,3555,3470,3500,14537
048910,2011-06-17,3475,3515,3445,3495,29206
048910,2011-06-20,3500,3515,3400,3400,16519
048910,2011-06-21,3400,3455,3245,3270,70776
048910,2011-06-22,3275,3355,3260,3355,31199
048910,2011-06-23,3355,3395,3300,3350,48516
048910,2011-06-24,3350,3540,3335,3465,74153
048910,2011-06-27,3415,3470,3390,3470,21873
048910,2011-06-28,3470,3480,3400,3445,15965
048910,2011-06-29,3400,3620,3400,3500,43304
048910,2011-06-30,3525,3580,3460,3500,51765
048910,2011-07-01,3490,3530,3480,3530,78890
048910,2011-07-04,3760,3845,3600,3615,141267
048910,2011-07-05,3585,3635,3535,3590,48820
048910,2011-07-06,3610,3710,3580,3695,64788
048910,2011-07-07,3710,3800,3630,3770,55870
048910,2011-07-08,3770,3800,3715,3770,22023
048910,2011-07-11,3800,3800,3705,3765,31548
048910,2011-07-12,3690,3735,3555,3585,48075
048910,2011-07-13,3585,3670,3570,3620,19669
048910,2011-07-14,3590,3675,3575,3625,23932
048910,2011-07-15,3675,3675,3600,3640,26158
048910,2011-07-18,3640,3755,3640,3730,47770
048910,2011-07-19,3755,4285,3705,4285,412513
048910,2011-07-20,4440,4895,4350,4350,1213975
048910,2011-07-21,4390,4895,4225,4520,928793
048910,2011-07-22,4630,4950,4525,4650,684021
048910,2011-07-25,4750,4790,4530,4600,217370
048910,2011-07-26,4555,4875,4555,4750,244730
048910,2011-07-27,4780,4780,4510,4545,234693
048910,2011-07-28,4450,4750,4435,4480,124774
048910,2011-07-29,4500,4720,4500,4580,125709
048910,2011-08-01,4620,4830,4620,4680,200160
048910,2011-08-02,4680,4760,4550,4760,126154
048910,2011-08-03,4860,5280,4825,4990,570434
048910,2011-08-04,5060,5680,5020,5140,630990
048910,2011-08-05,4825,5090,4560,4710,314776
048910,2011-08-08,4710,4975,4020,4345,256131
048910,2011-08-09,4100,4200,3695,4050,211884
048910,2011-08-10,4075,4655,4075,4370,354848
048910,2011-08-11,4200,4590,4050,4540,172960
048910,2011-08-12,4700,5220,4690,5220,530214
048910,2011-08-16,5720,6000,5500,5680,1122946
048910,2011-08-17,5550,5920,5350,5840,803989
048910,2011-08-18,6130,6600,5570,5810,1408704
048910,2011-08-19,5510,5630,4940,4940,574498
048910,2011-08-22,5100,5300,4710,5050,497654
048910,2011-08-23,5300,5380,5130,5200,263493
048910,2011-08-24,5300,5430,4860,4860,276127
048910,2011-08-25,4980,5130,4440,4480,247069
048910,2011-08-26,4480,4780,4480,4540,153929
048910,2011-08-29,4645,4690,4500,4590,154063
048910,2011-08-30,4670,5050,4610,4915,240243
048910,2011-08-31,5090,5130,4890,5000,168163
048910,2011-09-01,5090,5370,5020,5160,405244
048910,2011-09-02,5160,5240,5000,5130,170282
048910,2011-09-05,5110,5110,4375,4750,174671
048910,2011-09-06,4800,4800,4220,4475,139027
048910,2011-09-07,4500,4680,4455,4640,89666
048910,2011-09-08,4690,4730,4510,4530,72025
048910,2011-09-09,4465,4700,4465,4585,79091
048910,2011-09-14,4550,4720,4450,4680,105057
048910,2011-09-15,4900,5380,4710,5020,767963
048910,2011-09-16,5150,5170,4850,4900,158102
048910,2011-09-19,4950,4950,4560,4560,225622
048910,2011-09-20,4470,4750,4445,4690,130715
048910,2011-09-21,4700,4795,4580,4640,106757
048910,2011-09-22,4565,4945,4450,4765,230804
048910,2011-09-23,4515,4625,4200,4200,154562
048910,2011-09-26,4205,4275,3570,3600,250458
048910,2011-09-27,3710,3900,3660,3785,126044
048910,2011-09-28,3830,4050,3830,3855,114196
048910,2011-09-29,3785,3930,3785,3870,65943
048910,2011-09-30,3965,4185,3915,4020,108686
048910,2011-10-04,3710,3900,3630,3900,71367
048910,2011-10-05,3900,3945,3730,3785,84282
048910,2011-10-06,3905,4350,3905,4350,282161
048910,2011-10-07,4510,4690,4325,4330,272099
048910,2011-10-10,4460,4575,4300,4350,97928
048910,2011-10-11,4500,4780,4470,4500,188957
048910,2011-10-12,4535,4745,4500,4650,124512
048910,2011-10-13,4735,4890,4680,4810,124094
048910,2011-10-14,4880,5350,4860,5130,399606
048910,2011-10-17,5200,5300,5010,5210,131088
048910,2011-10-18,5080,5120,4965,5060,120143
048910,2011-10-19,5210,5610,5070,5510,394376
048910,2011-10-20,5450,5680,4810,4855,225561
048910,2011-10-21,4920,5160,4750,5110,124631
048910,2011-10-24,5220,5220,5060,5120,73487
048910,2011-10-25,5230,5240,4990,5060,59764
048910,2011-10-26,5060,5100,4925,5060,66832
048910,2011-10-27,5070,5600,5000,5530,292315
048910,2011-10-28,5650,5690,5300,5500,158382
048910,2011-10-31,5360,5600,5360,5450,71372
048910,2011-11-01,5400,5920,5400,5710,217243
048910,2011-11-02,5550,5910,5530,5810,144498
048910,2011-11-03,5900,6120,5740,5990,183407
048910,2011-11-04,6110,6110,5870,5970,82680
048910,2011-11-07,5970,6030,5770,5860,101404
048910,2011-11-08,5860,5950,5650,5870,85865
048910,2011-11-09,5970,5970,5640,5720,64317
048910,2011-11-10,5500,5610,5130,5360,149146
048910,2011-11-11,5370,5400,5160,5260,89730
048910,2011-11-14,5350,5790,5300,5680,72250
048910,2011-11-15,5640,5780,5580,5680,53384
048910,2011-11-16,5860,6000,5690,5690,128256
048910,2011-11-17,5730,6340,5700,6340,275253
048910,2011-11-18,6300,6310,6080,6200,116304
048910,2011-11-21,6150,6250,5800,5990,111324
048910,2011-11-22,5840,6090,5810,5990,47859
048910,2011-11-23,5950,6050,5740,5780,73367
048910,2011-11-24,5620,5840,5610,5770,40548
048910,2011-11-25,5720,5820,5390,5500,75092
048910,2011-11-28,5470,5770,5460,5720,47159
048910,2011-11-29,5800,5910,5720,5820,58583
048910,2011-11-30,5900,5940,5760,5830,30534
048910,2011-12-01,5910,5960,5720,5790,55562
048910,2011-12-02,5800,5880,5650,5790,36531
048910,2011-12-05,5800,5900,5700,5840,62012
048910,2011-12-06,5840,5870,5770,5800,43674
048910,2011-12-07,5880,5880,5700,5800,43026
048910,2011-12-08,5880,5880,5700,5830,32015
048910,2011-12-09,5860,5860,5670,5760,51942
048910,2011-12-12,5800,6150,5670,6150,131233
048910,2011-12-13,6150,6300,6010,6300,122396
048910,2011-12-14,6340,6680,6340,6570,168887
048910,2011-12-15,6490,6900,6300,6800,199841
048910,2011-12-16,6890,7000,6640,6940,159470
048910,2011-12-19,6880,6970,6010,6470,224860
048910,2011-12-20,6470,7440,6320,7440,431457
048910,2011-12-21,7540,7560,7230,7380,279510
048910,2011-12-22,7320,7760,7320,7690,202885
048910,2011-12-23,7690,7690,7440,7540,134732
048910,2011-12-26,7540,7640,7220,7250,102097
048910,2011-12-27,7250,7320,6810,7050,144570
048910,2011-12-28,7080,7320,6910,7250,90286
048910,2011-12-29,7250,8300,7180,8120,511800
048910,2012-01-02,8010,8160,7800,8010,282883
048910,2012-01-03,8090,8240,7850,8110,219242
048910,2012-01-04,8020,8870,7920,8390,456667
048910,2012-01-05,8360,8590,8250,8440,163649
048910,2012-01-06,8360,8430,8140,8240,134874
048910,2012-01-09,8200,8290,7850,8200,114371
048910,2012-01-10,8160,8590,8160,8510,106829
048910,2012-01-11,8530,8580,8330,8490,96566
048910,2012-01-12,8500,8900,8320,8790,246236
048910,2012-01-13,8830,8910,8700,8850,119801
048910,2012-01-16,8900,8900,8510,8510,90915
048910,2012-01-17,8550,8750,8390,8710,88959
048910,2012-01-18,8710,8750,8330,8390,59639
048910,2012-01-19,8420,8690,8210,8340,129543
048910,2012-01-20,8340,8440,8160,8280,68133
048910,2012-01-25,8280,8390,7690,7800,124828
048910,2012-01-26,7810,8160,7810,8040,68206
048910,2012-01-27,8050,8100,7830,7990,45191
048910,2012-01-30,7990,8040,7750,7820,32740
048910,2012-01-31,7760,7960,7740,7910,43363
048910,2012-02-01,7890,8160,7890,8100,42894
048910,2012-02-02,8350,8350,7950,7950,49836
048910,2012-02-03,7980,8600,7980,8480,120809
048910,2012-02-06,8480,8670,8370,8650,67129
048910,2012-02-07,8650,8720,8560,8600,30433
048910,2012-02-08,8600,8920,8600,8850,97546
048910,2012-02-09,8740,9210,8660,9180,123072
048910,2012-02-10,9180,9450,9030,9130,152296
048910,2012-02-13,8880,9390,8880,9300,99774
048910,2012-02-14,9310,10650,9220,9600,1311551
048910,2012-02-15,9630,10500,9320,9630,531260
048910,2012-02-16,9550,9990,9510,9900,292076
048910,2012-02-17,10000,11200,9820,10700,571969
048910,2012-02-20,10700,10950,10350,10550,194548
048910,2012-02-21,10550,10950,10400,10600,139929
048910,2012-02-22,10850,10850,10400,10800,117530
048910,2012-02-23,10800,10800,10000,10400,134175
048910,2012-02-24,10500,10500,10000,10350,103683
048910,2012-02-27,10350,10350,9870,9930,78287
048910,2012-02-28,9990,10600,9850,10000,173780
048910,2012-02-29,9910,10300,9820,10200,154717
048910,2012-03-02,10300,10300,9900,9900,52268
048910,2012-03-05,10100,10100,9810,9900,48427
048910,2012-03-06,9920,9950,9510,9700,101736
048910,2012-03-07,9500,10100,9450,10100,83123
048910,2012-03-08,10150,10800,10000,10750,226727
048910,2012-03-09,10700,10850,10500,10700,104407
048910,2012-03-12,10750,11100,10450,10600,130782
048910,2012-03-13,10700,11400,10600,11400,259829
048910,2012-03-14,11400,11650,11200,11250,126762
048910,2012-03-15,11400,11450,10850,10850,105033
048910,2012-03-16,11000,11000,10350,10950,113250
048910,2012-03-19,10850,11200,10750,10750,81945
048910,2012-03-20,10700,11200,10650,10750,81476
048910,2012-03-21,10800,11350,10600,11150,107192
048910,2012-03-22,11100,11750,11100,11700,221196
048910,2012-03-23,11550,11800,11400,11700,110202
048910,2012-03-26,11700,12050,11600,11650,133955
048910,2012-03-27,11900,11900,11500,11750,76738
048910,2012-03-28,11650,11800,10950,11200,216241
048910,2012-03-29,11200,11250,10500,10950,128425
048910,2012-03-30,10950,11250,10550,10700,99846
048910,2012-04-02,10700,10850,10300,10850,92449
048910,2012-04-03,11000,11000,10550,10700,60136
048910,2012-04-04,10600,10800,9840,9840,130685
048910,2012-04-05,9800,11300,9610,10750,288468
048910,2012-04-06,10950,10950,10450,10750,45425
048910,2012-04-09,10550,10650,9800,9800,144977
048910,2012-04-10,9950,10250,9780,10000,126315
048910,2012-04-12,10000,10050,9610,9900,57372
048910,2012-04-13,9830,10250,9830,10150,74641
048910,2012-04-16,9940,10100,9890,9970,39479
048910,2012-04-17,9970,10200,9820,9820,77084
048910,2012-04-18,9970,10100,9920,9950,54642
048910,2012-04-19,10000,10050,9640,9700,45232
048910,2012-04-20,9510,9600,8970,9360,211498
048910,2012-04-23,9370,9370,8710,8710,133055
048910,2012-04-24,8680,9280,8500,9240,110256
048910,2012-04-25,9260,9500,9200,9210,68119
048910,2012-04-26,9250,9550,9250,9400,62482
048910,2012-04-27,9430,9720,9400,9600,70977
048910,2012-04-30,9610,9800,9450,9600,53612
048910,2012-05-02,9710,9710,9300,9710,50606
048910,2012-05-03,9750,9800,8320,9650,40948
048910,2012-05-04,9660,9980,9380,9980,94687
048910,2012-05-07,9800,9900,9570,9850,26433
048910,2012-05-08,9800,9860,9170,9600,104539
048910,2012-05-09,9580,9580,8990,8990,63921
048910,2012-05-10,8880,9500,8800,9500,94133
048910,2012-05-11,9330,9540,9170,9340,33981
048910,2012-05-14,9300,9340,8840,8860,43180
048910,2012-05-15,8700,9000,8120,9000,82978
048910,2012-05-16,8980,8980,8320,8560,35791
048910,2012-05-17,8420,8690,8180,8500,86013
048910,2012-05-18,8020,8090,7300,7300,132455
048910,2012-05-21,7250,7360,6580,6620,290479
048910,2012-05-22,6450,7100,6450,6900,201672
048910,2012-05-23,6850,7000,6700,6830,68673
048910,2012-05-24,6860,7170,6830,7080,44431
048910,2012-05-25,7080,7190,6930,7000,34376
048910,2012-05-29,7000,7100,6760,6820,48965
048910,2012-05-30,6900,6930,6660,6820,44494
048910,2012-05-31,6780,6990,6580,6990,36999
048910,2012-06-01,6960,7120,6820,7050,34053
048910,2012-06-04,6710,6800,6470,6500,37646
048910,2012-06-05,6500,6590,6270,6560,66743
048910,2012-06-07,6650,7190,6640,7100,72118
048910,2012-06-08,7080,7510,7080,7380,73605
048910,2012-06-11,7500,7560,7120,7470,33990
048910,2012-06-12,7400,7450,7290,7450,35321
048910,2012-06-13,7520,7520,7280,7490,19656
048910,2012-06-14,7340,7700,7230,7470,44592
048910,2012-06-15,7450,7530,7220,7250,38281
048910,2012-06-18,7270,7440,7270,7270,11706
048910,2012-06-19,7270,7380,7200,7300,13564
048910,2012-06-20,7330,7460,7260,7300,37727
048910,2012-06-21,7370,7370,7200,7280,24551
048910,2012-06-22,7200,7200,6900,7000,66763
048910,2012-06-25,6980,7000,6780,6780,42044
048910,2012-06-26,6650,7100,6650,6880,30961
048910,2012-06-27,6880,6900,6690,6830,21496
048910,2012-06-28,6830,6870,6600,6690,59998
048910,2012-06-29,6690,6990,6600,6850,44605
048910,2012-07-02,7090,7090,6700,6700,38445
048910,2012-07-03,6670,6940,6670,6800,42667
048910,2012-07-04,6810,7040,6810,6950,34593
048910,2012-07-05,6950,7800,6900,7690,170796
048910,2012-07-06,7710,7960,7600,7860,74056
048910,2012-07-09,7730,7870,7600,7750,34856
048910,2012-07-10,7800,7800,7390,7500,42809
048910,2012-07-11,7640,7640,6860,7450,25659
048910,2012-07-12,7450,7500,7080,7240,37365
048910,2012-07-13,7110,7280,6850,7220,36557
048910,2012-07-16,7120,7340,7090,7140,54098
048910,2012-07-17,7060,7150,6980,7150,28895
048910,2012-07-18,7150,7240,7020,7120,50937
048910,2012-07-19,7110,7550,7110,7500,79813
048910,2012-07-20,7500,8440,7490,8120,165115
048910,2012-07-23,7960,8390,7960,8350,114128
048910,2012-07-24,8300,8390,7930,8260,63714
048910,2012-07-25,8100,8240,7850,8100,87508
048910,2012-07-26,8230,8230,7830,7900,44864
048910,2012-07-27,8000,8280,7900,8270,69759
048910,2012-07-30,8300,8530,8210,8490,58154
048910,2012-07-31,8490,8720,8400,8630,80409
048910,2012-08-01,8630,8690,8390,8470,53179
048910,2012-08-02,8310,8500,8150,8370,43005
048910,2012-08-03,8220,8440,8200,8400,21467
048910,2012-08-06,8400,8470,8350,8360,30852
048910,2012-08-07,8490,8490,8110,8140,50248
048910,2012-08-08,8140,8190,8030,8140,34747
048910,2012-08-09,8140,8140,7820,7860,66721
048910,2012-08-10,7870,7980,7500,7860,69127
048910,2012-08-13,7850,8040,7660,8040,107420
048910,2012-08-14,8010,8320,8010,8310,76463
048910,2012-08-16,8390,8390,8230,8250,40240
048910,2012-08-17,8250,8400,7980,8080,77436
048910,2012-08-20,8090,8110,7830,8070,101282
048910,2012-08-21,8000,8090,7950,8050,71816
048910,2012-08-22,8050,8050,7710,7710,59993
048910,2012-08-23,7820,8280,7800,8200,146602
048910,2012-08-24,8110,8600,8070,8500,113361
048910,2012-08-27,8490,8670,8390,8500,87552
048910,2012-08-28,8570,8570,8300,8340,44550
048910,2012-08-29,8330,8740,8250,8600,109137
048910,2012-08-30,8560,8650,7960,8590,70982
048910,2012-08-31,8530,8940,8460,8720,82915
048910,2012-09-03,8720,8820,8620,8640,38572
048910,2012-09-04,8620,9200,8610,9150,135451
048910,2012-09-05,9150,9410,9040,9160,111598
048910,2012-09-06,9160,9460,9040,9440,59076
048910,2012-09-07,9440,9540,9340,9400,50886
048910,2012-09-10,9400,9420,9200,9290,47755
048910,2012-09-11,9290,9290,8810,9100,73546
048910,2012-09-12,9040,9260,9020,9070,36395
048910,2012-09-13,9070,9330,9070,9240,31923
048910,2012-09-14,9430,9430,8930,9030,85955
048910,2012-09-17,9000,9000,8210,8710,142832
048910,2012-09-18,8720,8900,8700,8900,43202
048910,2012-09-19,8830,9000,8720,8760,34805
048910,2012-09-20,8670,8820,8590,8600,34242
048910,2012-09-21,8560,8940,8300,8940,104135
048910,2012-09-24,9000,9150,8910,8990,47019
048910,2012-09-25,8990,9080,8800,8980,20494
048910,2012-09-26,9140,9320,8800,9160,75152
048910,2012-09-27,9160,9550,9000,9530,169889
048910,2012-09-28,9640,10950,9560,10950,995570
048910,2012-10-02,10850,11400,10750,11100,413523
048910,2012-10-04,11200,11300,10800,11300,232263
048910,2012-10-05,11200,11250,10900,11150,176063
048910,2012-10-08,11250,11900,10950,11500,310394
048910,2012-10-09,11450,11550,11100,11350,141175
048910,2012-10-10,11350,11350,10750,11000,158611
048910,2012-10-11,10800,11350,10800,11350,85169
048910,2012-10-12,11350,11900,11000,11350,247386
048910,2012-10-15,11350,11600,10850,11250,168139
048910,2012-10-16,11300,11450,10900,10950,80366
048910,2012-10-17,11000,12450,10900,11850,755812
048910,2012-10-18,12150,12400,11400,11600,358104
048910,2012-10-19,11750,12150,11200,12050,260255
048910,2012-10-22,11800,12300,11750,12000,243794
048910,2012-10-23,12000,12250,11650,11900,122720
048910,2012-10-24,11650,11800,11200,11450,212401
048910,2012-10-25,11300,11500,10750,11000,224225
048910,2012-10-26,11200,11200,10050,10250,177979
048910,2012-10-29,10250,10350,9620,9920,114777
048910,2012-10-30,9850,10200,9850,10100,48875
048910,2012-10-31,10100,10400,9950,10000,114607
048910,2012-11-01,10000,10150,9730,10050,76649
048910,2012-11-02,10150,10500,10150,10150,79219
048910,2012-11-05,10050,10150,9790,9800,75255
048910,2012-11-06,9900,9970,9210,9500,137618
048910,2012-11-07,9690,9690,9100,9160,92041
048910,2012-11-08,8980,9510,8750,9500,133298
048910,2012-11-09,9480,9990,9240,9990,154579
048910,2012-11-12,10100,10450,9920,10100,110523
048910,2012-11-13,9960,10100,9800,9970,56070
048910,2012-11-14,9900,10300,9550,9600,99725
048910,2012-11-15,9450,9610,9210,9500,74782
048910,2012-11-16,9400,9500,8970,8970,67598
048910,2012-11-19,8970,9550,8970,9500,47465
048910,2012-11-20,9700,10300,9690,10300,156730
048910,2012-11-21,10500,10700,10050,10200,240428
048910,2012-11-22,10350,11350,10250,11100,234252
048910,2012-11-23,11100,11300,10600,10850,116835
048910,2012-11-26,11000,11350,10800,11250,98695
048910,2012-11-27,11250,11600,11150,11450,137731
048910,2012-11-28,11550,11650,11200,11300,59796
048910,2012-11-29,11450,11500,10800,10950,133735
048910,2012-11-30,10900,11300,10700,11200,110874
048910,2012-12-03,11350,11750,11200,11700,173036
048910,2012-12-04,11600,12000,11500,11750,139073
048910,2012-12-05,11800,11850,11300,11300,85105
048910,2012-12-06,11400,11500,10850,11300,99767
048910,2012-12-07,11400,11900,10950,11350,134646
048910,2012-12-10,11350,11400,10900,10950,69084
048910,2012-12-11,10850,11400,10800,11400,124765
048910,2012-12-12,11400,12100,11050,11500,388089
048910,2012-12-13,11750,11950,11450,11450,210249
048910,2012-12-14,11400,11650,11250,11300,63249
048910,2012-12-17,11400,11600,10700,10700,98539
048910,2012-12-18,10750,10850,10050,10200,125589
048910,2012-12-20,10250,10550,9940,10550,97825
048910,2012-12-21,10550,10650,10100,10150,49242
048910,2012-12-24,10050,10350,9900,10000,84763
048910,2012-12-26,10050,10350,9980,10200,50756
048910,2012-12-27,10200,10550,10150,10350,55528
048910,2012-12-28,10300,10400,10150,10350,27973
048910,2013-01-02,10500,10600,10250,10400,74565
048910,2013-01-03,10450,10500,10200,10250,38464
048910,2013-01-04,10150,10400,10050,10400,43530
048910,2013-01-07,10550,10750,10250,10650,69238
048910,2013-01-08,10650,11000,10650,10950,100602
048910,2013-01-09,10950,11050,10700,10900,50555
048910,2013-01-10,10800,11000,10700,10900,37088
048910,2013-01-11,11100,11100,10700,10850,55578
048910,2013-01-14,10900,11100,10750,10850,52747
048910,2013-01-15,10750,10850,10350,10400,74431
048910,2013-01-16,10450,10500,9900,10000,78823
048910,2013-01-17,10850,11500,10050,10150,1821419
048910,2013-01-18,10200,10250,9950,10000,236204
048910,2013-01-21,10050,10050,9790,9800,152306
048910,2013-01-22,9760,9980,9710,9890,99284
048910,2013-01-23,9880,9970,9610,9610,76709
048910,2013-01-24,9610,9650,9310,9600,76819
048910,2013-01-25,9600,9660,9400,9470,32428
048910,2013-01-28,9460,9680,9380,9630,36198
048910,2013-01-29,9620,9680,9500,9580,44672
048910,2013-01-30,9590,9590,9260,9260,54858
048910,2013-01-31,9190,9330,9110,9250,31265
048910,2013-02-01,9330,9520,9200,9310,50436
048910,2013-02-04,9330,9360,9130,9130,39466
048910,2013-02-05,9100,9190,8850,8850,41857
048910,2013-02-06,8790,8940,8760,8890,55768
048910,2013-02-07,8950,8960,8810,8840,26932
048910,2013-02-08,8810,8900,8800,8850,23427
048910,2013-02-12,8850,8940,8620,8620,34075
048910,2013-02-13,8650,9000,8570,8950,71957
048910,2013-02-14,8940,9290,8910,9290,47859
048910,2013-02-15,9280,9330,9140,9280,33792
048910,2013-02-18,9250,9520,9250,9500,64507
048910,2013-02-19,9500,9600,9420,9520,32210
048910,2013-02-20,9550,9800,9540,9730,120660
048910,2013-02-21,9750,10200,9650,9820,244988
048910,2013-02-22,9940,10100,9820,10000,112782
048910,2013-02-25,10100,10100,9860,9930,58119
048910,2013-02-26,9980,10100,9820,9980,74664
048910,2013-02-27,9900,9990,9710,9820,46614
048910,2013-02-28,9990,9990,9820,9820,39002
048910,2013-03-04,9880,9960,9600,9720,59921
048910,2013-03-05,9730,9920,9650,9850,69099
048910,2013-03-06,9900,9920,9750,9770,42519
048910,2013-03-07,9750,9820,9580,9710,20837
048910,2013-03-08,9630,9910,9620,9820,38462
048910,2013-03-11,9810,9810,9590,9660,47145
048910,2013-03-12,9760,9900,9600,9880,75605
048910,2013-03-13,9900,10050,9860,9880,61892
048910,2013-03-14,9950,10150,9830,10150,102021
048910,2013-03-15,10250,10300,10050,10250,92456
048910,2013-03-18,10150,10700,9950,9990,267205
048910,2013-03-19,10200,10250,9970,10100,94244
048910,2013-03-20,10100,10200,9980,10000,65212
048910,2013-03-21,10200,10750,10100,10750,237346
048910,2013-03-22,10750,10950,10550,10800,132252
048910,2013-03-25,10700,10900,10600,10750,118794
048910,2013-03-26,10900,11150,10650,10700,201681
048910,2013-03-27,10800,10800,10350,10400,121252
048910,2013-03-28,10400,10600,10350,10500,106009
048910,2013-03-29,10500,10700,10300,10600,113455
048910,2013-04-01,10600,10650,10400,10600,65274
048910,2013-04-02,10700,10900,10450,10600,144789
048910,2013-04-03,10800,10950,10600,10800,141658
048910,2013-04-04,10700,10700,10050,10450,123113
048910,2013-04-05,10500,10550,9720,9860,232503
048910,2013-04-08,9810,9880,9450,9450,83177
048910,2013-04-09,9460,9990,9400,9800,146400
048910,2013-04-10,9900,9930,9610,9640,111059
048910,2013-04-11,9780,10100,9690,9910,141670
048910,2013-04-12,10000,10000,9760,9810,92254
048910,2013-04-15,9850,10100,9840,10050,144060
048910,2013-04-16,9900,10050,9840,9910,122953
048910,2013-04-17,10100,11150,10000,10800,496683
048910,2013-04-18,10800,11100,10600,10700,202992
048910,2013-04-19,10850,11000,10500,10600,167419
048910,2013-04-22,10650,10850,10300,10400,162331
048910,2013-04-23,10450,10850,10400,10800,219624
048910,2013-04-24,10800,10900,10600,10800,132782
048910,2013-04-25,10750,11400,10750,11050,261148
048910,2013-04-26,11150,11150,10500,10500,165666
048910,2013-04-29,10650,10750,10150,10350,212262
048910,2013-04-30,10400,10500,10000,10250,248104
048910,2013-05-02,10450,10650,10350,10450,170981
048910,2013-05-03,10400,10550,10150,10500,111590
048910,2013-05-06,10500,10800,10450,10450,132123
048910,2013-05-07,10750,11200,10550,10600,491870
048910,2013-05-08,10650,10700,10350,10350,144787
048910,2013-05-09,10350,10500,10200,10250,110360
048910,2013-05-10,10300,10350,9890,9900,238751
048910,2013-05-13,9990,9990,9590,9910,123080
048910,2013-05-14,9970,10050,9680,9840,83354
048910,2013-05-15,9990,9990,9740,9810,101486
048910,2013-05-16,9910,9920,9740,9900,114448
048910,2013-05-20,9920,10150,9850,9930,78106
048910,2013-05-21,9960,10000,9870,9930,56527
048910,2013-05-22,9930,10250,9870,10100,137198
048910,2013-05-23,10000,10100,9780,9800,74294
048910,2013-05-24,9890,9890,9660,9770,75275
048910,2013-05-27,9820,9870,9650,9750,66860
048910,2013-05-28,9870,10450,9860,10150,242709
048910,2013-05-29,10300,10300,9970,10000,89819
048910,2013-05-30,10000,10050,9850,9870,66741
048910,2013-05-31,9820,9980,9740,9900,68631
048910,2013-06-03,9800,9940,9750,9810,51664
048910,2013-06-04,9760,9900,9730,9780,37866
048910,2013-06-05,9660,9800,9400,9540,71456
048910,2013-06-07,9550,9670,9080,9250,95163
048910,2013-06-10,9360,9450,9250,9400,27007
048910,2013-06-11,9330,9450,9050,9260,47777
048910,2013-06-12,9100,9300,9000,9280,31649
048910,2013-06-13,9150,9360,9000,9280,46071
048910,2013-06-14,9330,9430,9010,9190,44895
048910,2013-06-17,9050,9250,8670,8700,51634
048910,2013-06-18,8700,8840,8500,8670,56563
048910,2013-06-19,8700,8900,8670,8670,33723
048910,2013-06-20,8750,8750,8450,8570,42295
048910,2013-06-21,8460,8460,7610,8390,245558
048910,2013-06-24,8450,8470,8010,8010,59963
048910,2013-06-25,7900,8010,6850,6950,154004
048910,2013-06-26,7080,7340,6950,7180,106567
048910,2013-06-27,7260,7490,7260,7460,69234
048910,2013-06-28,7400,7640,7400,7630,59575
048910,2013-07-01,7580,7850,7550,7790,40371
048910,2013-07-02,7800,7850,7660,7770,22499
048910,2013-07-03,7770,8090,7700,7900,60724
048910,2013-07-04,7900,8280,7900,8050,134353
048910,2013-07-05,8100,8160,7900,8000,37642
048910,2013-07-08,8070,8160,7760,7760,34843
048910,2013-07-09,7750,7900,7650,7740,28866
048910,2013-07-10,7650,7750,7350,7510,64507
048910,2013-07-11,7510,7780,7510,7770,40281
048910,2013-07-12,7720,8010,7720,8000,34243
048910,2013-07-15,8000,8070,7870,7980,26902
048910,2013-07-16,8000,8050,7580,7980,39529
048910,2013-07-17,7980,8000,7770,7790,78189
048910,2013-07-18,7800,8270,7800,8190,97602
048910,2013-07-19,8260,8780,8220,8380,242564
048910,2013-07-22,8470,8470,8100,8170,63148
048910,2013-07-23,8180,8200,7980,8010,42542
048910,2013-07-24,8010,8530,8010,8310,144836
048910,2013-07-25,8230,8340,8000,8060,63402
048910,2013-07-26,8060,8130,7950,8000,43254
048910,2013-07-29,8000,8020,7740,7750,72583
048910,2013-07-30,7770,7880,7650,7700,34508
048910,2013-07-31,7660,7760,7500,7690,85941
048910,2013-08-01,7740,7740,7530,7620,77397
048910,2013-08-02,7620,7750,7500,7560,40260
048910,2013-08-05,7510,7610,7470,7560,49140
048910,2013-08-06,7530,7600,7420,7420,40792
048910,2013-08-07,7380,7490,7230,7280,61913
048910,2013-08-08,7220,7510,7210,7480,49843
048910,2013-08-09,7450,7550,7400,7500,80549
048910,2013-08-12,7570,7720,7500,7590,104021
048910,2013-08-13,7700,7760,7620,7740,90772
048910,2013-08-14,7730,7810,7650,7740,47959
048910,2013-08-16,7680,7680,7410,7450,79260
048910,2013-08-19,7500,7500,7280,7360,72926
048910,2013-08-20,7390,7390,7070,7200,68318
048910,2013-08-21,7270,7320,6840,7010,96458
048910,2013-08-22,7000,7180,6990,7090,67358
048910,2013-08-23,7120,7130,6890,7000,56637
048910,2013-08-26,6960,7150,6960,7030,62374
048910,2013-08-27,6950,7020,6520,6570,140665
048910,2013-08-28,6400,6670,6390,6510,57226
048910,2013-08-29,6430,6530,6250,6300,102840
048910,2013-08-30,6300,6370,6100,6100,70924
048910,2013-09-02,6100,6400,6100,6380,54358
048910,2013-09-03,6360,6500,6350,6450,36165
048910,2013-09-04,6420,6460,6010,6330,71725
048910,2013-09-05,6350,6600,6290,6540,45171
048910,2013-09-06,6550,6600,6420,6470,26563
048910,2013-09-09,6400,6470,6160,6160,56288
048910,2013-09-10,6220,6330,6010,6140,76477
048910,2013-09-11,6130,6410,6130,6380,51645
048910,2013-09-12,6330,6500,6330,6440,35010
048910,2013-09-13,6440,6460,6300,6340,41081
048910,2013-09-16,6340,6450,6320,6370,31413
048910,2013-09-17,6330,6420,6300,6370,18083
048910,2013-09-23,6350,6550,6350,6470,44175
048910,2013-09-24,6440,6560,6440,6460,31603
048910,2013-09-25,6470,6500,6150,6280,66810
048910,2013-09-26,6160,6250,6100,6120,68518
048910,2013-09-27,6120,6380,6120,6240,31255
048910,2013-09-30,6220,6250,6100,6100,33121
048910,2013-10-01,6070,6180,5880,6030,75544
048910,2013-10-02,6070,6120,6000,6010,31114
048910,2013-10-04,5910,6040,5900,5980,25986
048910,2013-10-07,5980,6010,5810,5900,35606
048910,2013-10-08,5930,5930,5670,5730,58271
048910,2013-10-10,5770,5800,5670,5770,20548
048910,2013-10-11,5770,5840,5700,5800,35398
048910,2013-10-14,5750,5840,5710,5790,21651
048910,2013-10-15,5800,5940,5780,5900,34884
048910,2013-10-16,5920,5940,5790,5790,22607
048910,2013-10-17,5810,5840,5460,5460,98056
048910,2013-10-18,5200,5450,5200,5440,108555
048910,2013-10-21,5460,5500,5210,5480,45848
048910,2013-10-22,5470,5690,5470,5630,36173
048910,2013-10-23,5700,5720,5470,5560,42780
048910,2013-10-24,5600,5610,5500,5600,21281
048910,2013-10-25,5600,5680,5500,5650,30021
048910,2013-10-28,5670,5770,5550,5580,32119
048910,2013-10-29,5650,5650,5500,5500,25504
048910,2013-10-30,5510,5550,5450,5480,26332
048910,2013-10-31,5460,5480,5350,5400,38576
048910,2013-11-01,5400,5500,5190,5220,94525
048910,2013-11-04,5350,5350,5180,5210,23719
048910,2013-11-05,5280,5280,5100,5200,33597
048910,2013-11-06,5110,5290,5110,5290,40096
048910,2013-11-07,5250,5360,5100,5210,43978
048910,2013-11-08,5200,5210,5000,5190,18017
048910,2013-11-11,5170,5290,4895,5050,41025
048910,2013-11-12,5000,5030,4915,4980,30501
048910,2013-11-13,4940,5000,4880,4910,46130
048910,2013-11-14,4910,5110,4850,4935,13860
048910,2013-11-15,4880,5100,4855,4935,40172
048910,2013-11-18,4935,5090,4900,5050,60139
048910,2013-11-19,5050,5110,5010,5060,31452
048910,2013-11-20,5060,5200,5050,5170,43936
048910,2013-11-21,5220,5350,5150,5160,65171
048910,2013-11-22,5170,5240,5080,5150,24836
048910,2013-11-25,5090,5130,5030,5080,20910
048910,2013-11-26,5080,5190,5000,5190,17054
048910,2013-11-27,5170,5300,5120,5300,17236
048910,2013-11-28,5280,5560,5250,5520,72887
048910,2013-11-29,5520,5580,5420,5550,26974
048910,2013-12-02,5530,5540,5400,5510,22742
048910,2013-12-03,5450,5470,5360,5430,21040
048910,2013-12-04,5390,5500,5320,5420,19107
048910,2013-12-05,5390,5440,5300,5400,26772
048910,2013-12-06,5370,5400,5300,5400,7374
048910,2013-12-09,5400,5430,5280,5330,15031
048910,2013-12-10,5300,5340,5090,5130,45795
048910,2013-12-11,5110,5190,4990,5080,31156
048910,2013-12-12,5080,5140,4940,5000,37928
048910,2013-12-13,5110,5110,4850,5100,80109
048910,2013-12-16,5280,5380,4950,5000,88006
048910,2013-12-17,4955,5080,4925,4970,26940
048910,2013-12-18,4910,4930,4525,4705,163548
048910,2013-12-19,4590,4605,4485,4500,96645
048910,2013-12-20,4440,4595,4440,4525,25343
048910,2013-12-23,4530,4585,4500,4580,32794
048910,2013-12-24,4600,4600,4485,4545,18126
048910,2013-12-26,4520,4585,4520,4545,25883
048910,2013-12-27,4620,4850,4545,4755,43185
048910,2013-12-30,4755,4970,4745,4900,40062
048910,2014-01-02,4940,4940,4850,4890,16260
048910,2014-01-03,4890,4960,4865,4945,23197
048910,2014-01-06,4970,5080,4910,5080,25788
048910,2014-01-07,5070,5150,5040,5110,11694
048910,2014-01-08,5190,5280,5100,5140,10103
048910,2014-01-09,5100,5140,4955,5080,11836
048910,2014-01-10,5050,5170,5020,5120,24595
048910,2014-01-13,5100,5190,5100,5180,11535
048910,2014-01-14,5130,5200,5130,5160,11745
048910,2014-01-15,5200,5200,5110,5130,14867
048910,2014-01-16,5160,5450,5160,5280,63600
048910,2014-01-17,5290,5350,5240,5300,13406
048910,2014-01-20,5300,5340,4925,5200,20584
048910,2014-01-21,5200,5200,5000,5100,24536
048910,2014-01-22,5110,5180,5000,5020,19799
048910,2014-01-23,5020,5060,4950,4950,22766
048910,2014-01-24,4950,4950,4840,4930,14428
048910,2014-01-27,4800,4870,4705,4800,7357
048910,2014-01-28,4690,4820,4610,4800,37091
048910,2014-01-29,4810,4880,4790,4790,15801
048910,2014-02-03,4885,4900,4660,4700,20270
048910,2014-02-04,4620,4690,4490,4690,52671
048910,2014-02-05,4690,4740,4600,4610,14599
048910,2014-02-06,4650,4770,4550,4610,15185
048910,2014-02-07,4605,4770,4605,4745,24992
048910,2014-02-10,4770,4785,4700,4745,18138
048910,2014-02-11,4700,4755,4700,4750,8028
048910,2014-02-12,4790,4790,4700,4740,8157
048910,2014-02-13,4720,4745,4675,4745,13050
048910,2014-02-14,4745,4745,4655,4720,8481
048910,2014-02-17,4705,4740,4620,4660,13564
048910,2014-02-18,4670,4695,4535,4550,28334
048910,2014-02-19,4540,4690,4530,4675,15754
048910,2014-02-20,4740,4740,4605,4650,6716
048910,2014-02-21,4645,4695,4605,4650,16306
048910,2014-02-24,4650,4700,4600,4650,12197
048910,2014-02-25,4700,4770,4610,4695,16815
048910,2014-02-26,4695,4805,4605,4805,40204
048910,2014-02-27,4770,4995,4750,4850,50278
048910,2014-02-28,4860,4860,4735,4790,24003
048910,2014-03-03,4755,4835,4715,4830,26555
048910,2014-03-04,4880,4885,4800,4825,33423
048910,2014-03-05,4830,4955,4830,4885,29815
048910,2014-03-06,4920,5020,4830,5020,45687
048910,2014-03-07,4985,5020,4930,4995,34965
048910,2014-03-10,5020,5040,4950,4975,20267
048910,2014-03-11,4970,5150,4970,5080,33144
048910,2014-03-12,5150,5840,5150,5840,1850075
048910,2014-03-13,6000,6300,5830,6000,1628151
048910,2014-03-14,5950,6110,5790,6060,800904
048910,2014-03-17,6150,6310,5520,5550,800840
048910,2014-03-18,5670,5880,5470,5850,580924
048910,2014-03-19,5770,6030,5690,5810,590132
048910,2014-03-20,5860,6190,5810,5910,553877
048910,2014-03-21,5910,6060,5800,5820,352948
048910,2014-03-24,5780,5910,5560,5740,311326
048910,2014-03-25,5750,5760,5430,5430,177835
048910,2014-03-26,5430,5470,5250,5380,185524
048910,2014-03-27,5370,5450,5250,5400,100401
048910,2014-03-28,5360,5530,5300,5390,142968
048910,2014-03-31,5410,5460,5270,5320,99370
048910,2014-04-01,5470,5980,5390,5770,838201
048910,2014-04-02,5840,6070,5700,6000,450280
048910,2014-04-03,6000,6030,5830,5860,178685
048910,2014-04-04,5860,6110,5840,5900,281707
048910,2014-04-07,5930,5970,5720,5740,115769
048910,2014-04-08,5700,5720,5490,5690,112555
048910,2014-04-09,5750,5770,5540,5620,94971
048910,2014-04-10,5740,5740,5550,5580,53570
048910,2014-04-11,5510,5660,5470,5600,49307
048910,2014-04-14,5600,5700,5570,5590,50130
048910,2014-04-15,5590,5790,5560,5710,80214
048910,2014-04-16,5790,6220,5770,6130,580334
048910,2014-04-17,6090,6220,6020,6170,181621
048910,2014-04-18,6190,6190,6000,6000,137944
048910,2014-04-21,6000,6040,5820,5850,93580
048910,2014-04-22,5870,6060,5800,6000,93171
048910,2014-04-23,6010,6120,5870,5870,90926
048910,2014-04-24,5900,5990,5670,5700,91561
048910,2014-04-25,5760,5820,5670,5670,53411
048910,2014-04-28,5670,5770,5600,5750,47690
048910,2014-04-29,5710,5800,5360,5450,86448
048910,2014-04-30,5530,5530,5390,5450,60326
048910,2014-05-02,5460,5490,5360,5450,44024
048910,2014-05-07,5430,5880,5400,5580,118582
048910,2014-05-08,5590,5660,5430,5490,57870
048910,2014-05-09,5540,5670,5500,5590,60885
048910,2014-05-12,5650,5730,5600,5620,36759
048910,2014-05-13,5680,5810,5630,5800,126183
048910,2014-05-14,5800,5830,5730,5820,52300
048910,2014-05-15,5790,5870,5610,5610,59280
048910,2014-05-16,5560,5630,5240,5260,152789
048910,2014-05-19,5250,5290,4850,4940,181377
048910,2014-05-20,4850,4910,4630,4845,105994
048910,2014-05-21,4810,4915,4400,4610,196508
048910,2014-05-22,4655,5300,4655,5300,738503
048910,2014-05-23,5320,5400,5100,5110,284113
048910,2014-05-26,5130,5170,4990,4990,104921
048910,2014-05-27,4990,5020,4790,4850,70992
048910,2014-05-28,4855,4940,4795,4930,46826
048910,2014-05-29,4925,5010,4825,4825,51383
048910,2014-05-30,4760,4880,4725,4800,25510
048910,2014-06-02,4810,4880,4635,4635,32048
048910,2014-06-03,4555,4770,4555,4590,49415
048910,2014-06-05,4560,4770,4560,4700,43410
048910,2014-06-09,4670,4740,4600,4735,18220
048910,2014-06-10,4705,4850,4705,4820,28172
048910,2014-06-11,4860,4860,4750,4750,15900
048910,2014-06-12,4835,4835,4705,4775,22524
048910,2014-06-13,4735,4825,4650,4655,21860
048910,2014-06-16,4650,5140,4640,5120,111336
048910,2014-06-17,5120,5230,4915,4940,241442
048910,2014-06-18,5030,5030,4870,4970,86887
048910,2014-06-19,4980,5020,4860,4860,48583
048910,2014-06-20,4815,4885,4720,4765,52197
048910,2014-06-23,4800,4885,4690,4690,27374
048910,2014-06-24,4655,4725,4620,4635,37625
048910,2014-06-25,4710,4870,4640,4660,54259
048910,2014-06-26,4645,4925,4645,4800,77655
048910,2014-06-27,4905,4960,4825,4895,46182
048910,2014-06-30,4950,4950,4785,4835,29503
048910,2014-07-01,4840,5280,4840,4855,238088
048910,2014-07-02,4885,5210,4885,5130,172997
048910,2014-07-03,5090,5690,5000,5500,317476
048910,2014-07-04,5590,5870,5460,5550,440522
048910,2014-07-07,5620,5770,5590,5700,145350
048910,2014-07-08,5740,5840,5600,5630,129939
048910,2014-07-09,5650,5730,5500,5600,97097
048910,2014-07-10,5600,5980,5600,5760,198205
048910,2014-07-11,5710,5820,5600,5700,86028
048910,2014-07-14,6080,6250,5770,5860,277887
048910,2014-07-15,5860,6200,5700,5950,282867
048910,2014-07-16,6070,6680,6000,6600,938413
048910,2014-07-17,6600,6640,6370,6370,346633
048910,2014-07-18,6320,6630,6260,6540,268313
048910,2014-07-21,6550,6790,6370,6400,299637
048910,2014-07-22,6400,6620,6310,6620,110973
048910,2014-07-23,6640,6890,6480,6700,213362
048910,2014-07-24,6760,6800,6420,6490,111810
048910,2014-07-25,6520,6580,6000,6350,126226
048910,2014-07-28,6370,6390,6090,6210,90315
048910,2014-07-29,6210,6370,5790,5970,162417
048910,2014-07-30,5950,6050,5640,5750,129755
048910,2014-07-31,5750,5840,5470,5780,133293
048910,2014-08-01,5650,5900,5630,5900,74123
048910,2014-08-04,5980,6020,5900,5990,63032
048910,2014-08-05,5990,5990,5650,5720,78935
048910,2014-08-06,5700,5850,5580,5850,72767
048910,2014-08-07,5930,6550,5910,6510,427509
048910,2014-08-08,6440,6510,6050,6140,256984
048910,2014-08-11,6250,6360,6120,6200,189660
048910,2014-08-12,6260,6300,5960,6000,164842
048910,2014-08-13,6020,6020,5710,5820,124068
048910,2014-08-14,5840,6100,5810,6040,99272
048910,2014-08-18,5940,6120,5930,6060,97493
048910,2014-08-19,6090,6320,6060,6250,168694
048910,2014-08-20,6270,6520,6160,6170,183696
048910,2014-08-21,6180,6290,6080,6250,93311
048910,2014-08-22,6340,6460,6230,6450,103454
048910,2014-08-25,6480,6580,6190,6210,141149
048910,2014-08-26,6220,6250,6060,6240,105939
048910,2014-08-27,6250,6250,5980,6190,119569
048910,2014-08-28,6160,6450,6140,6390,94329
048910,2014-08-29,6390,6480,6280,6340,81722
048910,2014-09-01,6290,6370,6150,6150,71935
048910,2014-09-02,6270,6600,6080,6500,228488
048910,2014-09-03,6500,7470,6480,7470,1153608
048910,2014-09-04,7600,7710,7120,7220,773870
048910,2014-09-05,7260,7430,7130,7330,371537
048910,2014-09-11,7360,7920,7200,7550,537169
048910,2014-09-12,7580,7690,7350,7600,215933
048910,2014-09-15,7720,8480,7350,7410,1246581
048910,2014-09-16,7460,7880,7450,7810,407461
048910,2014-09-17,7960,8240,7740,7970,412459
048910,2014-09-18,8060,8480,8060,8250,352432
048910,2014-09-19,8200,8500,7810,8290,404164
048910,2014-09-22,8390,8390,8070,8290,171383
048910,2014-09-23,8300,8330,7980,8000,167989
048910,2014-09-24,8180,8900,7930,8640,443185
048910,2014-09-25,8640,8800,8420,8800,177846
048910,2014-09-26,8810,9430,8660,8950,307666
048910,2014-09-29,9000,9270,8390,8710,445112
048910,2014-09-30,8710,9600,8310,8350,697642
048910,2014-10-01,8490,8490,7790,8020,342622
048910,2014-10-02,7940,8230,7880,8090,183336
048910,2014-10-06,8090,8230,7410,7480,243865
048910,2014-10-07,7320,7810,7260,7700,226410
048910,2014-10-08,7560,7900,7350,7400,153355
048910,2014-10-10,7370,7440,6910,7020,185353
048910,2014-10-13,7200,7200,6700,6740,187303
048910,2014-10-14,6650,7110,6650,7100,115376
048910,2014-10-15,7250,7250,6870,7120,136922
048910,2014-10-16,7120,7120,6760,6870,113504
048910,2014-10-17,7230,7690,7130,7270,534377
048910,2014-10-20,7470,7470,7250,7420,115650
048910,2014-10-21,7400,7460,7060,7090,142671
048910,2014-10-22,7180,7200,6860,7200,276464
048910,2014-10-23,7140,7200,6850,6880,139602
048910,2014-10-24,6910,6910,6400,6470,188431
048910,2014-10-27,6550,6640,6450,6450,71661
048910,2014-10-28,6440,6630,6430,6540,51759
048910,2014-10-29,6630,6720,6540,6610,69111
048910,2014-10-30,6640,6760,6510,6600,93557
048910,2014-10-31,6600,6680,6520,6520,113396
048910,2014-11-03,6150,6150,5550,5550,500031
048910,2014-11-04,5460,5790,5330,5590,259745
048910,2014-11-05,5590,5660,5260,5260,142480
048910,2014-11-06,5150,5230,4870,5160,204841
048910,2014-11-07,5080,5340,5050,5260,87143
048910,2014-11-10,5260,5380,5220,5300,87142
048910,2014-11-11,5410,5770,5410,5500,240623
048910,2014-11-12,5520,5640,5400,5540,111039
048910,2014-11-13,5580,5620,5450,5540,60958
048910,2014-11-14,5680,6080,5520,5780,329984
048910,2014-11-17,5780,5810,5510,5630,88898
048910,2014-11-18,5600,5800,5360,5720,143571
048910,2014-11-19,5740,6040,5710,5780,223551
048910,2014-11-20,5780,5820,5600,5650,61175
048910,2014-11-21,5650,5760,5590,5680,70830
048910,2014-11-24,5650,5770,5530,5730,68184
048910,2014-11-25,5730,5950,5730,5950,99315
048910,2014-11-26,5980,6290,5920,6150,234129
048910,2014-11-27,6240,6470,6150,6390,125133
048910,2014-11-28,6400,6670,6280,6340,205253
048910,2014-12-01,6340,6400,6100,6250,67520
048910,2014-12-02,6260,6700,6200,6600,185462
048910,2014-12-03,6660,6900,6450,6550,206040
048910,2014-12-04,6620,6740,6370,6570,72212
048910,2014-12-05,6620,6620,6360,6360,62837
048910,2014-12-08,6410,6620,6390,6600,116340
048910,2014-12-09,6570,6680,6430,6600,78533
048910,2014-12-10,6660,7130,6660,7130,510232
048910,2014-12-11,7010,7080,6880,6950,168307
048910,2014-12-12,6910,7100,6790,6960,141136
048910,2014-12-15,6940,7040,6800,6880,70951
048910,2014-12-16,6900,6950,6350,6930,240147
048910,2014-12-17,6930,6930,6600,6700,101061
048910,2014-12-18,6800,7260,6480,6760,532488
048910,2014-12-19,6800,7010,6800,6800,109966
048910,2014-12-22,6830,7320,6690,7250,346034
048910,2014-12-23,7240,7320,6890,7000,244500
048910,2014-12-24,6990,7110,6670,6850,140466
048910,2014-12-26,6800,6800,6460,6500,195187
048910,2014-12-29,6500,6610,6260,6280,78518
048910,2014-12-30,6300,6490,6200,6410,64134
048910,2015-01-02,6210,6700,6210,6580,74581
048910,2015-01-05,6580,6870,6480,6800,78379
048910,2015-01-06,6780,6840,6630,6630,49041
048910,2015-01-07,6630,6870,6590,6770,40798
048910,2015-01-08,6820,7070,6770,6910,131764
048910,2015-01-09,6970,7050,6780,6990,83966
048910,2015-01-12,7100,7100,6880,6980,145401
048910,2015-01-13,6980,7050,6760,6860,89380
048910,2015-01-14,6800,6980,6730,6980,40356
048910,2015-01-15,6980,7080,6750,6760,49160
048910,2015-01-16,6750,6970,6550,6920,68897
048910,2015-01-19,7050,7060,6860,6930,57759
048910,2015-01-20,7000,7790,6840,7640,605052
048910,2015-01-21,7520,7670,7430,7500,253748
048910,2015-01-22,7560,7600,7220,7330,141255
048910,2015-01-23,7350,7420,7190,7360,73437
048910,2015-01-26,7520,7700,7330,7450,208216
048910,2015-01-27,7520,7660,7450,7530,125694
048910,2015-01-28,7530,7570,7290,7570,116086
048910,2015-01-29,7540,7630,7430,7530,136636
048910,2015-01-30,7600,7830,7350,7460,411546
048910,2015-02-02,7870,8060,7470,7520,619760
048910,2015-02-03,7520,7520,7250,7250,119261
048910,2015-02-04,7360,7460,7250,7350,133098
048910,2015-02-05,7370,7520,7180,7470,174134
048910,2015-02-06,7540,7540,7310,7410,107076
048910,2015-02-09,7430,7480,7200,7290,111569
048910,2015-02-10,7290,7290,6930,7080,120824
048910,2015-02-11,7110,7240,7030,7160,52480
048910,2015-02-12,7170,7240,7070,7160,40579
048910,2015-02-13,7280,7280,6770,6800,173788
048910,2015-02-16,6850,6900,6500,6560,148005
048910,2015-02-17,6640,6680,6400,6580,47347
048910,2015-02-23,6650,6910,6510,6830,81378
048910,2015-02-24,6800,6960,6750,6780,71821
048910,2015-02-25,6790,7150,6770,6900,205336
048910,2015-02-26,6900,6900,6740,6760,80724
048910,2015-02-27,6810,6840,6700,6700,86330
048910,2015-03-02,6690,6770,6580,6620,43947
048910,2015-03-03,6660,6800,6600,6640,64529
048910,2015-03-04,6640,6660,6430,6450,147573
048910,2015-03-05,6450,6540,6340,6450,60411
048910,2015-03-06,6460,6540,6400,6500,76241
048910,2015-03-09,6450,6650,6450,6560,75842
048910,2015-03-10,6610,6970,6610,6940,203651
048910,2015-03-11,6910,7230,6820,6960,250187
048910,2015-03-12,7010,7080,6850,6900,98715
048910,2015-03-13,7050,7300,6910,7300,245974
048910,2015-03-16,7430,7520,7230,7270,187646
048910,2015-03-17,7380,7380,7090,7140,108288
048910,2015-03-18,7150,7440,7140,7390,165142
048910,2015-03-19,7490,7490,7080,7340,151704
048910,2015-03-20,7330,7430,7170,7390,155207
048910,2015-03-23,7400,8280,7320,8150,660397
048910,2015-03-24,8110,8450,8040,8420,327667
048910,2015-03-25,8500,8500,8220,8400,283507
048910,2015-03-26,8340,8400,8150,8320,164780
048910,2015-03-27,8340,8450,8000,8270,170860
048910,2015-03-30,8500,8500,8210,8220,192307
048910,2015-03-31,8150,8430,7960,8060,370507
048910,2015-04-01,8050,8100,7660,7720,378575
048910,2015-04-02,7790,7930,7650,7810,191206
048910,2015-04-03,7810,8230,7790,8200,319141
048910,2015-04-06,8230,8570,8140,8250,290468
048910,2015-04-07,8180,8230,7960,8010,124831
048910,2015-04-08,8100,8460,8100,8390,216049
048910,2015-04-09,8320,8740,8200,8700,313588
048910,2015-04-10,8710,8890,8300,8300,294417
048910,2015-04-13,8070,8200,7570,7770,455983
048910,2015-04-14,7900,7910,7500,7600,216336
048910,2015-04-15,7580,7820,7440,7820,213719
048910,2015-04-16,7820,7850,7580,7820,104520
048910,2015-04-17,7710,7820,7610,7780,155353
048910,2015-04-20,7670,7920,7650,7790,1064405
048910,2015-04-21,8060,8950,8060,8950,987480
048910,2015-04-22,9110,9190,7630,8700,1371505
048910,2015-04-23,8650,8650,8080,8420,439152
048910,2015-04-24,8380,8380,8100,8100,237198
048910,2015-04-27,8090,8570,8070,8440,398839
048910,2015-04-28,8370,8460,8130,8220,147161
048910,2015-04-29,8200,8400,8020,8290,148985
048910,2015-04-30,8370,8370,7750,7750,278210
048910,2015-05-04,7770,7860,7600,7800,100894
048910,2015-05-06,7660,7800,7530,7650,95246
048910,2015-05-07,7600,7700,7100,7580,216404
048910,2015-05-08,7510,7520,7240,7290,125641
048910,2015-05-11,7320,7440,7180,7290,156268
048910,2015-05-12,7280,7740,7170,7550,295871
048910,2015-05-13,7550,7880,7440,7770,144876
048910,2015-05-14,7780,7940,7590,7610,118180
048910,2015-05-15,7750,7940,7660,7820,170600
048910,2015-05-18,7900,8530,7700,8370,433625
048910,2015-05-19,8380,8470,8110,8370,293558
048910,2015-05-20,8420,8760,8200,8380,327675
048910,2015-05-21,8260,8760,8100,8700,559981
048910,2015-05-22,8670,8830,8490,8600,232829
048910,2015-05-26,8600,8690,8370,8380,119949
048910,2015-05-27,8260,8270,7960,8030,264608
048910,2015-05-28,8060,8120,7800,7910,195347
048910,2015-05-29,8000,8340,7900,8070,137456
048910,2015-06-01,7970,8100,7770,7770,104547
048910,2015-06-02,7750,7980,7720,7800,94464
048910,2015-06-03,7970,7970,7630,7830,93537
048910,2015-06-04,7970,8430,7710,8340,196579
048910,2015-06-05,8300,8590,8180,8300,245403
048910,2015-06-08,8280,8660,8110,8450,176403
048910,2015-06-09,8460,8820,8410,8480,281490
048910,2015-06-10,8450,8770,8200,8380,179734
048910,2015-06-11,8450,8590,8250,8470,157751
048910,2015-06-12,8460,8520,8070,8200,98217
048910,2015-06-15,8190,8240,7690,7720,174203
048910,2015-06-16,7820,8030,7700,7880,95885
048910,2015-06-17,7880,8110,7800,8050,70247
048910,2015-06-18,8000,8080,7760,7870,122054
048910,2015-06-19,7830,8120,7750,8100,142259
048910,2015-06-22,8120,8880,8030,8880,385749
048910,2015-06-23,8960,10050,8910,9620,946527
048910,2015-06-24,9680,9900,9370,9730,321874
048910,2015-06-25,9790,10350,9750,10000,489951
048910,2015-06-26,9900,10450,9700,9740,332210
048910,2015-06-29,9670,10350,9440,10000,268873
048910,2015-06-30,9950,10200,9590,10100,238516
048910,2015-07-01,10550,11050,10400,10600,464810
048910,2015-07-02,10650,11100,10300,10500,452948
048910,2015-07-03,10550,10750,9950,10500,405772
048910,2015-07-06,10250,10650,10100,10150,262390
048910,2015-07-07,10250,10750,9900,10100,331480
048910,2015-07-08,10250,10250,9700,9700,234697
048910,2015-07-09,9580,10200,9440,9750,194655
048910,2015-07-10,9790,11450,9760,11450,803357
048910,2015-07-13,11600,12150,11400,11700,667172
048910,2015-07-14,11850,12200,11550,11700,315322
048910,2015-07-15,11950,12350,11700,11750,315772
048910,2015-07-16,11950,12150,11700,12000,210399
048910,2015-07-17,12200,12450,11700,11700,301858
048910,2015-07-20,11500,12150,11300,11800,214914
048910,2015-07-21,11850,12000,11400,11850,162248
048910,2015-07-22,11700,11700,10950,11200,312241
048910,2015-07-23,11100,11400,10850,11150,137776
048910,2015-07-24,11300,12300,11000,12300,384259
048910,2015-07-27,12200,12750,12150,12400,498050
048910,2015-07-28,12500,13100,11000,11550,611268
048910,2015-07-29,11800,12100,10300,10400,254829
048910,2015-07-30,10600,11100,10150,10300,340129
048910,2015-07-31,10550,10800,9750,10150,365608
048910,2015-08-03,10000,10200,9410,9500,259892
048910,2015-08-04,9440,10650,9440,10300,319916
048910,2015-08-05,10100,10250,9850,10100,265762
048910,2015-08-06,10150,10400,10000,10050,128856
048910,2015-08-07,9950,10900,9910,10350,518339
048910,2015-08-10,10350,10550,10250,10250,83363
048910,2015-08-11,10300,10450,9900,9910,149148
048910,2015-08-12,9920,10000,9200,9590,179129
048910,2015-08-13,9570,10150,9410,9980,289365
048910,2015-08-17,9980,10550,9840,10100,201590
048910,2015-08-18,10050,10200,9630,9790,122670
048910,2015-08-19,9480,9670,8620,8620,258828
048910,2015-08-20,8210,8870,8170,8170,278155
048910,2015-08-21,7630,8380,7350,8110,395342
048910,2015-08-24,7820,8360,7300,7310,223538
048910,2015-08-25,7500,8070,7250,7910,250693
048910,2015-08-26,7970,8370,7830,8240,162423
048910,2015-08-27,8380,8560,8150,8400,109517
048910,2015-08-28,8580,8750,8300,8400,272495
048910,2015-08-31,8350,8540,8320,8390,71613
048910,2015-09-01,8400,8500,7860,7950,120293
048910,2015-09-02,7790,8150,7580,8070,97651
048910,2015-09-03,8220,8290,7900,8000,80749
048910,2015-09-04,7980,8110,7060,7330,283253
048910,2015-09-07,7230,7370,6860,7100,262287
048910,2015-09-08,7080,7200,6450,6780,293971
048910,2015-09-09,7050,7100,6880,7050,167003
048910,2015-09-10,6930,7210,6830,7140,93759
048910,2015-09-11,7140,7190,7050,7090,62942
048910,2015-09-14,7110,7450,7090,7340,124253
048910,2015-09-15,7340,7390,7150,7310,85827
048910,2015-09-16,7400,7830,7320,7730,199223
048910,2015-09-17,7730,7960,7680,7740,153736
048910,2015-09-18,7920,8150,7790,8070,149976
048910,2015-09-21,8060,8730,7950,8350,304490
048910,2015-09-22,8350,8540,8300,8370,103202
048910,2015-09-23,8300,8440,8030,8050,82182
048910,2015-09-24,8180,8490,8000,8480,91599
048910,2015-09-25,8480,8510,8230,8490,66999
048910,2015-09-30,8400,8400,8140,8230,45571
048910,2015-10-01,8210,8300,8080,8220,56417
048910,2015-10-02,8140,8310,8140,8290,49272
048910,2015-10-05,8380,8700,8300,8690,132754
048910,2015-10-06,8700,8700,8400,8470,63908
048910,2015-10-07,8500,8750,8380,8510,71326
048910,2015-10-08,8510,8610,8250,8300,56718
048910,2015-10-12,8410,8410,8100,8170,37104
048910,2015-10-13,8110,8280,7580,7630,139380
048910,2015-10-14,7710,7980,7630,7980,79723
048910,2015-10-15,7990,8800,7990,8720,280013
048910,2015-10-16,8720,9110,8620,8620,189892
048910,2015-10-19,8620,9280,8570,9190,248281
048910,2015-10-20,9180,10050,9050,9430,284982
048910,2015-10-21,9450,9850,9320,9560,131846
048910,2015-10-22,9560,9560,9190,9220,137894
048910,2015-10-23,9250,9750,9250,9720,179129
048910,2015-10-26,9760,9960,9620,9720,149881
048910,2015-10-27,9660,9750,9250,9260,136604
048910,2015-10-28,9270,9620,9250,9620,107758
048910,2015-10-29,9800,9990,9440,9830,169266
048910,2015-10-30,10000,10250,9610,9610,191699
048910,2015-11-02,9830,9870,9360,9500,69914
048910,2015-11-03,9510,9660,9400,9400,55139
048910,2015-11-04,9310,9520,9120,9520,75247
048910,2015-11-05,9450,9510,9290,9390,38151
048910,2015-11-06,9390,9400,9000,9330,50769
048910,2015-11-09,9120,9330,8400,8500,260950
048910,2015-11-10,8470,8850,8150,8780,157131
048910,2015-11-11,8790,8920,8520,8560,131390
048910,2015-11-12,8570,9890,8570,9450,485281
048910,2015-11-13,9440,9680,9320,9460,219438
048910,2015-11-16,9200,9440,8850,9100,151741
048910,2015-11-17,9100,9300,8930,9260,77592
048910,2015-11-18,9200,9380,8900,9070,104973
048910,2015-11-19,9160,9220,9000,9020,68742
048910,2015-11-20,9010,9360,8880,9290,142160
048910,2015-11-23,9340,9650,9220,9500,196282
048910,2015-11-24,9490,9760,9330,9610,179621
048910,2015-11-25,9650,10050,9530,9960,351890
048910,2015-11-26,10000,10150,9640,9820,275215
048910,2015-11-27,9790,9800,9150,9310,308151
048910,2015-11-30,9180,9250,8670,9100,169980
048910,2015-12-01,9010,9250,8910,9250,82340
048910,2015-12-02,9190,9600,9190,9400,121957
048910,2015-12-03,9310,9400,9040,9260,61505
048910,2015-12-04,9180,9610,9020,9320,145161
048910,2015-12-07,9340,9530,9210,9260,59650
048910,2015-12-08,9200,9450,8980,9100,92857
048910,2015-12-09,9090,9220,8880,8900,98726
048910,2015-12-10,8760,9110,8600,8700,101009
048910,2015-12-11,8720,9050,8400,8900,157633
048910,2015-12-14,8800,8870,8250,8250,81661
048910,2015-12-15,8250,8650,8250,8490,87434
048910,2015-12-16,8490,8920,8490,8700,92341
048910,2015-12-17,8740,9350,8700,9170,268543
048910,2015-12-18,9060,9230,9010,9020,51539
048910,2015-12-21,8880,9110,8860,8860,67806
048910,2015-12-22,8800,8990,8680,8890,70716
048910,2015-12-23,8850,8970,8770,8850,56307
048910,2015-12-24,8780,8980,8730,8890,94637
048910,2015-12-28,8940,8940,8480,8600,65697
048910,2015-12-29,8550,8950,8550,8860,42943
048910,2015-12-30,8810,9370,8810,9370,131680
048910,2016-01-04,9300,9450,9160,9210,115408
048910,2016-01-05,9000,9450,9000,9350,79945
048910,2016-01-06,9450,9670,9130,9510,255308
048910,2016-01-07,9540,9800,9030,9080,220173
048910,2016-01-08,8800,8940,8630,8850,133867
048910,2016-01-11,8990,8990,8470,8470,123166
048910,2016-01-12,8490,8720,8350,8360,79128
048910,2016-01-13,8600,8690,8460,8480,79877
048910,2016-01-14,8260,8600,8200,8600,72077
048910,2016-01-15,8700,8760,8400,8590,43522
048910,2016-01-18,8360,8660,8360,8400,53769
048910,2016-01-19,8370,8580,8370,8530,49174
048910,2016-01-20,8460,8590,8200,8460,64027
048910,2016-01-21,8320,8400,8110,8150,73544
048910,2016-01-22,8250,8250,7700,7760,141910
048910,2016-01-25,7800,7880,7680,7790,90889
048910,2016-01-26,7820,7820,7170,7180,210328
048910,2016-01-27,7240,7490,7040,7210,241524
048910,2016-01-28,7210,7770,7210,7700,115334
048910,2016-01-29,7650,8670,7650,8660,346358
048910,2016-02-01,8710,9000,8590,8690,142930
048910,2016-02-02,8710,8810,8500,8650,56767
048910,2016-02-03,8520,9020,8520,8770,191772
048910,2016-02-04,8720,8790,8540,8730,60534
048910,2016-02-05,8660,8850,8660,8810,121649
048910,2016-02-11,8640,9160,8430,8810,152600
048910,2016-02-12,8710,9400,8110,8800,407725
048910,2016-02-15,9050,9180,8820,9160,165517
048910,2016-02-16,9090,9150,8800,8840,122180
048910,2016-02-17,8910,9000,8700,8900,90350
048910,2016-02-18,8930,9330,8800,9190,250933
048910,2016-02-19,9220,9550,9110,9190,266796
048910,2016-02-22,9150,9230,8820,9030,150741
048910,2016-02-23,8960,9060,8590,8740,199600
048910,2016-02-24,8740,9200,8710,8830,206181
048910,2016-02-25,8850,8930,8750,8800,64971
048910,2016-02-26,8920,9030,8800,8930,52658
048910,2016-02-29,9140,9440,8920,9300,229461
048910,2016-03-02,9400,10050,9230,10050,488532
048910,2016-03-03,10400,10750,9650,9790,988869
048910,2016-03-04,9990,10350,9520,10200,573205
048910,2016-03-07,10350,10350,9970,10000,293204
048910,2016-03-08,10200,10750,9990,10300,517505
048910,2016-03-09,10200,10700,9990,10350,310442
048910,2016-03-10,10200,10450,9950,10050,367428
048910,2016-03-11,10150,10250,9920,10150,175342
048910,2016-03-14,10150,10250,9950,9950,144789
048910,2016-03-15,9880,10450,9880,10350,354493
048910,2016-03-16,10300,10450,10000,10000,242549
048910,2016-03-17,10050,10250,9970,10200,145468
048910,2016-03-18,10200,10450,9990,10300,260846
048910,2016-03-21,10450,10950,10200,10900,431009
048910,2016-03-22,10900,11150,10600,10650,236389
048910,2016-03-23,10750,11150,10500,10850,253797
048910,2016-03-24,10800,11400,10700,11400,518952
048910,2016-03-25,11500,12000,11400,11650,572736
048910,2016-03-28,11700,12000,11450,11950,355393
048910,2016-03-29,11950,12050,11750,11900,219759
048910,2016-03-30,11750,11850,11350,11600,320004
048910,2016-03-31,11700,11750,11450,11500,140116
048910,2016-04-01,11500,11500,11000,11000,312209
048910,2016-04-04,11150,11500,11100,11300,260850
048910,2016-04-05,11400,11450,11000,11150,102879
048910,2016-04-06,11200,11600,11150,11450,132599
048910,2016-04-07,11400,11450,11150,11200,90936
048910,2016-04-08,11000,11150,10700,11000,198456
048910,2016-04-11,10950,11000,10400,10700,234868
048910,2016-04-12,10700,11300,10700,11150,175510
048910,2016-04-14,11300,11400,10850,10850,99997
048910,2016-04-15,10850,11800,10650,11550,284202
048910,2016-04-18,11600,11850,11350,11450,141719
048910,2016-04-19,11450,11750,11300,11700,80000
048910,2016-04-20,11600,11800,11500,11600,78356
048910,2016-04-21,11550,11550,11100,11300,163184
048910,2016-04-22,11150,11900,11050,11700,240640
048910,2016-04-25,11700,11750,11200,11600,191552
048910,2016-04-26,11400,11550,11250,11300,89987
048910,2016-04-27,11350,11350,10900,11250,115801
048910,2016-04-28,11150,11200,10800,11000,165952
048910,2016-04-29,11100,11100,10800,10900,99755
048910,2016-05-02,10900,11000,10300,10450,127907
048910,2016-05-03,10600,11050,10550,10850,134061
048910,2016-05-04,10850,10850,10600,10600,58676
048910,2016-05-09,10600,10750,10350,10500,49580
048910,2016-05-10,10450,10650,10250,10550,93660
048910,2016-05-11,10600,10800,10300,10650,96060
048910,2016-05-12,10600,10800,10400,10400,61472
048910,2016-05-13,10350,10500,10300,10400,70062
048910,2016-05-16,10450,10500,9640,9640,241133
048910,2016-05-17,9710,10400,9700,10300,220925
048910,2016-05-18,10200,10250,9820,9880,122701
048910,2016-05-19,10000,10150,9940,10050,92750
048910,2016-05-20,10200,10200,9920,10000,68489
048910,2016-05-23,9910,10050,9820,9950,80337
048910,2016-05-24,10000,10150,9820,10050,74822
048910,2016-05-25,10150,10250,9760,9790,157723
048910,2016-05-26,9800,9870,9280,9790,226757
048910,2016-05-27,9810,10550,9730,10500,178400
048910,2016-05-30,10450,10550,10250,10450,43336
048910,2016-05-31,10300,11250,10250,10800,258712
048910,2016-06-01,10600,11650,10600,11550,400354
048910,2016-06-02,11550,11550,11150,11150,209673
048910,2016-06-03,11100,11250,10800,11000,176364
048910,2016-06-07,11000,11350,10800,11300,110318
048910,2016-06-08,11300,11350,11100,11200,138493
048910,2016-06-09,11150,11400,10850,11100,93587
048910,2016-06-10,11000,11050,10750,11050,96520
048910,2016-06-13,10900,11050,10500,10650,106006
048910,2016-06-14,10650,10800,10400,10600,50234
048910,2016-06-15,10700,11350,10600,11200,147612
048910,2016-06-16,11200,11300,10800,10800,109815
048910,2016-06-17,10850,11000,10400,10750,122837
048910,2016-06-20,10800,11100,10800,10950,79743
048910,2016-06-21,10900,11050,10700,10750,54984
048910,2016-06-22,10650,11300,10550,11250,172449
048910,2016-06-23,11250,11300,10950,11150,111098
048910,2016-06-24,11200,11350,10000,10900,278110
048910,2016-06-27,10450,10750,10450,10700,82564
048910,2016-06-28,10500,10750,10450,10700,60098
048910,2016-06-29,10800,11350,10750,11200,174463
048910,2016-06-30,11150,11450,11100,11200,88195
048910,2016-07-01,11250,11400,10950,10950,55643
048910,2016-07-04,10900,11350,10850,11300,79573
048910,2016-07-05,11350,11550,11150,11300,99863
048910,2016-07-06,11400,11450,10800,10850,104521
048910,2016-07-07,10850,11250,10800,11050,63342
048910,2016-07-08,11150,11200,10550,10900,126032
048910,2016-07-11,10900,11050,10650,10700,92361
048910,2016-07-12,10750,12000,10750,11950,1175674
048910,2016-07-13,13350,13450,11600,11700,2113717
048910,2016-07-14,12250,12550,11500,11700,973832
048910,2016-07-15,11950,13300,11700,13000,2421131
048910,2016-07-18,14000,14900,12650,12800,3812730
048910,2016-07-19,12650,15500,12250,15500,2937720
048910,2016-07-20,14800,14850,13850,14400,2161712
048910,2016-07-21,14700,14700,13850,14400,1506085
048910,2016-07-22,14050,14100,13150,13750,1417765
048910,2016-07-25,13700,13950,13300,13500,906278
048910,2016-07-26,13050,13800,12650,13650,1027998
048910,2016-07-27,13400,14150,13300,13650,812315
048910,2016-07-28,13750,14400,13550,13550,691184
048910,2016-07-29,13450,14000,13150,13950,653604
048910,2016-08-01,13950,14150,13650,13700,405683
048910,2016-08-02,13650,13750,12750,12750,645895
048910,2016-08-03,12750,13750,12400,13450,624400
048910,2016-08-04,13400,13750,13250,13400,247517
048910,2016-08-05,13600,13700,12850,12900,364253
048910,2016-08-08,12750,13500,12600,13150,326853
048910,2016-08-09,13100,13400,12950,13150,223015
048910,2016-08-10,13250,13650,13200,13400,244352
048910,2016-08-11,13400,13600,13150,13250,137463
048910,2016-08-12,13300,13400,12450,12800,392735
048910,2016-08-16,12800,12950,12500,12750,153121
048910,2016-08-17,12650,12750,12050,12300,234838
048910,2016-08-18,12450,13050,12450,12900,287630
048910,2016-08-19,12850,13250,12550,12700,160498
048910,2016-08-22,12550,13350,12500,13150,196826
048910,2016-08-23,12950,13300,12700,12800,123686
048910,2016-08-24,12700,12850,12250,12650,194373
048910,2016-08-25,12700,12700,12250,12300,132399
048910,2016-08-26,12200,12300,11900,12250,125352
048910,2016-08-29,12300,13050,11950,12100,421719
048910,2016-08-30,12250,12600,12150,12500,179729
048910,2016-08-31,12450,12600,12300,12500,142676
048910,2016-09-01,12550,13500,12550,13400,513117
048910,2016-09-02,13400,13500,13150,13400,104375
048910,2016-09-05,13400,13500,12950,13000,267646
048910,2016-09-06,13000,13100,12500,12600,199285
048910,2016-09-07,12600,12800,12300,12600,172783
048910,2016-09-08,12650,12650,11850,12000,212347
048910,2016-09-09,11900,12250,11750,12100,173110
048910,2016-09-12,11800,12300,11700,11800,150645
048910,2016-09-13,11900,12100,11650,11650,82705
048910,2016-09-19,11600,12050,11550,12000,84660
048910,2016-09-20,11950,12000,11750,12000,46881
048910,2016-09-21,12100,12350,11850,12300,146405
048910,2016-09-22,12250,12800,12250,12350,207100
048910,2016-09-23,12500,12650,12250,12500,67229
048910,2016-09-26,12500,12850,12450,12450,125541
048910,2016-09-27,12300,12500,12000,12450,126962
048910,2016-09-28,12450,12650,12200,12500,84235
048910,2016-09-29,12400,12750,12200,12550,152389
048910,2016-09-30,12400,13400,12400,13000,454512
048910,2016-10-04,13050,13250,12700,13100,177961
048910,2016-10-05,12950,13200,12750,13050,163256
048910,2016-10-06,13050,13500,13000,13000,137630
048910,2016-10-07,13150,13700,12750,13350,330009
048910,2016-10-10,13500,13700,12700,12950,244732
048910,2016-10-11,12950,13100,12750,12800,96498
048910,2016-10-12,12700,13000,12700,13000,93926
048910,2016-10-13,12900,13050,12650,12700,135664
048910,2016-10-14,12750,13050,12650,12750,73537
048910,2016-10-17,12900,13000,12550,12750,91665
048910,2016-10-18,12650,12850,12450,12650,102411
048910,2016-10-19,12700,13100,12700,12950,136550
048910,2016-10-20,13050,13050,12600,12850,88469
048910,2016-10-21,12900,12950,12550,12800,95008
048910,2016-10-24,12750,12950,12500,12800,152776
048910,2016-10-25,12900,12900,12450,12450,163377
048910,2016-10-26,12450,12550,12200,12450,137274
048910,2016-10-27,12500,13000,12450,12750,157120
048910,2016-10-28,12750,13350,12600,12800,261221
048910,2016-10-31,12750,13050,12450,12700,136298
048910,2016-11-01,12600,13050,12600,12700,84145
048910,2016-11-02,12600,12700,12000,12000,226512
048910,2016-11-03,11900,12300,11800,12100,137079
048910,2016-11-04,12200,12200,11650,12100,101454
048910,2016-11-07,12200,12250,11950,12000,43592
048910,2016-11-08,12100,12300,11800,11800,115348
048910,2016-11-09,11800,12000,10950,11550,263685
048910,2016-11-10,11950,12050,11750,11950,89959
048910,2016-11-11,11950,12200,11700,11850,109063
048910,2016-11-14,11800,12000,11700,11950,83373
048910,2016-11-15,12000,12100,11700,11900,76246
048910,2016-11-16,11900,12250,11850,12050,85993
048910,2016-11-17,12050,12500,12000,12300,101400
048910,2016-11-18,12300,12400,12050,12300,95829
048910,2016-11-21,12150,12300,11800,12100,94661
048910,2016-11-22,12050,12100,11600,12000,143972
048910,2016-11-23,11950,11950,11050,11050,106667
048910,2016-11-24,10850,11950,10350,11850,313270
048910,2016-11-25,11700,11850,11350,11600,65262
048910,2016-11-28,11600,11600,10950,10950,104960
048910,2016-11-29,10800,11000,10550,10750,75998
048910,2016-11-30,10650,10750,9820,9960,256120
048910,2016-12-01,9830,10100,8990,9610,587219
048910,2016-12-02,9700,9700,9170,9240,118514
048910,2016-12-05,9030,9280,8930,9050,140965
048910,2016-12-06,9140,9330,9100,9300,72087
048910,2016-12-07,9300,9560,8950,9250,169771
048910,2016-12-08,9270,9420,9140,9240,42112
048910,2016-12-09,9330,9570,9240,9490,90914
048910,2016-12-12,9490,9610,9440,9510,43309
048910,2016-12-13,9600,9670,9480,9530,66247
048910,2016-12-14,9620,9620,9410,9550,73130
048910,2016-12-15,9550,9620,9160,9210,176610
048910,2016-12-16,9320,9750,9210,9370,315414
048910,2016-12-19,9410,9470,9340,9380,90835
048910,2016-12-20,9380,9500,9170,9270,93153
048910,2016-12-21,9350,9420,9270,9350,132015
048910,2016-12-22,9340,9350,8800,9260,303127
048910,2016-12-23,9180,9520,9180,9490,154788
048910,2016-12-26,9560,9570,9170,9260,72543
048910,2016-12-27,9240,9310,9030,9290,76441
048910,2016-12-28,9290,9750,9170,9740,104133
048910,2016-12-29,9650,10250,9650,10150,218098
048910,2017-01-02,10100,10150,9900,10100,94871
048910,2017-01-03,10000,10050,9740,9890,70462
048910,2017-01-04,9890,9910,9660,9720,68158
048910,2017-01-05,9720,9810,9620,9640,75423
048910,2017-01-06,9700,9750,9250,9280,179426
048910,2017-01-09,9350,9350,9050,9120,72701
048910,2017-01-10,9100,9200,8950,8950,120429
048910,2017-01-11,8920,9020,8540,8640,236754
048910,2017-01-12,8640,8640,8220,8300,273195
048910,2017-01-13,8320,8540,8320,8470,125004
048910,2017-01-16,8510,8560,8300,8360,71065
048910,2017-01-17,8320,8370,7690,7720,479331
048910,2017-01-18,7740,7890,7670,7780,104385
048910,2017-01-19,7780,7900,7730,7730,77364
048910,2017-01-20,7740,7890,7740,7830,44252
048910,2017-01-23,7890,7900,7540,7840,106226
048910,2017-01-24,8000,8220,7510,7560,473323
048910,2017-01-25,7560,7650,7070,7160,345220
048910,2017-01-26,7190,7500,7100,7500,160551
048910,2017-01-31,7500,7510,7370,7480,126764
048910,2017-02-01,7410,7570,7410,7500,84135
048910,2017-02-02,7450,7500,7240,7240,70342
048910,2017-02-03,7200,7320,7090,7240,96069
048910,2017-02-06,7230,7490,7200,7350,116874
048910,2017-02-07,7320,7390,7070,7140,120886
048910,2017-02-08,7180,7180,6510,6560,468562
048910,2017-02-09,6590,6710,6560,6610,191578
048910,2017-02-10,6610,6880,6580,6800,156795
048910,2017-02-13,6800,6900,6700,6720,103521
048910,2017-02-14,6770,6770,6660,6730,61549
048910,2017-02-15,6810,7080,6730,6900,200725
048910,2017-02-16,6860,7050,6850,6990,149133
048910,2017-02-17,6990,7040,6900,6940,76794
048910,2017-02-20,6940,7020,6850,6950,65069
048910,2017-02-21,6950,7060,6920,7010,122495
048910,2017-02-22,7010,7070,6920,6930,64029
048910,2017-02-23,6930,6990,6700,6700,76282
048910,2017-02-24,6700,7410,6700,7000,580790
048910,2017-02-27,7020,7160,6830,6850,120745
048910,2017-02-28,6830,6880,6610,6610,145701
048910,2017-03-02,6630,6690,6560,6610,104744
048910,2017-03-03,6600,6620,6190,6190,234455
048910,2017-03-06,6150,6190,5970,6000,196266
048910,2017-03-07,6050,6280,6030,6250,103273
048910,2017-03-08,6210,6280,6040,6160,95417
048910,2017-03-09,6120,6320,6090,6180,115893
048910,2017-03-10,6210,6300,6020,6230,191779
048910,2017-03-13,6230,6430,6210,6430,121791
048910,2017-03-14,6440,6470,6320,6470,141233
048910,2017-03-15,6480,6490,6250,6340,100405
048910,2017-03-16,6340,6570,6310,6470,122419
048910,2017-03-17,6420,6500,6380,6440,68381
048910,2017-03-20,6440,6450,6230,6290,55790
048910,2017-03-21,6280,6550,6250,6540,67253
048910,2017-03-22,6510,7160,6440,6550,1033125
048910,2017-03-23,6550,6560,6330,6330,219137
048910,2017-03-24,6330,6390,6170,6250,145465
048910,2017-03-27,6240,6390,6240,6270,61718
048910,2017-03-28,6270,6880,6250,6680,887460
048910,2017-03-29,6660,6770,6520,6760,253349
048910,2017-03-30,6760,7050,6710,6710,687765
048910,2017-03-31,6630,6840,6620,6710,208491
048910,2017-04-03,6720,6970,6700,6750,243841
048910,2017-04-04,6730,6790,6590,6650,213105
048910,2017-04-05,6610,6840,6600,6820,201470
048910,2017-04-06,6860,6860,6670,6730,114304
048910,2017-04-07,6800,6990,6740,6780,214433
048910,2017-04-10,6780,6780,6380,6470,235796
048910,2017-04-11,6450,6510,6330,6390,104817
048910,2017-04-12,6360,6450,6240,6300,107957
048910,2017-04-13,6260,6900,6260,6900,572344
048910,2017-04-14,6900,6950,6760,6800,351104
048910,2017-04-17,6840,7280,6800,7260,624961
048910,2017-04-18,7260,7400,7140,7390,347152
048910,2017-04-19,7310,7920,7310,7860,775913
048910,2017-04-20,7830,7960,7680,7690,361851
048910,2017-04-21,7840,8020,7700,7930,337371
048910,2017-04-24,7930,7970,7600,7670,274811
048910,2017-04-25,7740,7890,7670,7800,173010
048910,2017-04-26,7800,7860,7700,7770,117118
048910,2017-04-27,7750,7870,7410,7570,226353
048910,2017-04-28,7570,7570,7300,7440,150040
048910,2017-05-02,7490,7490,7260,7420,76756
048910,2017-05-04,7390,7430,7270,7410,124039
048910,2017-05-08,7470,7470,7050,7080,345648
048910,2017-05-10,7040,7120,6910,7050,245549
048910,2017-05-11,7030,7330,6940,7250,484429
048910,2017-05-12,7300,7390,7050,7110,176705
048910,2017-05-15,7180,7180,6970,7020,139715
048910,2017-05-16,7040,7110,6870,7090,153980
048910,2017-05-17,7140,7480,7050,7400,433863
048910,2017-05-18,7260,7750,7260,7690,474535
048910,2017-05-19,7690,7720,7520,7600,224877
048910,2017-05-22,7680,7700,7410,7550,167122
048910,2017-05-23,7570,7680,7540,7640,202865
048910,2017-05-24,7700,7700,7490,7590,163450
048910,2017-05-25,7750,7750,7510,7530,137096
048910,2017-05-26,7530,7550,7320,7480,218260
048910,2017-05-29,7400,7610,7400,7570,139280
048910,2017-05-30,7500,7580,7370,7560,116221
048910,2017-05-31,7550,8210,7420,8170,832881
048910,2017-06-01,8150,8180,7950,8030,325870
048910,2017-06-02,8030,8300,7960,8120,431275
048910,2017-06-05,8120,8180,7800,7830,312413
048910,2017-06-07,7800,8010,7620,7930,165712
048910,2017-06-08,7980,7980,7840,7930,83373
048910,2017-06-09,7850,7940,7770,7910,136978
048910,2017-06-12,7900,7900,7690,7810,149449
048910,2017-06-13,7850,7900,7700,7830,84987
048910,2017-06-14,7840,8100,7830,7900,219641
048910,2017-06-15,7870,7950,7680,7830,116739
048910,2017-06-16,7790,7990,7790,7850,70569
048910,2017-06-19,7850,7890,7720,7840,69452
048910,2017-06-20,7800,7870,7590,7600,113980
048910,2017-06-21,7600,7640,7390,7520,106757
048910,2017-06-22,7450,7520,7120,7120,220694
048910,2017-06-23,7190,7410,7160,7290,176595
048910,2017-06-26,7290,7290,7010,7020,142021
048910,2017-06-27,7110,7260,7000,7120,148089
048910,2017-06-28,7110,7140,6990,6990,107914
048910,2017-06-29,7100,7180,7080,7140,106602
048910,2017-06-30,7140,7490,7100,7490,167006
048910,2017-07-03,7480,7530,7300,7470,98857
048910,2017-07-04,7490,7670,7330,7380,376711
048910,2017-07-05,7410,7470,7340,7390,112659
048910,2017-07-06,7400,7410,7240,7270,63359
048910,2017-07-07,7270,7410,7210,7210,78718
048910,2017-07-10,7180,7290,7060,7150,86302
048910,2017-07-11,7110,7180,7010,7100,90088
048910,2017-07-12,7060,7170,7010,7050,68790
048910,2017-07-13,7060,7150,7010,7110,70246
048910,2017-07-14,7090,7190,6840,6980,167500
048910,2017-07-17,6980,7160,6900,7050,112007
048910,2017-07-18,7080,7100,6880,6910,88550
048910,2017-07-19,6940,7050,6880,7000,64625
048910,2017-07-20,6980,7300,6980,7300,145249
048910,2017-07-21,7300,7380,7200,7230,56084
048910,2017-07-24,7230,7360,7160,7200,53879
048910,2017-07-25,7360,7420,7150,7180,120466
048910,2017-07-26,7220,7260,6950,6990,113637
048910,2017-07-27,7000,7180,6950,7050,73115
048910,2017-07-28,7040,7190,6920,7190,109600
048910,2017-07-31,7140,7240,6990,7000,73870
048910,2017-08-01,6870,7180,6860,7000,100334
048910,2017-08-02,6910,7200,6910,7200,127431
048910,2017-08-03,7200,7250,6950,7060,123613
048910,2017-08-04,7000,7090,6900,7090,188158
048910,2017-08-07,7270,7450,6990,7000,293534
048910,2017-08-08,7000,7100,6950,7030,91888
048910,2017-08-09,7030,7070,6870,6910,67424
048910,2017-08-10,6950,7120,6790,7030,177451
048910,2017-08-11,6960,7010,6810,6810,65426
048910,2017-08-14,6760,6870,6690,6800,72621
048910,2017-08-16,6810,6890,6760,6770,39322
048910,2017-08-17,6780,6960,6750,6950,65292
048910,2017-08-18,6930,7110,6830,7100,113540
048910,2017-08-21,7100,7210,7000,7200,143800
048910,2017-08-22,7180,7360,7150,7340,171615
048910,2017-08-23,7360,7490,7210,7430,150812
048910,2017-08-24,7460,7650,7380,7550,228398
048910,2017-08-25,7560,7650,7470,7600,96264
048910,2017-08-28,7600,7610,7450,7590,71465
048910,2017-08-29,7520,7530,7250,7310,169926
048910,2017-08-30,7310,7450,7310,7430,39352
048910,2017-08-31,7430,7520,7390,7520,64269
048910,2017-09-01,7520,7740,7460,7650,195958
048910,2017-09-04,7400,7650,7380,7550,89730
048910,2017-09-05,7520,7600,7400,7450,93705
048910,2017-09-06,7510,7900,7450,7630,350029
048910,2017-09-07,7760,8470,7720,8470,1140340
048910,2017-09-08,8530,8530,7850,7870,671985
048910,2017-09-11,7960,7960,7540,7670,293539
048910,2017-09-12,7740,7790,7530,7700,185356
048910,2017-09-13,7710,7780,7580,7660,129812
048910,2017-09-14,7700,7700,7520,7590,103970
048910,2017-09-15,7520,7640,7430,7450,130091
048910,2017-09-18,7500,8140,7500,8020,823404
048910,2017-09-19,8030,8160,7710,8040,527983
048910,2017-09-20,8090,9310,7930,8800,3927522
048910,2017-09-21,8820,9220,8630,8870,856370
048910,2017-09-22,8940,8940,8540,8800,392880
048910,2017-09-25,8800,8810,8390,8390,248947
048910,2017-09-26,8350,8660,8130,8520,241951
048910,2017-09-27,8520,8800,8400,8800,185310
048910,2017-09-28,8810,9490,8810,8950,1399679
048910,2017-09-29,9040,9420,8970,9150,573811
048910,2017-10-10,9400,9610,9210,9500,478892
048910,2017-10-11,9560,9570,9330,9520,202685
048910,2017-10-12,9490,9900,9420,9730,246186
048910,2017-10-13,9750,9750,9310,9430,229802
048910,2017-10-16,9350,9620,9150,9370,173763
048910,2017-10-17,9260,10100,9250,9950,471747
048910,2017-10-18,10400,10400,9250,9250,612304
048910,2017-10-19,9290,9590,8980,9420,270263
048910,2017-10-20,9420,9900,9330,9850,191591
048910,2017-10-23,9930,10100,9520,9700,245815
048910,2017-10-24,9920,9990,9560,9700,194515
048910,2017-10-25,9690,9780,9580,9670,97875
048910,2017-10-26,9600,9880,9600,9700,139361
048910,2017-10-27,9700,9980,9700,9950,196173
048910,2017-10-30,10100,10100,9800,9820,122674
048910,2017-10-31,9760,10100,9690,10000,161258
048910,2017-11-01,10050,10200,9850,10150,167628
048910,2017-11-02,10150,10550,9960,9970,385165
048910,2017-11-03,10050,10200,9600,9980,209562
048910,2017-11-06,10000,10050,9260,9360,378668
048910,2017-11-07,9400,9460,8990,9200,344508
048910,2017-11-08,9210,9360,9130,9320,156775
048910,2017-11-09,9390,9390,9020,9100,162191
048910,2017-11-10,9080,9210,9050,9150,56276
048910,2017-11-13,9190,9500,9100,9250,260795
048910,2017-11-14,9300,9510,9230,9490,192037
048910,2017-11-15,9490,9490,9200,9300,179466
048910,2017-11-16,9310,9740,9250,9700,239206
048910,2017-11-17,9720,9720,9500,9500,104083
048910,2017-11-20,9670,9940,9480,9830,256707
048910,2017-11-21,9870,9930,9700,9710,101651
048910,2017-11-22,9760,9760,9390,9530,187898
048910,2017-11-23,9700,10350,9680,10100,669379
048910,2017-11-24,10150,10650,10000,10450,510857
048910,2017-11-27,10650,11500,10500,10950,1224791
048910,2017-11-28,10950,11300,10650,11000,497484
048910,2017-11-29,10900,11250,10600,10750,277529
048910,2017-11-30,10850,10900,10200,10550,409495
048910,2017-12-01,10650,10700,10050,10450,250872
048910,2017-12-04,10350,10400,9150,9200,816227
048910,2017-12-05,9260,9330,8790,8910,777809
048910,2017-12-06,8910,9190,8840,8950,445592
048910,2017-12-07,9000,9200,8610,9200,274605
048910,2017-12-08,9490,9530,9030,9050,426792
048910,2017-12-11,9050,9410,8880,9340,169007
048910,2017-12-12,9300,9410,9140,9330,151689
048910,2017-12-13,9420,9880,9410,9460,841207
048910,2017-12-14,9540,9580,9330,9500,192103
048910,2017-12-15,9490,9520,9090,9130,244472
048910,2017-12-18,9130,9550,8980,9300,304326
048910,2017-12-19,9320,9360,8900,9160,278697
048910,2017-12-20,9100,9100,8810,8810,225712
048910,2017-12-21,8620,8900,8600,8640,163791
048910,2017-12-22,8650,8870,8580,8800,121114
048910,2017-12-26,8790,8840,8400,8440,154739
048910,2017-12-27,8430,8680,8280,8490,161078
048910,2017-12-28,8450,8580,8150,8270,302666
048910,2018-01-02,8270,8380,8130,8250,234955
048910,2018-01-03,8340,8580,8270,8580,177066
048910,2018-01-04,8640,8640,8330,8450,155026
048910,2018-01-05,8410,8480,8280,8330,132872
048910,2018-01-08,8300,8330,7880,7900,345158
048910,2018-01-09,7990,8020,7820,7840,127923
048910,2018-01-10,8010,8130,7870,8110,130778
048910,2018-01-11,8170,8170,7950,8060,95413
048910,2018-01-12,8080,8360,8040,8320,195307
048910,2018-01-15,8260,8370,8160,8330,112328
048910,2018-01-16,8310,8530,8310,8500,138231
048910,2018-01-17,8500,8740,8440,8500,176478
048910,2018-01-18,8580,9440,8490,9230,879273
048910,2018-01-19,9450,9490,9190,9390,373568
048910,2018-01-22,9390,9510,9110,9450,209769
048910,2018-01-23,9500,9730,9310,9510,234058
048910,2018-01-24,9650,10100,9600,9900,576402
048910,2018-01-25,9900,10400,9800,9800,446344
048910,2018-01-26,9800,10200,9710,10150,260547
048910,2018-01-29,10250,10350,9960,9980,197266
048910,2018-01-30,9850,10100,9720,9870,255239
048910,2018-01-31,9800,9990,9530,9590,224616
048910,2018-02-01,9590,10150,9590,10150,248898
048910,2018-02-02,10250,10250,9680,9800,189952
048910,2018-02-05,9600,9600,9290,9330,163244
048910,2018-02-06,8730,9160,8520,9020,341112
048910,2018-02-07,9170,9300,8860,8860,114631
048910,2018-02-08,8910,9180,8810,9090,88828
048910,2018-02-09,8800,8850,8700,8770,91477
048910,2018-02-12,9000,9160,8860,8900,103549
048910,2018-02-13,9150,9200,8870,8870,76358
048910,2018-02-14,9030,9980,9000,9800,782007
048910,2018-02-19,9820,10100,9710,9930,284138
048910,2018-02-20,9930,10150,9820,9960,185726
048910,2018-02-21,10000,10100,9800,10050,121645
048910,2018-02-22,10050,10750,10000,10550,1108636
048910,2018-02-23,10650,10750,10400,10600,290099
048910,2018-02-26,10750,11050,10600,10750,590918
048910,2018-02-27,10850,11250,10750,10850,645963
048910,2018-02-28,10750,10750,10100,10300,630505
048910,2018-03-02,10100,11500,10000,11250,805074
048910,2018-03-05,11250,11600,11050,11250,360337
048910,2018-03-06,11400,11400,10700,10950,311389
048910,2018-03-07,11650,11850,11300,11650,1500273
048910,2018-03-08,11900,12350,11350,11450,1177197
048910,2018-03-09,11600,11700,11200,11500,558639
048910,2018-03-12,11550,11700,11250,11600,490721
048910,2018-03-13,11600,11600,11050,11100,468579
048910,2018-03-14,11150,11300,10850,10900,208853
048910,2018-03-15,10900,11250,10800,11050,287628
048910,2018-03-16,11100,11200,10700,10950,253467
048910,2018-03-19,10950,11000,10500,10500,291289
048910,2018-03-20,10500,11000,10450,10950,398908
048910,2018-03-21,11000,11000,10700,10800,201820
048910,2018-03-22,10800,10900,10450,10500,227699
048910,2018-03-23,10200,10400,9860,9950,418769
048910,2018-03-26,10000,10450,9990,10400,447913
048910,2018-03-27,10500,10550,10250,10400,195562
048910,2018-03-28,10200,10650,10150,10250,169853
048910,2018-03-29,10300,10600,10000,10300,423525
048910,2018-03-30,10450,10450,9950,9960,578271
048910,2018-04-02,10100,10550,10050,10550,547118
048910,2018-04-03,10450,10850,10400,10650,374778
048910,2018-04-04,10700,11050,10150,10950,788291
048910,2018-04-05,10900,10950,10450,10550,348639
048910,2018-04-06,10450,10550,10150,10200,220348
048910,2018-04-09,10200,10600,10100,10300,230757
048910,2018-04-10,10300,10950,10250,10900,465663
048910,2018-04-11,11050,11150,10700,10800,322129
048910,2018-04-12,10900,10950,10500,10500,251536
048910,2018-04-13,10600,10850,10400,10700,204218
048910,2018-04-16,10700,10750,10400,10450,164742
048910,2018-04-17,10600,10950,10550,10950,341023
048910,2018-04-18,11050,11250,10400,10550,632814
048910,2018-04-19,10550,10650,10350,10550,262188
048910,2018-04-20,10550,10650,10350,10600,179945
048910,2018-04-23,10450,10600,9870,9960,639627
048910,2018-04-24,9970,10150,9880,9940,193561
048910,2018-04-25,9840,9880,9190,9410,674650
048910,2018-04-26,9620,9840,9400,9470,376098
048910,2018-04-27,9530,9630,9430,9530,127017
048910,2018-04-30,9540,9640,9400,9590,161797
048910,2018-05-02,9630,9700,9470,9580,167002
048910,2018-05-03,9620,9750,9520,9650,122670
048910,2018-05-04,9630,9650,9150,9440,271790
048910,2018-05-08,9440,9680,9310,9420,204632
048910,2018-05-09,9420,9510,9200,9360,114156
048910,2018-05-10,9460,9640,8850,9020,564701
048910,2018-05-11,9090,9260,8840,9170,347476
048910,2018-05-14,9170,9170,8920,9070,160356
048910,2018-05-15,9000,9080,8880,9020,157404
048910,2018-05-16,9010,9010,8690,8820,264175
048910,2018-05-17,8710,9060,8710,8990,168554
048910,2018-05-18,9040,9080,8770,9080,235819
048910,2018-05-21,9130,9130,8970,9050,85503
048910,2018-05-23,9120,9120,8880,8970,106586
048910,2018-05-24,8950,9500,8950,9490,411557
048910,2018-05-25,9360,9600,9240,9600,264750
048910,2018-05-28,9550,9570,9360,9540,151618
048910,2018-05-29,9460,9700,9410,9420,127152
048910,2018-05-30,9430,9470,9070,9130,130527
048910,2018-05-31,9230,9590,9130,9480,270768
048910,2018-06-01,9480,9540,9290,9290,165742
048910,2018-06-04,9310,9450,9310,9410,96137
048910,2018-06-05,9450,9470,9250,9280,116486
048910,2018-06-07,9280,9380,9220,9220,66947
048910,2018-06-08,9200,9300,9000,9060,116231
048910,2018-06-11,9050,9120,8850,8890,130491
048910,2018-06-12,8850,9010,8850,8870,93070
048910,2018-06-14,8920,8920,8430,8540,212920
048910,2018-06-15,8450,8590,8450,8510,80952
048910,2018-06-18,8500,8560,8170,8210,114047
048910,2018-06-19,8210,8380,7890,7980,84078
048910,2018-06-20,7980,8170,7910,8110,53785
048910,2018-06-21,8080,8180,7910,7910,42491
048910,2018-06-22,7890,8060,7840,8000,65442
048910,2018-06-25,8030,8160,7880,8140,43497
048910,2018-06-26,8030,8230,7990,8230,72231
048910,2018-06-27,8200,8450,8200,8320,85879
048910,2018-06-28,8300,8360,8120,8140,61511
048910,2018-06-29,8130,8250,7900,8210,59057
048910,2018-07-02,8150,8260,7700,7850,82943
048910,2018-07-03,7810,8090,7800,7930,85889
048910,2018-07-04,7950,8140,7850,8010,46406
048910,2018-07-05,8010,8200,7750,7850,53904
048910,2018-07-06,7860,8100,7700,8090,46869
048910,2018-07-09,8090,8100,7920,7930,63579
048910,2018-07-10,8100,8130,7980,8050,55731
048910,2018-07-11,8050,8180,7940,8080,52194
048910,2018-07-12,8150,8400,8030,8300,80985
048910,2018-07-13,8300,8460,8270,8400,56440
048910,2018-07-16,8490,8490,8300,8350,42935
048910,2018-07-17,8350,8450,8290,8360,44296
048910,2018-07-18,8360,8450,8090,8250,48550
048910,2018-07-19,8200,8290,8010,8150,57385
048910,2018-07-20,8150,8240,7930,8140,42763
048910,2018-07-23,8060,8430,7770,7810,79209
048910,2018-07-24,7690,7950,7660,7860,58621
048910,2018-07-25,7830,7920,7470,7560,83693
048910,2018-07-26,7560,7780,7510,7650,62529
048910,2018-07-27,7660,7770,7630,7710,32281
048910,2018-07-30,7700,7800,7690,7800,15560
048910,2018-07-31,7760,8100,7750,8100,43706
048910,2018-08-01,8020,8330,8020,8150,64212
048910,2018-08-02,8150,8260,8060,8140,35175
048910,2018-08-03,8150,8300,8100,8270,36138
048910,2018-08-06,8260,8340,8150,8150,26538
048910,2018-08-07,8110,8180,8060,8060,27847
048910,2018-08-08,8150,8230,8060,8060,39166
048910,2018-08-09,8080,8420,8080,8290,79670
048910,2018-08-10,8290,8360,7720,7720,135165
048910,2018-08-13,7750,7790,7220,7220,174815
048910,2018-08-14,7230,7440,7220,7300,46250
048910,2018-08-16,7270,7400,6980,7400,84598
048910,2018-08-17,7440,7550,7340,7470,46498
048910,2018-08-20,7500,7680,7410,7560,51009
048910,2018-08-21,7500,7670,7500,7620,70054
048910,2018-08-22,7620,7650,7520,7550,42333
048910,2018-08-23,7530,7570,7360,7390,87545
048910,2018-08-24,7390,7580,7300,7550,44854
048910,2018-08-27,7580,7580,7440,7460,61261
048910,2018-08-28,7450,7570,7450,7480,49186
048910,2018-08-29,7500,7740,7490,7680,90292
048910,2018-08-30,7680,7750,7580,7660,66198
048910,2018-08-31,7660,7700,7580,7700,50423
048910,2018-09-03,7700,7850,7660,7740,60830
048910,2018-09-04,7770,8160,7740,8100,176039
048910,2018-09-05,8110,8130,7950,8070,89251
048910,2018-09-06,8150,8340,8000,8140,153304
048910,2018-09-07,8150,8240,7980,8040,74082
048910,2018-09-10,8070,8500,8040,8400,223384
048910,2018-09-11,8410,8480,8170,8210,133576
048910,2018-09-12,8220,8440,8220,8340,68551
048910,2018-09-13,8290,8760,8290,8610,221888
048910,2018-09-14,8550,8840,8540,8820,178017
048910,2018-09-17,8850,9120,8550,8650,360112
048910,2018-09-18,8620,9030,8600,8790,205647
048910,2018-09-19,9500,11400,8480,8490,9633043
048910,2018-09-20,8670,9050,8480,8950,965209
048910,2018-09-21,9020,9070,8700,8800,401677
048910,2018-09-27,8830,9460,8830,9350,537712
048910,2018-09-28,9510,10150,9480,9850,1137207
048910,2018-10-01,10000,10550,9850,10300,663269
048910,2018-10-02,10300,10400,9970,10300,410136
048910,2018-10-04,10300,10400,9570,9750,465934
048910,2018-10-05,9750,9940,9450,9690,236060
048910,2018-10-08,9750,9860,9440,9490,176943
048910,2018-10-10,9620,9790,9180,9490,253033
048910,2018-10-11,9010,9280,8510,8510,455655
048910,2018-10-12,8450,8900,8450,8830,175138
048910,2018-10-15,8970,8970,8530,8600,98972
048910,2018-10-16,8630,9440,8630,9350,331432
048910,2018-10-17,9490,9770,9360,9450,229805
048910,2018-10-18,9390,9610,9090,9280,107645
048910,2018-10-19,9100,9570,9020,9510,177234
048910,2018-10-22,9480,9680,9390,9520,139392
048910,2018-10-23,9470,9550,9070,9140,151526
048910,2018-10-24,9150,9410,8700,8850,173571
048910,2018-10-25,8650,8910,8480,8750,144538
048910,2018-10-26,8900,8950,8070,8200,206971
048910,2018-10-29,8090,8320,7400,7400,232100
048910,2018-10-30,7200,7700,7150,7690,233212
048910,2018-10-31,7750,7980,7650,7850,138883
048910,2018-11-01,7950,8380,7950,8100,186435
048910,2018-11-02,8220,8560,8220,8520,118593
048910,2018-11-05,8550,8650,8340,8490,97720
048910,2018-11-06,8550,8870,8490,8650,118720
048910,2018-11-07,8670,8810,8460,8690,87066
048910,2018-11-08,8950,9350,8750,9150,225680
048910,2018-11-09,9190,9450,9140,9380,181840
048910,2018-11-12,9380,9750,9300,9570,193090
048910,2018-11-13,9400,9500,9100,9370,138431
048910,2018-11-14,9370,9450,9100,9200,131666
048910,2018-11-15,9180,9780,9060,9780,215786
048910,2018-11-16,9850,10200,9320,9350,354679
048910,2018-11-19,9450,9700,9270,9490,159611
048910,2018-11-20,9350,9890,9260,9770,304112
048910,2018-11-21,9750,9750,9450,9700,145191
048910,2018-11-22,9730,9750,9430,9430,91308
048910,2018-11-23,9480,9550,9150,9200,96598
048910,2018-11-26,9250,9690,9240,9550,117658
048910,2018-11-27,9640,10100,9530,10050,377135
048910,2018-11-28,10150,10300,9850,10000,420248
048910,2018-11-29,10100,10150,9920,10000,134685
048910,2018-11-30,10000,10050,9860,10000,80448
048910,2018-12-03,10200,10250,9980,10150,189325
048910,2018-12-04,10200,10450,10000,10300,219507
048910,2018-12-05,10000,10450,9990,10450,208377
048910,2018-12-06,10450,10450,10050,10150,187671
048910,2018-12-07,10200,10450,10100,10450,186677
048910,2018-12-10,10450,10550,10250,10450,114218
048910,2018-12-11,10550,10900,10350,10800,282666
048910,2018-12-12,10750,11000,10650,10850,281294
048910,2018-12-13,10900,11000,10750,10900,166237
048910,2018-12-14,10900,10900,10250,10550,200637
048910,2018-12-17,10450,10550,10150,10500,147717
048910,2018-12-18,10250,10400,10100,10250,105310
048910,2018-12-19,10300,10600,10250,10500,100946
048910,2018-12-20,10350,10500,10000,10300,127663
048910,2018-12-21,10200,10400,10100,10200,91526
048910,2018-12-24,10100,10250,9900,10050,143094
048910,2018-12-26,9850,10000,9580,9630,123881
048910,2018-12-27,9820,10300,9780,9930,140489
048910,2018-12-28,10150,10250,9950,9990,144407
048910,2019-01-02,10150,10250,9830,9900,67711
048910,2019-01-03,9900,9950,9540,9670,66395
048910,2019-01-04,9660,9660,9310,9660,171054
048910,2019-01-07,9790,10000,9640,9680,60288
048910,2019-01-08,9690,9730,9310,9330,129664
048910,2019-01-09,9330,9930,9330,9680,174755
048910,2019-01-10,9740,9860,9520,9750,100912
048910,2019-01-11,9750,9870,9600,9690,72918
048910,2019-01-14,9700,9870,9660,9800,80972
048910,2019-01-15,9810,9860,9710,9740,56964
048910,2019-01-16,9750,10050,9650,10000,134791
048910,2019-01-17,10050,10150,9700,9760,102982
048910,2019-01-18,9750,9790,9480,9550,143788
048910,2019-01-21,9560,9750,9490,9660,101262
048910,2019-01-22,9650,9870,9560,9590,94409
048910,2019-01-23,9600,10100,9580,9760,268773
048910,2019-01-24,9740,10050,9740,10050,157528
048910,2019-01-25,10050,10050,9920,9960,87651
048910,2019-01-28,9930,10050,9680,9680,146882
048910,2019-01-29,9630,9710,9440,9450,126896
048910,2019-01-30,9450,9570,9180,9280,174122
048910,2019-01-31,9330,9330,9020,9200,147169
048910,2019-02-01,9260,9430,9180,9350,117031
048910,2019-02-07,9390,9440,9180,9310,57063
048910,2019-02-08,9250,9550,9210,9400,63375
048910,2019-02-11,9390,9480,9260,9310,58825
048910,2019-02-12,9310,9420,9060,9300,200628
048910,2019-02-13,9380,9390,9130,9170,101369
048910,2019-02-14,9170,9220,9010,9020,101115
048910,2019-02-15,9140,9170,8970,9010,63191
048910,2019-02-18,9050,9220,9030,9210,100863
048910,2019-02-19,9210,9410,9160,9270,98523
048910,2019-02-20,9270,9450,9250,9270,58525
048910,2019-02-21,9240,9300,9130,9180,49511
048910,2019-02-22,9110,9430,9110,9190,84036
048910,2019-02-25,9180,9230,9010,9140,73554
048910,2019-02-26,9140,9340,9000,9220,111873
048910,2019-02-27,9240,9430,9240,9270,64446
048910,2019-02-28,9270,9320,8500,8970,98366
048910,2019-03-04,9050,9130,8890,8950,59894
048910,2019-03-05,8860,9020,8820,8820,60771
048910,2019-03-06,8860,8940,8770,8940,49504
048910,2019-03-07,8950,8990,8700,8740,47773
048910,2019-03-08,8680,8770,8420,8540,80625
048910,2019-03-11,8460,8600,8300,8330,54870
048910,2019-03-12,8340,8440,8330,8380,48305
048910,2019-03-13,8390,8520,8330,8370,50239
048910,2019-03-14,8400,8750,8400,8670,88223
048910,2019-03-15,8620,8770,8600,8650,61969
048910,2019-03-18,8670,8820,8610,8720,42904
048910,2019-03-19,8720,8820,8660,8700,41360
048910,2019-03-20,8700,8700,8510,8650,47084
048910,2019-03-21,8650,8650,8460,8570,38264
048910,2019-03-22,8570,8570,8400,8450,49908
048910,2019-03-25,8330,8390,8270,8380,37114
048910,2019-03-26,8390,8600,8370,8600,39978
048910,2019-03-27,8610,9000,8600,8900,170563
048910,2019-03-28,8880,9000,8750,8800,58482
048910,2019-03-29,8830,8920,8800,8850,40260
048910,2019-04-01,8850,9040,8850,9020,73968
048910,2019-04-02,8980,9180,8970,9100,67829
048910,2019-04-03,9100,9130,8940,8990,50113
048910,2019-04-04,8990,9040,8810,8920,36626
048910,2019-04-05,8920,9150,8870,9110,78501
048910,2019-04-08,9120,9150,8890,8950,46203
048910,2019-04-09,8930,9010,8690,8810,50098
048910,2019-04-10,8840,8840,8710,8810,37412
048910,2019-04-11,8830,9420,8780,9420,322207
048910,2019-04-12,9500,9540,9300,9430,151488
048910,2019-04-15,9490,9680,9470,9600,165155
048910,2019-04-16,9630,9630,9020,9600,183719
048910,2019-04-17,9610,9650,9450,9450,73572
048910,2019-04-18,9450,9490,9170,9400,113010
048910,2019-04-19,9400,9480,9230,9330,61429
048910,2019-04-22,9330,9770,9330,9620,243388
048910,2019-04-23,9640,9790,9470,9470,81708
048910,2019-04-24,9470,9690,9400,9420,55012
048910,2019-04-25,9410,9430,9240,9280,62629
048910,2019-04-26,9320,9380,9100,9280,48220
048910,2019-04-29,9280,9380,9200,9260,46238
048910,2019-04-30,9220,9300,9020,9130,86226
048910,2019-05-02,9050,9320,9050,9250,47233
048910,2019-05-03,9250,9250,9130,9180,29935
048910,2019-05-07,9090,9260,9010,9170,54026
048910,2019-05-08,9100,9290,9100,9160,51807
048910,2019-05-09,9180,9230,8900,8900,90520
048910,2019-05-10,8930,9050,8770,9000,38386
048910,2019-05-13,9000,9040,8840,8840,36878
048910,2019-05-14,8820,8930,8600,8910,50208
048910,2019-05-15,9000,9220,8920,9150,64042
048910,2019-05-16,9150,9390,9070,9240,107486
048910,2019-05-17,9290,9340,8960,8990,74406
048910,2019-05-20,8890,9010,8800,8820,63367
048910,2019-05-21,8750,8870,8670,8680,40143
048910,2019-05-22,8700,8910,8690,8850,47287
048910,2019-05-23,8880,8880,8370,8490,117760
048910,2019-05-24,8490,8520,7980,7990,141482
048910,2019-05-27,8040,8200,7930,8060,83992
048910,2019-05-28,8100,8190,7950,8090,88368
048910,2019-05-29,8090,8130,7900,8040,59695
048910,2019-05-30,7950,8080,7850,7910,94586
048910,2019-05-31,7930,8180,7910,8050,63195
048910,2019-06-03,8040,8100,7920,7960,55859
048910,2019-06-04,7960,8070,7870,7870,48686
048910,2019-06-05,7980,8120,7960,8020,70552
048910,2019-06-07,8100,8310,8050,8250,65700
048910,2019-06-10,8270,8350,8170,8280,59083
048910,2019-06-11,8390,8440,8250,8400,45748
048910,2019-06-12,8470,8560,8350,8520,43700
048910,2019-06-13,8550,8560,8390,8530,43346
048910,2019-06-14,8500,8580,8380,8410,42584
048910,2019-06-17,8460,8480,8320,8420,10862
048910,2019-06-18,8420,8450,8250,8300,65412
048910,2019-06-19,8350,8410,8260,8260,44503
048910,2019-06-20,8310,8410,8280,8330,42169
048910,2019-06-21,8340,8440,8330,8350,56970
048910,2019-06-24,8410,8440,8080,8080,78191
048910,2019-06-25,8080,8170,8000,8010,37516
048910,2019-06-26,7970,8250,7970,8030,34456
048910,2019-06-27,7970,8130,7880,8020,43611
048910,2019-06-28,7970,8140,7960,8050,48374
048910,2019-07-01,8080,8200,8010,8020,17585
048910,2019-07-02,8020,8170,8020,8110,18371
048910,2019-07-03,8130,8130,7910,7990,53550
048910,2019-07-04,7930,8350,7930,8150,59865
048910,2019-07-05,8110,8160,7870,7900,84500
048910,2019-07-08,7900,7910,7350,7470,168445
048910,2019-07-09,7460,7620,7360,7380,66613
048910,2019-07-10,7350,7510,7350,7460,33413
048910,2019-07-11,7500,7760,7470,7730,60253
048910,2019-07-12,7790,7820,7670,7770,28618
048910,2019-07-15,7770,7790,7580,7610,33876
048910,2019-07-16,7600,7650,7450,7580,57732
048910,2019-07-17,7590,7590,7390,7450,41141
048910,2019-07-18,7450,7570,7380,7440,23446
048910,2019-07-19,7420,7670,7420,7640,32188
048910,2019-07-22,7680,7680,7380,7400,59186
048910,2019-07-23,7370,7430,7310,7330,39846
048910,2019-07-24,7330,7420,7250,7260,29283
048910,2019-07-25,7210,7270,6740,6950,169451
048910,2019-07-26,6840,6970,6710,6770,49624
048910,2019-07-29,6720,6790,6390,6490,119015
048910,2019-07-30,6450,6810,6450,6710,75674
048910,2019-07-31,6610,6750,6370,6690,83730
048910,2019-08-01,6550,6670,6470,6530,67371
048910,2019-08-02,6300,6490,6280,6400,59389
048910,2019-08-05,6310,6370,5630,5630,215815
048910,2019-08-06,5310,5850,5310,5580,136497
048910,2019-08-07,5440,5910,5440,5860,118290
048910,2019-08-08,5970,6150,5940,6140,56826
048910,2019-08-09,6150,6280,6040,6120,43926
048910,2019-08-12,6020,6170,5990,6090,70906
048910,2019-08-13,6120,6150,5870,6000,85774
048910,2019-08-14,6060,6120,5980,6070,27717
048910,2019-08-16,6000,6000,5800,5880,41716
048910,2019-08-19,5860,5940,5810,5850,56759
048910,2019-08-20,5870,5970,5830,5920,44120
048910,2019-08-21,5940,6090,5800,6070,65454
048910,2019-08-22,6120,6130,6040,6040,29874
048910,2019-08-23,6020,6040,5960,6020,30908
048910,2019-08-26,5870,5930,5710,5790,49523
048910,2019-08-27,5820,5900,5710,5740,32262
048910,2019-08-28,5720,5770,5530,5630,64240
048910,2019-08-29,5640,5710,5550,5590,32213
048910,2019-08-30,5620,5830,5620,5770,59661
048910,2019-09-02,5770,5970,5730,5960,44236
048910,2019-09-03,5920,6110,5920,5990,26693
048910,2019-09-04,5940,6040,5920,6030,19633
048910,2019-09-05,6040,6170,6030,6110,49549
048910,2019-09-06,6110,6180,6050,6110,14646
048910,2019-09-09,6140,6260,6030,6150,50549
048910,2019-09-10,6120,6200,6030,6140,27540
048910,2019-09-11,6110,6230,6110,6220,35296
048910,2019-09-16,6220,6300,6160,6300,37716
048910,2019-09-17,6260,6400,6230,6380,30943
048910,2019-09-18,6380,6570,6360,6480,93768
048910,2019-09-19,6490,6560,6430,6520,23803
048910,2019-09-20,6460,6650,6460,6650,54671
048910,2019-09-23,6650,6740,6520,6640,47594
048910,2019-09-24,6620,6700,6540,6700,28984
048910,2019-09-25,6670,6740,6570,6680,36577
048910,2019-09-26,6680,6710,6450,6470,29572
048910,2019-09-27,6460,6650,6370,6630,37833
048910,2019-09-30,6630,6750,6520,6610,23646
048910,2019-10-01,6620,6680,6530,6610,21606
048910,2019-10-02,6620,6620,6480,6530,26395
048910,2019-10-04,6530,6630,6440,6530,41298
048910,2019-10-07,6450,6540,6300,6340,44985
048910,2019-10-08,6400,6400,6200,6330,38264
048910,2019-10-10,6420,6420,6220,6250,54023
048910,2019-10-11,6300,6330,6250,6300,11011
048910,2019-10-14,6350,6360,6200,6300,27883
048910,2019-10-15,6300,6560,6220,6540,65920
048910,2019-10-16,6550,6670,6540,6600,43874
048910,2019-10-17,6640,6720,6510,6660,25296
048910,2019-10-18,6700,6900,6650,6790,65987
048910,2019-10-21,6800,6860,6640,6780,24009
048910,2019-10-22,6770,6910,6750,6840,48635
048910,2019-10-23,6810,6880,6750,6830,23878
048910,2019-10-24,6780,6900,6610,6880,59445
048910,2019-10-25,6860,6890,6770,6890,51531
048910,2019-10-28,6950,6980,6700,6700,81852
048910,2019-10-29,6700,6840,6650,6740,70665
048910,2019-10-30,6850,7150,6720,7150,219763
048910,2019-10-31,7150,7190,7000,7090,101545
048910,2019-11-01,7090,7590,7090,7420,249390
048910,2019-11-04,7460,7600,7370,7490,145246
048910,2019-11-05,7580,7870,7550,7760,213042
048910,2019-11-06,7770,7990,7700,7920,198172
048910,2019-11-07,8080,8630,7930,8320,843316
048910,2019-11-08,8240,8460,8200,8350,297087
048910,2019-11-11,8470,8500,7980,8400,623173
048910,2019-11-12,8400,8440,8000,8020,401780
048910,2019-11-13,7950,8250,7780,8040,317450
048910,2019-11-14,8020,8060,7700,7790,178016
048910,2019-11-15,7790,8130,7700,8130,247621
048910,2019-11-18,8080,8280,8020,8160,226255
048910,2019-11-19,8150,8150,7920,7970,206730
048910,2019-11-20,8030,8030,7570,7620,239284
048910,2019-11-21,7690,7860,7250,7320,248529
048910,2019-11-22,7320,7650,7050,7320,250319
048910,2019-11-25,7460,7720,7380,7620,235121
048910,2019-11-26,7640,7750,7360,7380,213341
048910,2019-11-27,7410,7410,7100,7160,148341
048910,2019-11-28,7150,7340,7070,7090,131042
048910,2019-11-29,7120,7130,6950,6950,83692
048910,2019-12-02,6970,7070,6820,6880,69544
048910,2019-12-03,6870,6940,6680,6700,77947
048910,2019-12-04,6720,6730,6530,6630,86740
048910,2019-12-05,6650,6750,6460,6480,99122
048910,2019-12-06,6490,6770,6490,6700,115774
048910,2019-12-09,6610,6770,6610,6720,55124
048910,2019-12-10,6710,6720,6340,6410,176961
048910,2019-12-11,6420,6540,6420,6500,44366
048910,2019-12-12,6570,6610,6480,6570,52561
048910,2019-12-13,6570,6770,6570,6700,73170
048910,2019-12-16,6720,6840,6700,6820,53186
048910,2019-12-17,6820,6910,6820,6860,52628
048910,2019-12-18,6870,6870,6750,6800,37063
048910,2019-12-19,6830,6830,6700,6760,59140
048910,2019-12-20,6760,6820,6700,6740,46231
048910,2019-12-23,6740,6760,6540,6600,89375
048910,2019-12-24,6560,6640,6480,6480,46255
048910,2019-12-26,6560,6650,6500,6540,44541
048910,2019-12-27,6540,6700,6540,6660,35482
048910,2019-12-30,6620,6770,6610,6750,44089
048910,2020-01-02,6720,6900,6710,6800,44248
048910,2020-01-03,6800,6870,6690,6770,28239
048910,2020-01-06,6750,6750,6480,6550,79392
048910,2020-01-07,6550,6640,6510,6520,68475
048910,2020-01-08,6500,6510,6170,6300,120436
048910,2020-01-09,6350,6630,6350,6630,74690
048910,2020-01-10,6620,6730,6570,6670,40292
048910,2020-01-13,6730,6880,6650,6860,86198
048910,2020-01-14,6900,6910,6750,6850,38044
048910,2020-01-15,6850,6980,6770,6900,60138
048910,2020-01-16,6900,6970,6880,6950,31933
048910,2020-01-17,6950,7020,6930,6930,32028
048910,2020-01-20,6990,6990,6850,6880,53200
048910,2020-01-21,6800,6930,6770,6820,45136
048910,2020-01-22,6830,6880,6780,6810,23592
048910,2020-01-23,6810,6810,6650,6700,35281
048910,2020-01-28,6380,6630,6370,6470,74720
048910,2020-01-29,6490,6560,6410,6510,22621
048910,2020-01-30,6510,6710,6420,6420,76580
048910,2020-01-31,6420,6600,6250,6300,45328
048910,2020-02-03,6290,6390,6000,6330,62113
048910,2020-02-04,6280,6480,6280,6440,22069
048910,2020-02-05,6440,6620,6440,6510,40042
048910,2020-02-06,6650,6650,6410,6560,54086
048910,2020-02-07,6570,6570,6480,6500,26919
048910,2020-02-10,6470,6520,6400,6480,33630
048910,2020-02-11,6480,6720,6480,6600,73129
048910,2020-02-12,6620,6710,6530,6690,38681
048910,2020-02-13,6610,6890,6610,6800,73870
048910,2020-02-14,6810,6910,6780,6850,55526
048910,2020-02-17,6790,6930,6790,6920,65520
048910,2020-02-18,6920,6930,6650,6660,58297
048910,2020-02-19,6660,6800,6600,6680,36991
048910,2020-02-20,6720,6880,6720,6820,67896
048910,2020-02-21,6790,6840,6700,6840,49171
048910,2020-02-24,6980,7050,6400,6470,369312
048910,2020-02-25,6450,6610,6290,6540,58419
048910,2020-02-26,6520,6560,6100,6490,60391
048910,2020-02-27,6450,6590,6260,6310,70841
048910,2020-02-28,6190,6330,5880,5900,99937
048910,2020-03-02,5920,6040,5600,5920,101439
048910,2020-03-03,6000,6200,5890,5940,53625
048910,2020-03-04,5940,6140,5830,6130,44349
048910,2020-03-05,6200,6480,6150,6480,70444
048910,2020-03-06,6450,6570,6320,6400,39210
048910,2020-03-09,6360,6400,5950,6000,82814
048910,2020-03-10,5710,5930,5690,5880,100696
048910,2020-03-11,5920,5960,5450,5680,78602
048910,2020-03-12,5600,5600,4600,4870,540095
048910,2020-03-13,4335,4395,3600,3945,1180803
048910,2020-03-16,4100,4195,3835,3970,369986
048910,2020-03-17,3640,4300,3640,4300,255847
048910,2020-03-18,4310,4570,4240,4310,158921
048910,2020-03-19,4305,4400,3665,3935,153896
048910,2020-03-20,3920,4295,3895,4260,159580
048910,2020-03-23,3990,4200,3835,4030,70765
048910,2020-03-24,4050,4335,4050,4270,98803
048910,2020-03-25,4670,4695,4410,4570,135175
048910,2020-03-26,4835,4835,4545,4705,158322
048910,2020-03-27,4850,4910,4550,4745,173760
048910,2020-03-30,4520,4850,4520,4765,119131
048910,2020-03-31,4900,5660,4890,5250,405865
048910,2020-04-01,5490,6500,5440,5650,592252
048910,2020-04-02,5600,5940,5430,5850,220889
048910,2020-04-03,5930,6180,5790,6000,338616
048910,2020-04-06,6500,6980,6410,6630,1107606
048910,2020-04-07,6990,6990,6300,6590,409502
048910,2020-04-08,6800,6800,6380,6380,336221
048910,2020-04-09,6390,6520,6200,6300,220564
048910,2020-04-10,6310,6590,6010,6160,454276
048910,2020-04-13,6220,6990,6220,6520,1192673
048910,2020-04-14,6580,6740,6530,6680,276389
048910,2020-04-16,6740,6740,6420,6630,199485
048910,2020-04-17,6710,6710,6520,6630,202512
048910,2020-04-20,6580,6680,6420,6600,152638
048910,2020-04-21,6550,7020,5900,6880,1309791
048910,2020-04-22,6650,6920,6370,6700,686140
048910,2020-04-23,6800,6820,6650,6710,354206
048910,2020-04-24,6710,6740,6500,6590,268194
048910,2020-04-27,6830,7330,6800,7100,2240679
048910,2020-04-28,7200,7210,6800,6970,564684
048910,2020-04-29,6930,7070,6880,6970,337365
048910,2020-05-04,6980,7110,6930,7030,419381
048910,2020-05-06,7290,7550,7130,7130,1915973
048910,2020-05-07,7150,7200,7010,7020,328726
048910,2020-05-08,7110,7110,6920,7010,218360
048910,2020-05-11,6990,6990,6760,6820,235152
048910,2020-05-12,6820,6850,6540,6640,204457
048910,2020-05-13,6770,6900,6610,6640,285534
048910,2020-05-14,6650,6790,6560,6650,120028
048910,2020-05-15,6670,6690,6520,6550,134955
048910,2020-05-18,6640,6660,6400,6450,147353
048910,2020-05-19,6470,7410,6330,6800,1950921
048910,2020-05-20,6710,6880,6650,6710,162011
048910,2020-05-21,6760,6810,6590,6590,220836
048910,2020-05-22,6660,6690,6480,6550,87481
048910,2020-05-25,6550,6700,6400,6580,164848
048910,2020-05-26,6580,6630,6550,6600,78586
048910,2020-05-27,6610,6650,6560,6560,82296
048910,2020-05-28,6600,6640,6270,6490,125624
048910,2020-05-29,6390,6510,6340,6440,76650
048910,2020-06-01,6470,6470,6350,6440,87397
048910,2020-06-02,6440,6780,6390,6710,294635
048910,2020-06-03,6750,6770,6580,6640,135831
048910,2020-06-04,6670,6680,6500,6510,91562
048910,2020-06-05,6510,6640,6460,6600,48295
048910,2020-06-08,6600,6680,6550,6590,42467
048910,2020-06-09,6590,6640,6520,6600,56042
048910,2020-06-10,6600,6640,6480,6540,52869
048910,2020-06-11,6490,6560,6370,6380,70500
048910,2020-06-12,6100,6340,6070,6300,159584
048910,2020-06-15,6300,6340,5790,5790,162901
048910,2020-06-16,5850,6200,5850,5940,139277
048910,2020-06-17,5940,6530,5820,5970,339107
048910,2020-06-18,5860,5980,5840,5880,57369
048910,2020-06-19,5980,5980,5820,5860,45032
048910,2020-06-22,5860,5980,5830,5940,36679
048910,2020-06-23,5860,6060,5760,5760,90543
048910,2020-06-24,5820,6000,5790,5880,50948
048910,2020-06-25,5800,5900,5720,5850,42856
048910,2020-06-26,5880,5930,5840,5910,33378
048910,2020-06-29,5910,5910,5710,5750,43668
048910,2020-06-30,5890,6010,5750,5950,84816
048910,2020-07-01,6000,6020,5890,5950,40533
048910,2020-07-02,5990,6040,5930,5950,23786
048910,2020-07-03,5950,6170,5920,6120,82164
048910,2020-07-06,6120,6260,6020,6220,82721
048910,2020-07-07,6260,6260,6110,6160,45628
048910,2020-07-08,6160,6360,6070,6290,106567
048910,2020-07-09,6310,6320,6190,6280,60549
048910,2020-07-10,6280,6290,6170,6280,31269
048910,2020-07-13,6290,6350,6150,6240,79316
048910,2020-07-14,6160,6430,6160,6400,130808
048910,2020-07-15,6440,6440,6320,6360,33204
048910,2020-07-16,6410,6420,6170,6350,57023
048910,2020-07-17,6350,6390,6250,6300,36806
048910,2020-07-20,6250,6330,6180,6210,43357
048910,2020-07-21,6340,6480,6270,6350,121935
048910,2020-07-22,6350,6510,6340,6380,116368
048910,2020-07-23,6440,6440,6210,6260,70881
048910,2020-07-24,6260,6260,6050,6130,72417
048910,2020-07-27,6130,6240,6060,6110,39921
048910,2020-07-28,6120,6180,6070,6110,41032
048910,2020-07-29,6170,6250,6100,6190,41725
048910,2020-07-30,6190,6230,6130,6200,36715
048910,2020-07-31,6140,6230,6140,6180,35826
048910,2020-08-03,6250,6250,6050,6100,52162
048910,2020-08-04,6100,6150,6040,6130,58305
048910,2020-08-05,6140,6230,6100,6210,77066
048910,2020-08-06,6160,6290,6160,6240,60870
048910,2020-08-07,6280,6400,6240,6300,91344
048910,2020-08-10,6390,6390,6170,6230,50886
048910,2020-08-11,6150,6320,6150,6240,70462
048910,2020-08-12,6260,6260,6090,6110,53799
048910,2020-08-13,6120,6290,6120,6230,57982
048910,2020-08-14,6320,6320,6100,6290,80957
048910,2020-08-18,6330,6330,6110,6170,113541
048910,2020-08-19,6140,6300,6140,6240,90077
048910,2020-08-20,6280,6280,6020,6060,119824
048910,2020-08-21,6090,6140,5950,6080,76530
048910,2020-08-24,6040,6100,5970,6080,60054
048910,2020-08-25,6150,6590,6050,6590,345066
048910,2020-08-26,6540,6730,6430,6650,192621
048910,2020-08-27,6650,6660,6440,6510,136340
048910,2020-08-28,6540,6940,6540,6850,476715
048910,2020-08-31,6950,6950,6810,6910,202612
048910,2020-09-01,6910,6970,6760,6920,131546
048910,2020-09-02,6930,6940,6730,6870,92141
048910,2020-09-03,6930,7050,6730,6970,196144
048910,2020-09-04,6800,7150,6730,7040,254272
048910,2020-09-07,7070,7160,6890,7030,166860
048910,2020-09-08,7030,7240,6970,7080,252445
048910,2020-09-09,6990,7260,6900,7150,198502
048910,2020-09-10,7210,7410,7160,7230,305082
048910,2020-09-11,7230,7290,7000,7130,152097
048910,2020-09-14,7130,7440,7130,7320,209360
048910,2020-09-15,7330,7390,7180,7280,123147
048910,2020-09-16,7270,7400,7150,7220,121813
048910,2020-09-17,7180,7280,7100,7160,73953
048910,2020-09-18,7170,7360,7000,7100,216488
048910,2020-09-21,7100,7100,6680,6800,195261
048910,2020-09-22,6860,6870,6550,6640,104326
048910,2020-09-23,6680,6750,6500,6720,80469
048910,2020-09-24,6550,6690,6470,6550,99574
048910,2020-09-25,6630,6650,6440,6550,74061
048910,2020-09-28,6600,6910,6570,6850,215628
048910,2020-09-29,6900,6900,6440,6820,56423
048910,2020-10-05,6830,6910,6730,6910,56369
048910,2020-10-06,6910,6990,6820,6850,60235
048910,2020-10-07,6840,6940,6760,6900,60054
048910,2020-10-08,6960,7020,6850,6940,67646
048910,2020-10-12,6950,7150,6910,7080,104624
048910,2020-10-13,7100,7190,6990,7130,96416
048910,2020-10-14,7080,7220,7070,7150,96635
048910,2020-10-15,7190,7190,6870,7070,103845
048910,2020-10-16,7060,7070,6740,6800,79618
048910,2020-10-19,6750,6810,6690,6700,37225
048910,2020-10-20,6620,6710,6470,6670,57202
048910,2020-10-21,6710,6800,6670,6750,63331
048910,2020-10-22,6750,6780,6560,6640,39268
048910,2020-10-23,6650,6740,6520,6610,36907
048910,2020-10-26,6610,6680,6390,6470,79422
048910,2020-10-27,6330,6500,6320,6470,67138
048910,2020-10-28,6380,6570,6370,6530,25658
048910,2020-10-29,6520,6520,6260,6430,121836
048910,2020-10-30,6490,6490,6220,6430,94296
048910,2020-11-02,6390,6430,6300,6420,52067
048910,2020-11-03,6360,6450,6350,6410,34305
048910,2020-11-04,6470,6500,6360,6430,17170
048910,2020-11-05,6530,6530,6360,6470,26841
048910,2020-11-06,6470,6500,6390,6480,39168
048910,2020-11-09,6550,6630,6460,6590,56423
048910,2020-11-10,6640,6640,6510,6570,31903
048910,2020-11-11,6520,6620,6520,6570,44830
048910,2020-11-12,6650,6650,6550,6630,27853
048910,2020-11-13,6630,6910,6560,6840,201919
048910,2020-11-16,7070,7080,6880,6930,186904
048910,2020-11-17,6970,6970,6790,6850,79326
048910,2020-11-18,6850,7290,6800,7270,399679
048910,2020-11-19,7270,7280,7110,7170,123099
048910,2020-11-20,7160,7370,7140,7230,125467
048910,2020-11-23,7230,7270,7000,7090,156997
048910,2020-11-24,7090,7240,7070,7170,111623
048910,2020-11-25,7250,7290,7050,7100,111864
048910,2020-11-26,7150,7550,7070,7490,472341
048910,2020-11-27,7440,8090,7370,7900,1285411
048910,2020-11-30,7820,8230,7810,8090,481716
048910,2020-12-01,8070,8340,7910,8180,421142
048910,2020-12-02,8250,8340,8120,8260,217637
048910,2020-12-03,8290,9500,8280,8840,943912
048910,2020-12-04,8800,9150,8330,8330,687536
048910,2020-12-07,8330,8390,7860,7970,319664
048910,2020-12-08,7970,8330,7900,8090,242915
048910,2020-12-09,8190,8580,8190,8380,343154
048910,2020-12-10,8370,8380,8100,8190,193883
048910,2020-12-11,8190,8200,7910,8080,327759
048910,2020-12-14,8080,8140,7820,7860,267805
048910,2020-12-15,7920,8040,7880,7980,126348
048910,2020-12-16,7990,8240,7790,8160,295658
048910,2020-12-17,8200,8370,8130,8240,229325
048910,2020-12-18,8300,8930,8230,8590,964876
048910,2020-12-21,8610,9080,8610,8660,520185
048910,2020-12-22,8750,8750,8110,8220,329728
048910,2020-12-23,8250,8360,8020,8200,152134
048910,2020-12-24,8200,8510,8170,8270,336792
048910,2020-12-28,8400,8400,8090,8170,123804
048910,2020-12-29,8170,8360,8160,8320,105484
048910,2020-12-30,8340,9690,8340,9300,2307543
048910,2021-01-04,9210,9500,9060,9160,492627
048910,2021-01-05,9160,9430,9090,9290,342980
048910,2021-01-06,9400,9450,9100,9180,235722
048910,2021-01-07,9180,9220,8840,9050,361374
048910,2021-01-08,9050,9200,8700,8790,261691
048910,2021-01-11,8800,8870,8430,8630,226474
048910,2021-01-12,8630,8870,8450,8680,172021
048910,2021-01-13,8800,9120,8770,8970,269583
048910,2021-01-14,8980,9250,8980,9180,220929
048910,2021-01-15,9100,9180,8800,8950,185753
048910,2021-01-18,8880,9080,8710,8840,157304
048910,2021-01-19,8990,9370,8800,9350,575089
048910,2021-01-20,9510,10850,9420,9930,2110597
048910,2021-01-21,9970,10150,9650,9750,431208
048910,2021-01-22,9750,9960,9470,9690,485459
048910,2021-01-25,9710,9780,9490,9630,267189
048910,2021-01-26,9630,9700,9470,9620,174408
048910,2021-01-27,9550,9740,9510,9620,205199
048910,2021-01-28,9400,9500,9050,9130,292834
048910,2021-01-29,9210,9230,8430,8500,351954
048910,2021-02-01,8500,8970,8430,8870,229855
048910,2021-02-02,9290,9820,9210,9650,1077079
048910,2021-02-03,9740,9990,9430,9840,625733
048910,2021-02-04,9990,10150,9620,9660,458019
048910,2021-02-05,9950,12000,9830,11350,7398413
048910,2021-02-08,11250,11500,10900,10950,1010489
048910,2021-02-09,10950,11300,10750,11100,886848
048910,2021-02-10,11050,14300,11000,13400,10860128
048910,2021-02-15,13450,14700,12900,13100,5424490
048910,2021-02-16,13150,13350,12350,12550,1867170
048910,2021-02-17,12500,12650,12100,12300,863420
048910,2021-02-18,12200,12350,11800,12050,994171
048910,2021-02-19,12000,12050,11500,11900,587178
048910,2021-02-22,11800,12150,11700,11800,629501
048910,2021-02-23,11750,11800,11550,11650,322952
048910,2021-02-24,11650,11650,11000,11100,534956
048910,2021-02-25,11250,11450,11150,11400,252973
048910,2021-02-26,11100,11300,10750,11000,461566
048910,2021-03-02,11200,11550,10950,11050,470353
048910,2021-03-03,11050,11200,10850,11200,186947
048910,2021-03-04,11100,11450,11000,11350,323065
048910,2021-03-05,11150,11200,11000,11150,178782
048910,2021-03-08,11250,11250,10750,10850,228674
048910,2021-03-09,10800,10850,10250,10400,398908
048910,2021-03-10,10600,11000,10550,10800,335277
048910,2021-03-11,10850,10950,10750,10900,162924
048910,2021-03-12,10900,11150,10750,10950,360097
048910,2021-03-15,11000,11200,10750,11150,243389
048910,2021-03-16,11100,11400,10950,11300,403165
048910,2021-03-17,11300,11300,10950,11000,219457
048910,2021-03-18,11300,12550,11150,12550,2168000
048910,2021-03-19,12250,12750,12050,12200,1158459
048910,2021-03-22,12350,13800,12350,13000,3020975
048910,2021-03-23,13200,13550,12850,13400,798868
048910,2021-03-24,13150,14100,12900,13650,827750
048910,2021-03-25,13750,14400,13350,14150,1423777
048910,2021-03-26,14200,14650,13850,14400,730774
048910,2021-03-29,14700,18650,14650,17650,5601941
048910,2021-03-30,17450,19150,17350,18150,2271235
048910,2021-03-31,18200,23300,18150,22200,6701744
048910,2021-04-01,22700,24500,20450,22550,3613335
048910,2021-04-02,22600,22850,21150,22050,639678
048910,2021-04-05,21950,23150,21500,22250,375717
048910,2021-04-06,22250,24400,21800,23700,836845
048910,2021-04-07,24100,28000,23850,27350,1762176
048910,2021-04-08,28650,34900,28450,34900,3136311
048910,2021-04-09,0,0,0,34900,0
048910,2021-04-12,37000,45350,36800,45350,2526363
048910,2021-04-13,0,0,0,45350,0
048910,2021-04-14,51500,55700,38750,39750,5232871
048910,2021-04-15,38750,40950,36200,37800,2217888
048910,2021-04-16,37000,38000,34600,34850,1253067
048910,2021-04-19,35300,36450,33300,35200,1036965
048910,2021-04-20,35100,36850,34200,36350,737803
048910,2021-04-21,36850,36850,35050,35900,367239
048910,2021-04-22,35900,36050,34700,36050,288959
048910,2021-04-23,35700,37500,35100,36500,695190
048910,2021-04-26,36350,37200,35750,37150,323583
048910,2021-04-27,36750,37450,35950,37250,355810
048910,2021-04-28,37900,38850,36700,37150,716878
048910,2021-04-29,36950,37950,36200,36250,276560
048910,2021-04-30,36050,36700,33250,34600,436710
048910,2021-05-03,33250,34200,30800,30800,502787
048910,2021-05-04,30600,31600,29100,30900,451165
048910,2021-05-06,29550,33100,29550,31350,516772
048910,2021-05-07,31350,33000,30800,32600,260149
048910,2021-05-10,32600,33050,32100,32300,160795
048910,2021-05-11,32000,32750,31400,32000,114393
048910,2021-05-12,32350,32700,31700,32550,143424
048910,2021-05-13,32550,33800,31850,32000,223924
048910,2021-05-14,32500,35350,31600,32550,758675
048910,2021-05-17,33000,33000,31750,31900,150235
048910,2021-05-18,31900,32300,31100,31850,120242
048910,2021-05-20,31650,32300,31250,31400,124735
048910,2021-05-21,31650,32450,31250,31900,113329
048910,2021-05-24,31600,31900,30950,30950,111309
048910,2021-05-25,30600,31500,30300,30650,111274
048910,2021-05-26,30750,31300,30600,30750,94259
048910,2021-05-27,30900,30900,29950,30550,114696
048910,2021-05-28,30600,32500,30350,32050,238037
048910,2021-05-31,32000,32500,30900,31200,167409
048910,2021-06-01,31700,37350,31350,36350,2281796
048910,2021-06-02,36700,36800,35150,35600,582906
048910,2021-06-03,35600,37850,35300,35350,952359
048910,2021-06-04,35750,36800,35200,35850,342183
048910,2021-06-07,35900,36250,34100,34500,290172
048910,2021-06-08,33800,34500,32950,33600,274095
048910,2021-06-09,33600,34650,32700,33650,199485
048910,2021-06-10,33600,33600,32250,32450,175587
048910,2021-06-11,33600,36350,33500,33950,747360
048910,2021-06-14,34050,36800,33500,35850,911365
048910,2021-06-15,35950,36500,35150,36400,283445
048910,2021-06-16,36250,36250,35550,35700,196932
048910,2021-06-17,35600,35600,34100,34600,242300
048910,2021-06-18,34450,35100,33700,34700,142825
048910,2021-06-21,34500,35150,33800,34050,152214
048910,2021-06-22,34450,35950,34050,35050,226451
048910,2021-06-23,35450,37800,34800,37550,949811
048910,2021-06-24,39200,43700,38050,39600,2846610
048910,2021-06-25,38850,41100,37500,39500,827674
048910,2021-06-28,39500,41000,38200,38200,375290
048910,2021-06-29,38200,39050,36600,37150,288961
048910,2021-06-30,37200,38600,36650,38500,273930
048910,2021-07-01,38600,38900,37500,38700,202148
048910,2021-07-02,38750,38750,37900,38200,113051
048910,2021-07-05,38200,38450,37000,37450,153740
048910,2021-07-06,37600,37950,37200,37500,120273
048910,2021-07-07,37400,37550,36450,36700,169124
048910,2021-07-08,36700,36700,34800,35050,309489
048910,2021-07-09,34250,34500,33000,34200,260461
048910,2021-07-12,34500,35500,33750,35050,134829
048910,2021-07-13,35000,35050,34350,34600,89523
048910,2021-07-14,35450,37150,35000,35950,354265
048910,2021-07-15,36100,36100,35250,35700,102978
048910,2021-07-16,35050,36400,35000,35800,122239
048910,2021-07-19,35800,36450,35000,35050,137832
048910,2021-07-20,35550,38500,35150,36350,784093
048910,2021-07-21,36500,37900,36200,36350,191571
048910,2021-07-22,36850,37550,35850,36000,143548
048910,2021-07-23,36250,36250,35200,35700,101784
048910,2021-07-26,35350,35900,34750,34900,116576
048910,2021-07-27,34650,35650,34450,34600,100156
048910,2021-07-28,34600,34750,33950,34200,104434
048910,2021-07-29,34550,34750,33700,34550,77392
048910,2021-07-30,34950,34950,34000,34150,59662
048910,2021-08-02,33750,34650,33650,33950,63204
048910,2021-08-03,34000,34550,33550,33550,61392
048910,2021-08-04,33600,34700,33500,34600,80565
048910,2021-08-05,35600,36100,35200,35900,204338
048910,2021-08-06,36050,36500,34950,35600,93714
048910,2021-08-09,35600,35650,34650,34900,92102
048910,2021-08-10,35000,35350,34450,34500,78430
048910,2021-08-11,34500,35250,34150,34800,72870
048910,2021-08-12,34900,35000,34450,34700,73657
048910,2021-08-13,34400,34550,33800,34200,73570
048910,2021-08-17,34000,34500,33000,33900,105730
048910,2021-08-18,33450,33750,32300,33200,81604
048910,2021-08-19,33150,33150,31100,31400,135986
048910,2021-08-20,31400,31850,30250,30400,127436
048910,2021-08-23,30400,31400,29250,30950,110676
048910,2021-08-24,31000,33150,31000,32800,97728
048910,2021-08-25,32800,33400,31700,31950,65989
048910,2021-08-26,32000,32950,32000,32450,62017
048910,2021-08-27,32250,32700,31550,32250,42907
048910,2021-08-30,32850,32900,31900,32000,41828
048910,2021-08-31,32250,32250,31500,31950,41634
048910,2021-09-01,31950,34300,31900,33000,168615
048910,2021-09-02,33000,33050,32350,32500,62218
048910,2021-09-03,32500,33000,32500,32550,38880
048910,2021-09-06,32600,34200,32600,34000,157290
048910,2021-09-07,34850,35200,34250,35000,116723
048910,2021-09-08,35500,35650,34350,34400,91899
048910,2021-09-09,34650,40400,34650,39500,2486678
048910,2021-09-10,40000,40000,38400,39000,589321
048910,2021-09-13,39850,40800,38250,38550,657348
048910,2021-09-14,38500,38550,36450,36750,344360
048910,2021-09-15,36700,37400,36200,36850,172454
048910,2021-09-16,36800,37200,35500,35700,167312
048910,2021-09-17,35300,36900,35250,36700,150984
048910,2021-09-23,36150,37600,36000,36000,182071
048910,2021-09-24,36550,38400,36000,37650,351646
048910,2021-09-27,37800,39950,37700,38000,382570
048910,2021-09-28,38350,38450,36500,37100,182734
048910,2021-09-29,35950,37800,35500,37100,177315
048910,2021-09-30,37350,44000,37350,42000,1250190
048910,2021-10-01,41650,50000,41150,43900,3509597
048910,2021-10-05,44100,47700,43350,45000,1062645
