Symbol,Date,Open,High,Low,Close,Volume
158310,2013-04-03,28138,30148,25726,26229,815484
158310,2013-04-04,26631,30148,25123,30149,430556
158310,2013-04-05,31153,31957,28540,28742,381640
158310,2013-04-08,28540,29847,27334,27536,152619
158310,2013-04-09,27736,28540,26530,27636,67647
158310,2013-04-10,27736,29545,27636,28239,93319
158310,2013-04-11,28641,29445,27837,28340,64717
158310,2013-04-12,28741,29646,28440,28440,50129
158310,2013-04-15,28540,29344,28138,28641,37782
158310,2013-04-16,28641,28641,27535,28239,38446
158310,2013-04-17,28641,32459,27837,32460,95131
158310,2013-04-18,31253,32359,30851,31153,166563
158310,2013-04-19,32560,32761,30751,30852,111222
158310,2013-04-22,30349,32057,30048,31153,45310
158310,2013-04-23,30851,34369,30851,32058,93097
158310,2013-04-24,32359,33766,32057,32862,49105
158310,2013-04-25,32560,33665,31253,31756,26808
158310,2013-04-26,31856,32258,31354,31656,12921
158310,2013-04-29,32459,32962,31756,32158,28372
158310,2013-04-30,31957,32459,29746,30852,36317
158310,2013-05-02,30550,30952,29746,30149,21586
158310,2013-05-03,28540,32158,27736,30550,172060
158310,2013-05-06,30550,31052,29344,29445,37572
158310,2013-05-07,29143,30048,29043,29646,33962
158310,2013-05-08,29847,32057,29646,31555,46332
158310,2013-05-09,31957,31957,30550,30952,25675
158310,2013-05-10,30751,31856,30249,31455,38595
158310,2013-05-13,31856,31856,31052,31354,12160
158310,2013-05-14,31756,31756,30048,30550,30292
158310,2013-05-15,30550,32761,30048,31354,73932
158310,2013-05-16,31555,32459,30952,31254,63766
158310,2013-05-20,31957,32359,30952,31254,33212
158310,2013-05-21,31454,33263,31454,32962,78192
158310,2013-05-22,33163,37886,33062,36781,282556
158310,2013-05-23,37384,38690,36781,37786,79480
158310,2013-05-24,37484,38389,36982,38188,28818
158310,2013-05-27,37886,38791,37585,38389,30699
158310,2013-05-28,38690,40399,37283,39696,92661
158310,2013-05-29,40097,43011,40097,41002,81248
158310,2013-05-30,40901,40901,37786,39595,47332
158310,2013-05-31,39394,40198,38188,39294,37009
158310,2013-06-03,38791,39595,38188,39294,25191
158310,2013-06-04,39595,39896,37987,39294,25333
158310,2013-06-05,39595,41102,38188,40198,36255
158310,2013-06-07,40600,40800,37183,40098,36104
158310,2013-06-10,39394,40298,38891,39193,15760
158310,2013-06-11,38590,38992,37484,38289,30739
158310,2013-06-12,37786,39796,37585,37987,15009
158310,2013-06-13,37585,38389,35675,35776,38191
158310,2013-06-14,36379,36781,33766,33766,29168
158310,2013-06-17,33565,34570,32761,34068,29862
158310,2013-06-18,34871,36077,34067,35977,19098
158310,2013-06-19,36379,36379,33766,34671,21664
158310,2013-06-20,34168,35072,33062,33264,10698
158310,2013-06-21,31756,32761,31253,32158,24053
158310,2013-06-24,32158,32560,30349,30350,17212
158310,2013-06-25,29947,30751,27535,28139,58216
158310,2013-06-26,28842,29445,26731,28139,40796
158310,2013-06-27,28741,30048,28641,29546,33907
158310,2013-06-28,31253,32861,30148,30249,93039
158310,2013-07-01,30249,30952,29947,30149,23552
158310,2013-07-02,30851,30851,29244,29345,25064
158310,2013-07-03,29545,31454,29143,29345,50147
158310,2013-07-04,30048,30349,29043,30350,23690
158310,2013-07-05,30550,30952,29646,29847,11130
158310,2013-07-08,29746,29947,27937,27938,25659
158310,2013-07-09,28239,28842,27535,28541,19743
158310,2013-07-10,28339,28741,27234,28139,18718
158310,2013-07-11,28339,29746,28138,29345,38010
158310,2013-07-12,29545,29847,29244,29847,18325
158310,2013-07-15,29847,29947,29143,29345,15341
158310,2013-07-16,29646,31354,29445,30651,51868
158310,2013-07-17,30550,31253,30048,30751,21110
158310,2013-07-18,30650,30851,30048,30350,15754
158310,2013-07-19,30650,31756,30048,30048,32779
158310,2013-07-22,30048,30550,29847,30149,14556
158310,2013-07-23,30450,30450,29746,29948,13596
158310,2013-07-24,30349,30349,29244,30048,23037
158310,2013-07-25,30450,31655,30148,31053,47277
158310,2013-07-26,31253,31253,29847,29948,34887
158310,2013-07-29,30048,30550,29244,29345,21957
158310,2013-07-30,29646,30048,29244,29646,15825
158310,2013-07-31,29545,30048,29545,29546,14913
158310,2013-08-01,29646,29847,28942,29244,17779
158310,2013-08-02,29344,29847,29143,29646,12083
158310,2013-08-05,29646,30148,29545,29847,15544
158310,2013-08-06,30048,30048,29143,29445,14154
158310,2013-08-07,29344,29545,28641,28842,18932
158310,2013-08-08,28741,29143,28641,28641,11214
158310,2013-08-09,28942,28942,28138,28139,16159
158310,2013-08-12,28138,28339,27334,27636,21263
158310,2013-08-13,27636,28038,27435,27837,12343
158310,2013-08-14,27837,30148,27837,29546,53324
158310,2013-08-16,29344,29847,28741,29445,20340
158310,2013-08-19,29244,29445,29043,29445,10673
158310,2013-08-20,29244,29646,28339,28541,13336
158310,2013-08-21,28440,28942,27636,28139,12832
158310,2013-08-22,27133,27937,27033,27536,13588
158310,2013-08-23,27535,28339,27334,27837,11144
158310,2013-08-26,27837,28540,27535,27837,6216
158310,2013-08-27,27636,27937,26128,26330,20907
158310,2013-08-28,25525,27033,25425,26531,16879
158310,2013-08-29,27334,27334,26530,26732,5857
158310,2013-08-30,26731,27837,26229,26229,7970
158310,2013-09-02,26329,26832,26229,26832,6538
158310,2013-09-03,27234,27535,26329,27234,8689
158310,2013-09-04,27736,27736,27133,27335,3639
158310,2013-09-05,27334,27636,26530,27033,10975
158310,2013-09-06,27033,27234,26530,27134,6910
158310,2013-09-09,27435,27636,27033,27335,7050
158310,2013-09-10,27636,27937,27133,27435,9294
158310,2013-09-11,27435,28339,27334,28038,6816
158310,2013-09-12,28540,28942,28038,28038,17434
158310,2013-09-13,27937,28641,27937,28340,5948
158310,2013-09-16,28138,28440,27535,28139,3525
158310,2013-09-17,28741,28741,27736,27737,3434
158310,2013-09-23,28440,28440,27736,28038,1726
158310,2013-09-24,28138,28138,27435,27536,3084
158310,2013-09-25,27234,27535,26832,27033,9258
158310,2013-09-26,27133,27937,27133,27636,3782
158310,2013-09-27,27435,28138,27435,27636,2879
158310,2013-09-30,28038,28038,27435,27636,3389
158310,2013-10-01,27535,27736,26832,27335,6304
158310,2013-10-02,27334,27636,27033,27335,2195
158310,2013-10-04,27334,27334,26530,27134,6153
158310,2013-10-07,27234,28138,26932,27335,4764
158310,2013-10-08,27435,27435,26329,27134,7585
158310,2013-10-10,27234,27234,26731,27134,4903
158310,2013-10-11,27334,27837,26932,27636,6998
158310,2013-10-14,27937,27937,26932,27134,3373
158310,2013-10-15,27535,27535,26932,27134,4845
158310,2013-10-16,27234,27435,26530,27234,7655
158310,2013-10-17,27234,27334,26028,26732,19986
158310,2013-10-18,26932,27033,26229,26732,6838
158310,2013-10-21,26430,27133,26430,26732,3050
158310,2013-10-22,26932,27636,26430,27134,5523
158310,2013-10-23,27033,27535,26731,26732,1658
158310,2013-10-24,26731,27334,25525,26531,30990
158310,2013-10-25,26631,26631,25726,26028,5725
158310,2013-10-28,25726,26229,25425,25928,7477
158310,2013-10-29,26028,26028,25626,25928,3274
158310,2013-10-30,26028,26631,25927,26531,7707
158310,2013-10-31,26329,26832,26028,26129,5740
158310,2013-11-01,25827,26430,25726,25928,5089
158310,2013-11-04,26430,26430,25726,25827,7325
158310,2013-11-05,25927,26028,25626,25928,3401
158310,2013-11-06,25927,26329,25324,25526,4737
158310,2013-11-07,25626,26028,25324,25827,3271
158310,2013-11-08,25927,25927,24319,24822,9910
158310,2013-11-11,25224,25324,21103,21506,67701
158310,2013-11-12,21606,22309,21405,21807,19516
158310,2013-11-13,22108,22108,20300,20501,41786
158310,2013-11-14,20802,21405,20400,20802,13774
158310,2013-11-15,20701,21003,19898,20400,29897
158310,2013-11-18,20300,21003,19857,20099,24205
158310,2013-11-19,20058,20500,19556,19938,17541
158310,2013-11-20,19817,20199,19777,20200,9194
158310,2013-11-21,20199,20199,19697,19798,4969
158310,2013-11-22,19998,20038,19697,19717,5863
158310,2013-11-25,19596,20078,19295,19295,9667
158310,2013-11-26,19174,19395,18792,18994,19920
158310,2013-11-27,18913,19094,18410,18672,26074
158310,2013-11-28,18913,19194,18270,18873,29144
158310,2013-11-29,18953,19656,18812,19556,22735
158310,2013-12-02,19676,20199,19295,19295,32802
158310,2013-12-03,19335,19777,18993,18994,8031
158310,2013-12-04,19013,19656,18832,18873,9635
158310,2013-12-05,18872,19274,18752,18933,9356
158310,2013-12-06,18893,19274,18752,18973,3356
158310,2013-12-09,18993,19134,18671,18833,7180
158310,2013-12-10,18832,18832,18290,18310,13308
158310,2013-12-11,18290,18671,18249,18411,4426
158310,2013-12-12,18290,18491,18189,18391,2383
158310,2013-12-13,18290,18651,18290,18391,8598
158310,2013-12-16,18491,18591,18089,18089,6655
158310,2013-12-17,18048,18229,17566,17567,12259
158310,2013-12-18,17566,17787,17425,17587,8131
158310,2013-12-19,17707,18028,17345,17647,10486
158310,2013-12-20,17646,17988,17486,17587,8563
158310,2013-12-23,17606,17868,17586,17768,6805
158310,2013-12-24,17787,18370,17787,17848,5989
158310,2013-12-26,18069,18189,17827,17888,8775
158310,2013-12-27,17888,18571,17888,18411,6218
158310,2013-12-30,18430,18551,18028,18411,13091
158310,2014-01-02,18511,18511,18249,18391,3791
158310,2014-01-03,18390,18390,17988,18190,4072
158310,2014-01-06,18330,18330,17988,18009,7155
158310,2014-01-07,18008,18008,17847,17888,4591
158310,2014-01-08,17928,17928,17244,17466,21081
158310,2014-01-09,17546,17767,17345,17747,10097
158310,2014-01-10,17747,17988,17667,17747,8916
158310,2014-01-13,17787,18129,17345,17747,9748
158310,2014-01-14,17747,17888,17526,17727,4270
158310,2014-01-15,17968,18249,17787,18210,14743
158310,2014-01-16,18290,19134,18189,19074,35753
158310,2014-01-17,19053,19174,18692,18813,16147
158310,2014-01-20,18893,19154,18812,19074,10986
158310,2014-01-21,19094,19254,18752,19134,17614
158310,2014-01-22,19194,19877,19033,19717,25874
158310,2014-01-23,19898,20902,19898,19999,43272
158310,2014-01-24,19998,20300,19475,19476,30364
158310,2014-01-27,18973,19415,18611,18612,15105
158310,2014-01-28,18893,19094,18310,18551,12318
158310,2014-01-29,18551,18973,18551,18833,6201
158310,2014-02-03,18692,19496,18611,19295,8803
158310,2014-02-04,18973,19656,18692,19275,11786
158310,2014-02-05,19415,19918,19154,19295,13438
158310,2014-02-06,19194,19496,18772,19034,11845
158310,2014-02-07,19375,19676,19094,19195,13261
158310,2014-02-10,19556,19556,18953,19315,8971
158310,2014-02-11,19475,19475,19013,19034,10445
158310,2014-02-12,19114,19596,19013,19054,11202
158310,2014-02-13,18973,19214,18752,18853,8206
158310,2014-02-14,18953,18973,18692,18833,9480
158310,2014-02-17,18350,18712,18089,18089,39833
158310,2014-02-18,18290,18310,17425,17747,34358
158310,2014-02-19,17948,17948,17586,17707,19082
158310,2014-02-20,17707,17827,17445,17486,8069
158310,2014-02-21,17566,18089,17385,17868,14538
158310,2014-02-24,17988,18149,17687,17687,15147
158310,2014-02-25,17687,17847,17385,17426,15651
158310,2014-02-26,17506,17566,17285,17506,15239
158310,2014-02-27,17526,18149,17445,18029,14109
158310,2014-02-28,18089,18189,17687,17707,9620
158310,2014-03-03,17767,18089,17606,17768,7571
158310,2014-03-04,18048,18048,17767,17928,3326
158310,2014-03-05,18089,18169,17687,17808,15698
158310,2014-03-06,17888,18129,17727,17727,16918
158310,2014-03-07,17747,18069,17626,17848,34422
158310,2014-03-10,17988,17988,17626,17747,20858
158310,2014-03-11,17687,17827,17566,17788,17390
158310,2014-03-12,17747,18008,17626,17888,16342
158310,2014-03-13,17888,19998,17888,19215,192331
158310,2014-03-14,18953,20601,18712,19657,131257
158310,2014-03-17,19817,20601,19697,19898,69552
158310,2014-03-18,20199,20300,19496,19838,27592
158310,2014-03-19,20038,20078,19516,19516,29328
158310,2014-03-20,19697,19898,19274,19416,19785
158310,2014-03-21,19676,19676,19033,19476,33932
158310,2014-03-24,19335,21204,19254,20702,124077
158310,2014-03-25,20902,22108,20300,20300,171536
158310,2014-03-26,20601,21003,20038,20400,69251
158310,2014-03-27,20601,22812,20601,21606,494466
158310,2014-03-28,21405,21706,20701,21305,120174
158310,2014-03-31,21606,21606,20199,20501,64454
158310,2014-04-01,20601,21103,20199,20601,38058
158310,2014-04-02,20701,20802,20199,20300,54592
158310,2014-04-03,20300,20701,19757,19858,63534
158310,2014-04-04,20058,20701,19898,20400,44690
158310,2014-04-07,20199,20802,19998,20702,33001
158310,2014-04-08,20902,21807,20099,20300,134463
158310,2014-04-09,20701,20802,20099,20300,40404
158310,2014-04-10,20300,20500,19918,19999,47564
158310,2014-04-11,19797,19898,19496,19798,36237
158310,2014-04-14,19877,19898,19656,19697,11190
158310,2014-04-15,19797,20300,19616,19958,24814
158310,2014-04-16,20058,20199,19616,19677,29334
158310,2014-04-17,19697,20601,19697,20099,55520
158310,2014-04-18,20099,20500,19918,20099,23850
158310,2014-04-21,20300,20300,19697,19737,22650
158310,2014-04-22,19757,20099,19656,19697,23828
158310,2014-04-23,19697,19877,19435,19436,20743
158310,2014-04-24,19435,19737,19134,19215,13367
158310,2014-04-25,19214,19395,18671,18813,29215
158310,2014-04-28,18812,19576,18792,18933,8939
158310,2014-04-29,18792,18993,18249,18270,30983
158310,2014-04-30,18330,18671,18209,18290,15332
158310,2014-05-02,18290,18491,17968,18170,12335
158310,2014-05-07,18109,18270,17244,17245,31882
158310,2014-05-08,17265,17466,16380,16722,47115
158310,2014-05-09,16641,16883,16481,16582,10931
158310,2014-05-12,16461,16581,15878,15939,23845
158310,2014-05-13,15878,16340,15878,16340,12185
158310,2014-05-14,16440,16440,16079,16220,10917
158310,2014-05-15,16239,16682,16139,16481,14622
158310,2014-05-16,16340,16541,16079,16160,7694
158310,2014-05-19,16079,16280,15476,15597,13469
158310,2014-05-20,15456,15677,14692,14813,35216
158310,2014-05-21,14853,15054,14792,14853,14551
158310,2014-05-22,14873,15094,14812,15054,23415
158310,2014-05-23,15094,15235,14933,15195,7995
158310,2014-05-26,15214,15295,14853,15135,6076
158310,2014-05-27,15074,15214,14029,14491,37919
158310,2014-05-28,14350,14692,14149,14491,24618
158310,2014-05-29,14390,14632,14370,14431,7951
158310,2014-05-30,14471,14531,13888,14130,23634
158310,2014-06-02,14129,14149,13064,13265,49244
158310,2014-06-03,12963,13787,12963,13366,15291
158310,2014-06-05,13787,13868,13426,13547,15990
158310,2014-06-09,13566,14069,13546,13768,17943
158310,2014-06-10,13767,14370,13767,14351,11191
158310,2014-06-11,14451,14812,14390,14552,19575
158310,2014-06-12,14732,14732,14471,14572,5026
158310,2014-06-13,14431,14652,14330,14592,5593
158310,2014-06-16,14390,14531,14089,14331,12037
158310,2014-06-17,14210,14451,14210,14391,5268
158310,2014-06-18,14390,14652,14390,14511,5984
158310,2014-06-19,14410,14611,14029,14190,20094
158310,2014-06-20,14330,14330,13727,13788,15848
158310,2014-06-23,13808,14210,13687,13868,14457
158310,2014-06-24,13787,13888,13406,13587,7774
158310,2014-06-25,13647,13647,13124,13145,16678
158310,2014-06-26,13607,13607,13205,13205,10452
158310,2014-06-27,13265,13446,13265,13265,14803
158310,2014-06-30,13305,13446,13225,13265,11110
158310,2014-07-01,13305,13586,13285,13527,22063
158310,2014-07-02,13607,13968,13466,13949,27949
158310,2014-07-03,13968,14290,13948,14170,20456
158310,2014-07-04,14169,14310,14029,14270,12083
158310,2014-07-07,14230,14370,13848,14049,8606
158310,2014-07-08,13968,14149,13647,13788,8383
158310,2014-07-09,13848,13848,13265,13527,20924
158310,2014-07-10,13526,13627,13345,13366,11017
158310,2014-07-11,13345,13607,13064,13265,9869
158310,2014-07-14,13265,13566,13205,13486,12169
158310,2014-07-15,13566,13707,13345,13708,13662
158310,2014-07-16,13767,13767,13365,13527,11253
158310,2014-07-17,13466,13647,13245,13527,6051
158310,2014-07-18,13526,13727,13345,13567,18168
158310,2014-07-21,13566,14290,13566,14150,36433
158310,2014-07-22,14149,14250,13988,14069,10005
158310,2014-07-23,14009,14491,14009,14029,21353
158310,2014-07-24,14009,14370,13948,14069,11401
158310,2014-07-25,14049,14149,14009,14069,6596
158310,2014-07-28,14270,14270,13808,13969,11440
158310,2014-07-29,13868,14029,13607,13728,15367
158310,2014-07-30,13586,13707,13124,13125,16626
158310,2014-07-31,13144,13345,11195,11356,79894
158310,2014-08-01,11154,11838,10853,11718,25346
158310,2014-08-04,12039,12159,11717,12059,18549
158310,2014-08-05,11958,12240,11958,12059,11324
158310,2014-08-06,12240,12602,11958,11999,10717
158310,2014-08-07,12059,12059,11778,12039,3939
158310,2014-08-08,12039,12039,11677,11698,7383
158310,2014-08-11,11737,11878,11577,11778,6400
158310,2014-08-12,11757,11999,11355,11517,10851
158310,2014-08-13,11516,11577,11355,11577,7781
158310,2014-08-14,11597,11958,11456,11919,7177
158310,2014-08-18,11657,11838,11436,11557,14637
158310,2014-08-19,11456,11476,10692,10954,51954
158310,2014-08-20,11094,11094,10773,10874,19352
158310,2014-08-21,10873,11094,10752,10894,19841
158310,2014-08-22,10913,11255,10913,10954,15608
158310,2014-08-25,11114,11114,10833,10954,15758
158310,2014-08-26,10953,11034,10732,10833,14149
158310,2014-08-27,10833,10933,10632,10833,17626
158310,2014-08-28,10773,11778,10773,11637,35975
158310,2014-08-29,11737,11737,11014,11014,13384
158310,2014-09-01,11094,11094,10511,10954,11941
158310,2014-09-02,10773,11054,10652,10753,10634
158310,2014-09-03,10752,10953,10230,10512,23434
158310,2014-09-04,10551,10692,10350,10512,11219
158310,2014-09-05,10551,10953,10411,10914,7373
158310,2014-09-11,10913,11014,10652,10914,6083
158310,2014-09-12,11014,11014,10672,10853,3523
158310,2014-09-15,10672,10893,10632,10813,3184
158310,2014-09-16,10813,10974,10752,10853,929
158310,2014-09-17,10853,11034,10793,10793,5329
158310,2014-09-18,10793,10933,10712,10713,6019
158310,2014-09-19,10752,11275,10752,11135,17744
158310,2014-09-22,11094,11456,11014,11396,12005
158310,2014-09-23,11355,11396,10813,10954,11535
158310,2014-09-24,11054,11255,10773,11054,11779
158310,2014-09-25,11054,11657,11034,11416,28846
158310,2014-09-26,11295,12119,11295,11879,35866
158310,2014-09-29,11958,12521,11717,11758,41408
158310,2014-09-30,11717,12019,11436,11537,17649
158310,2014-10-01,11456,11556,10551,10673,28529
158310,2014-10-02,10692,10712,10310,10311,18851
158310,2014-10-06,10330,10632,10069,10492,9614
158310,2014-10-07,10451,10652,10451,10592,7262
158310,2014-10-08,10411,10933,10411,10713,7362
158310,2014-10-10,10551,10833,10511,10733,6533
158310,2014-10-13,10451,10773,10089,10110,13939
158310,2014-10-14,9949,10511,9949,10271,7754
158310,2014-10-15,10551,10551,10109,10291,2255
158310,2014-10-16,10069,10290,9979,10150,8124
158310,2014-10-17,10250,10250,9567,9567,11467
158310,2014-10-20,9687,9848,9466,9828,12624
158310,2014-10-21,9838,9868,9516,9587,20192
158310,2014-10-22,9617,9818,9587,9738,11618
158310,2014-10-23,9717,9848,8964,8964,37687
158310,2014-10-24,9044,9275,8923,8984,15542
158310,2014-10-27,9044,9426,9044,9225,11741
158310,2014-10-28,9285,9496,9275,9396,7172
158310,2014-10-29,9486,9587,9366,9507,10484
158310,2014-10-30,9536,9798,9536,9648,6263
158310,2014-10-31,9647,9768,9567,9637,6223
158310,2014-11-03,9647,9737,9426,9718,6956
158310,2014-11-04,9607,9828,9346,9678,15748
158310,2014-11-05,9486,9828,9486,9577,4711
158310,2014-11-06,9396,9647,9114,9637,7013
158310,2014-11-07,9456,9818,9456,9808,3818
158310,2014-11-10,9647,10129,9647,10090,8172
158310,2014-11-11,10019,10350,9888,10110,3777
158310,2014-11-12,10250,10391,9717,10070,26953
158310,2014-11-13,10190,10190,9989,10090,3392
158310,2014-11-14,10089,10170,9647,9808,10320
158310,2014-11-17,9607,10039,9607,9909,3671
158310,2014-11-18,9768,10109,9768,9939,10512
158310,2014-11-19,9928,10129,9878,10130,20823
158310,2014-11-20,10652,11637,10632,11637,236365
158310,2014-11-21,11697,12260,11677,11758,362926
158310,2014-11-24,11757,11757,11215,11577,80525
158310,2014-11-25,11657,13024,11315,11316,488456
158310,2014-11-26,11396,11556,10994,11075,102066
158310,2014-11-27,11235,12662,10974,12341,226247
158310,2014-11-28,12340,12461,11657,11798,84419
158310,2014-12-01,11717,11999,11436,11597,45701
158310,2014-12-02,11516,12380,10592,10592,150415
158310,2014-12-03,10752,10853,10089,10311,69220
158310,2014-12-04,10411,10833,10230,10753,51160
158310,2014-12-05,10652,10853,10451,10612,25728
158310,2014-12-08,10652,11074,10491,11034,27601
158310,2014-12-09,11054,11054,10612,10773,26339
158310,2014-12-10,10672,10752,10170,10431,26062
158310,2014-12-11,10431,11054,10270,10833,31155
158310,2014-12-12,11154,11215,10491,10753,34785
158310,2014-12-15,10732,10873,10371,10632,19390
158310,2014-12-16,10592,11154,10411,10954,34744
158310,2014-12-17,10873,11396,10793,11115,31590
158310,2014-12-18,11235,11235,10371,10673,36584
158310,2014-12-19,11014,11014,10491,10492,20095
158310,2014-12-22,10491,10933,10451,10532,10452
158310,2014-12-23,10612,10612,10150,10271,14950
158310,2014-12-24,10290,10471,10109,10311,12269
158310,2014-12-26,10592,10592,10190,10190,10752
158310,2014-12-29,10170,10371,9607,9607,35389
158310,2014-12-30,9476,9727,9285,9517,14165
158310,2015-01-02,9516,9697,9446,9547,9757
158310,2015-01-05,9547,9737,9526,9688,8261
158310,2015-01-06,9607,9818,9587,9818,11536
158310,2015-01-07,9949,10230,9697,9859,15407
158310,2015-01-08,9888,10150,9888,10050,12695
158310,2015-01-09,10069,10190,9908,10070,10219
158310,2015-01-12,10109,10190,9848,10050,15563
158310,2015-01-13,9908,10049,9788,9849,12670
158310,2015-01-14,9758,9898,9707,9788,7374
158310,2015-01-15,9858,10150,9687,10150,11800
158310,2015-01-16,10109,10230,9938,10190,13148
158310,2015-01-19,10250,10672,10190,10391,22652
158310,2015-01-20,10411,10592,10190,10472,23823
158310,2015-01-21,10471,10592,10170,10331,11063
158310,2015-01-22,10551,10551,9938,9949,14795
158310,2015-01-23,9969,10109,9888,10070,12199
158310,2015-01-26,10069,10129,9938,9959,8282
158310,2015-01-27,10150,10150,9858,9969,7681
158310,2015-01-28,10019,10109,9888,10050,8214
158310,2015-01-29,10049,10391,9918,10391,30452
158310,2015-01-30,10913,11697,10451,10753,162201
158310,2015-02-02,10813,11315,10692,11115,40534
158310,2015-02-03,11054,11255,10712,10894,35411
158310,2015-02-04,10893,11235,10793,10793,30467
158310,2015-02-05,10813,11054,10632,11054,22171
158310,2015-02-06,11195,11215,10893,10994,19106
158310,2015-02-09,11014,11154,10813,10813,8886
158310,2015-02-10,10853,10913,10491,10753,11354
158310,2015-02-11,10752,11657,10592,11215,61587
158310,2015-02-12,11235,11556,11034,11115,30246
158310,2015-02-13,10773,10793,9908,10110,87224
158310,2015-02-16,10210,10210,9697,9869,44355
158310,2015-02-17,9868,9928,9707,9929,17737
158310,2015-02-23,10109,10150,9908,10130,19873
158310,2015-02-24,10039,10391,10039,10311,17380
158310,2015-02-25,10350,10391,10230,10391,10645
158310,2015-02-26,10531,10632,10310,10512,18717
158310,2015-02-27,10511,10793,10511,10713,17884
158310,2015-03-02,10893,10893,10612,10813,14834
158310,2015-03-03,11235,11235,10813,11014,9945
158310,2015-03-04,11014,11134,10732,11054,14826
158310,2015-03-05,11154,11195,10853,11054,22266
158310,2015-03-06,11054,11175,10732,10733,13432
158310,2015-03-09,10773,11476,10773,11054,57274
158310,2015-03-10,11175,11215,10813,10934,15926
158310,2015-03-11,10833,11918,10752,11758,97991
158310,2015-03-12,11979,12602,11757,12341,164130
158310,2015-03-13,12461,12461,11737,12140,49561
158310,2015-03-16,12180,12380,11778,12080,55055
158310,2015-03-17,11958,12220,11697,11979,43618
158310,2015-03-18,11878,13064,11798,12723,155851
158310,2015-03-19,12803,12843,11898,11959,83497
158310,2015-03-20,11958,12019,11657,11738,28789
158310,2015-03-23,11737,12019,11577,11617,24627
158310,2015-03-24,11617,11979,11496,11979,27210
158310,2015-03-25,12119,12119,11677,11718,19832
158310,2015-03-26,11717,11999,11657,11818,13453
158310,2015-03-27,11838,12039,11697,11838,12465
158310,2015-03-30,12059,12461,11778,12381,31950
158310,2015-03-31,12401,12682,12059,12059,35911
158310,2015-04-01,12059,12159,11597,11597,26589
158310,2015-04-02,11677,11737,11516,11557,13716
158310,2015-04-03,11637,11858,11577,11818,15868
158310,2015-04-06,11818,12019,11516,12019,19358
158310,2015-04-07,12240,12240,11858,11899,10001
158310,2015-04-08,11898,12039,11838,11979,7887
158310,2015-04-09,12079,12079,11757,11818,12847
158310,2015-04-10,11717,11838,11556,11818,21722
158310,2015-04-13,11858,12220,11617,12220,38741
158310,2015-04-14,12320,12380,11838,12019,25863
158310,2015-04-15,12059,12481,11858,12481,41648
158310,2015-04-16,12461,12481,12099,12341,29523
158310,2015-04-17,12401,13285,12139,13084,100771
158310,2015-04-20,12963,14009,12782,13868,65672
158310,2015-04-21,13928,14069,13586,13929,29716
158310,2015-04-22,13988,14270,12421,13406,52620
158310,2015-04-23,13607,13727,12823,13024,19240
158310,2015-04-24,12923,13184,12561,12682,25272
158310,2015-04-27,12843,13365,12702,13185,12006
158310,2015-04-28,13426,13426,12742,12964,9657
158310,2015-04-29,13124,13124,12180,12180,26383
158310,2015-04-30,12200,12320,11878,12180,13622
158310,2015-05-04,12180,12300,11657,11698,20314
158310,2015-05-06,11456,11677,11175,11517,13989
158310,2015-05-07,11376,11798,11134,11798,12469
158310,2015-05-08,11757,11999,11577,11657,7879
158310,2015-05-11,11657,12139,11496,12080,11101
158310,2015-05-12,12159,12159,11717,11858,14647
158310,2015-05-13,11858,12662,11858,12461,26125
158310,2015-05-14,12662,12662,12280,12401,10707
158310,2015-05-15,12320,12401,11878,11879,18889
158310,2015-05-18,11697,11697,10612,10954,50387
158310,2015-05-19,10994,11456,10893,11376,16599
158310,2015-05-20,11376,11456,10974,11276,10151
158310,2015-05-21,11275,11858,11175,11456,13969
158310,2015-05-22,11456,11979,11456,11979,15315
158310,2015-05-26,11979,12320,11677,12240,18762
158310,2015-05-27,11958,12360,11938,12220,17988
158310,2015-05-28,12360,12602,12119,12280,15226
158310,2015-05-29,12360,12461,11858,12059,14291
158310,2015-06-01,12099,13245,11798,13145,68312
158310,2015-06-02,13144,14853,12943,14250,119422
158310,2015-06-03,14451,16380,14129,16381,184603
158310,2015-06-04,18832,18832,18089,18833,572950
158310,2015-06-05,18913,21606,18832,21606,874249
158310,2015-06-08,24822,24822,24319,24822,205807
158310,2015-06-09,26128,26932,21103,21104,917518
158310,2015-06-10,22008,24219,21505,24219,242273
158310,2015-06-11,24621,26028,20701,22310,589780
158310,2015-06-12,21706,25626,21204,24420,332886
158310,2015-06-15,24922,25827,22510,24521,114777
158310,2015-06-16,24520,30148,24018,25325,376038
158310,2015-06-17,26128,29344,25626,29144,160357
158310,2015-06-18,28339,30249,27636,29546,102533
158310,2015-06-19,29646,30751,27937,29747,72203
158310,2015-06-22,30048,30048,27837,28139,88227
158310,2015-06-23,27535,27837,26028,27435,115488
158310,2015-06-24,27837,33062,25927,32158,291940
158310,2015-06-25,31454,37183,31454,34168,147063
158310,2015-06-26,34168,35977,33364,34470,89475
158310,2015-06-29,33665,35273,33364,34269,55399
158310,2015-06-30,34168,34168,30650,32158,158032
158310,2015-07-01,32761,35072,30952,34168,112393
158310,2015-07-02,34771,35474,29847,31153,156578
158310,2015-07-03,30952,33766,30952,33465,138477
158310,2015-07-06,32359,37082,31153,35173,126911
158310,2015-07-07,35474,38188,33464,37485,152774
158310,2015-07-08,34570,34670,26329,29144,600131
158310,2015-07-09,29445,33766,27837,33766,235196
158310,2015-07-10,35474,39494,33866,35073,304212
158310,2015-07-13,37283,44016,37283,37686,160821
158310,2015-07-14,37685,39394,35675,37786,87966
158310,2015-07-15,38188,38891,36178,37384,132498
158310,2015-07-16,37384,38188,35173,35274,108877
158310,2015-07-17,35876,37484,34168,37083,71740
158310,2015-07-20,36479,38590,36479,38590,65780
158310,2015-07-21,39796,39796,35474,38088,108415
158310,2015-07-22,38087,38288,32359,32862,213552
158310,2015-07-23,32761,34469,31153,32359,98711
158310,2015-07-24,30450,34168,30450,34068,110109
158310,2015-07-27,32057,32158,29143,29546,153703
158310,2015-07-28,30249,30249,25324,25928,191690
158310,2015-07-29,27133,29746,26932,27938,349923
158310,2015-07-30,28942,28942,24922,25325,202259
158310,2015-07-31,24118,24721,20078,22109,536755
158310,2015-08-03,23013,23415,20601,21204,179057
158310,2015-08-04,21204,22008,20701,21707,116359
158310,2015-08-05,21606,23415,21204,22611,127715
158310,2015-08-06,22611,23113,21907,22310,89451
158310,2015-08-07,22510,22510,20802,21707,88323
158310,2015-08-10,21706,22410,21103,21506,55893
158310,2015-08-11,21505,21505,18089,18310,432414
158310,2015-08-12,18008,18209,16139,16823,222857
158310,2015-08-13,16501,17968,16481,17004,145756
158310,2015-08-17,17003,17164,16280,16280,58939
158310,2015-08-18,15777,16360,15496,15637,77392
158310,2015-08-19,15476,16883,14873,16501,148951
158310,2015-08-20,16280,17847,16280,16943,142024
158310,2015-08-21,16501,16782,15114,16220,63371
158310,2015-08-24,16079,16581,15476,15898,43674
158310,2015-08-25,15978,16883,15496,16883,78233
158310,2015-08-26,17204,17646,16280,16863,79813
158310,2015-08-27,16943,17868,16581,17788,109668
158310,2015-08-28,18048,18390,17144,17285,119313
158310,2015-08-31,17868,17868,16903,17406,47949
158310,2015-09-01,17707,19053,17104,17406,184326
158310,2015-09-02,17204,17566,16682,17205,70757
158310,2015-09-03,17767,18189,16802,16883,72204
158310,2015-09-04,16883,17244,15737,16260,97034
158310,2015-09-07,16079,16762,15074,16401,72655
158310,2015-09-08,16300,16581,15034,15235,70392
158310,2015-09-09,15295,15878,15295,15516,66278
158310,2015-09-10,15556,15958,15476,15577,38765
158310,2015-09-11,15777,17084,15677,16180,81379
158310,2015-09-14,16300,16641,15496,15537,34776
158310,2015-09-15,15677,16159,15576,15577,25362
158310,2015-09-16,15677,15998,15114,15697,53488
158310,2015-09-17,15777,15777,14250,14632,102620
158310,2015-09-18,14672,15235,14290,15074,55011
158310,2015-09-21,14772,16079,14752,16079,125540
158310,2015-09-22,16481,18491,16280,18190,367031
158310,2015-09-23,18229,19576,18229,19195,221220
158310,2015-09-24,18993,19697,18390,18672,136402
158310,2015-09-25,18671,18872,18330,18411,63204
158310,2015-09-30,18290,18913,17807,18712,46828
158310,2015-10-01,19194,22008,18792,21908,272971
158310,2015-10-02,22108,24319,19676,20200,494853
158310,2015-10-05,19857,20099,19295,20079,151300
158310,2015-10-06,20300,20802,19757,19999,57142
158310,2015-10-07,20058,20601,19295,20300,86727
158310,2015-10-08,20099,23113,20058,21908,142882
158310,2015-10-12,22309,22309,19998,20200,125591
158310,2015-10-13,20199,20701,19114,19355,77156
158310,2015-10-14,19636,19777,18792,18994,49132
158310,2015-10-15,18812,19435,18772,19315,27918
158310,2015-10-16,19295,19697,18692,18712,42349
158310,2015-10-19,18812,20500,18491,19416,59871
158310,2015-10-20,19496,20902,19496,20099,48563
158310,2015-10-21,20500,23314,19958,21807,234715
158310,2015-10-22,21907,22812,20902,22310,108189
158310,2015-10-23,22611,23214,21706,21807,81969
158310,2015-10-26,22108,23113,21204,23114,56599
158310,2015-10-27,23616,25023,23113,24722,136217
158310,2015-10-28,24721,24721,23214,23315,76356
158310,2015-10-29,23113,23314,21405,21405,87922
158310,2015-10-30,21103,22309,20802,21104,53110
158310,2015-11-02,20500,21003,19536,19858,89472
158310,2015-11-03,19857,20400,18993,19215,48872
158310,2015-11-04,18893,19254,17968,18190,103883
158310,2015-11-05,18511,18511,17104,17446,96373
158310,2015-11-06,17466,19958,17305,18692,101934
158310,2015-11-09,18792,19094,17265,17345,59073
158310,2015-11-10,17345,17345,15958,16481,61579
158310,2015-11-11,16199,17325,16199,16501,32679
158310,2015-11-12,16561,19576,16501,19074,72954
158310,2015-11-13,19496,20902,18792,19496,82342
158310,2015-11-16,18812,19496,18310,18411,42660
158310,2015-11-17,18531,18973,17888,18310,27497
158310,2015-11-18,18270,18370,17486,17486,38189
158310,2015-11-19,17486,18390,17445,17868,25290
158310,2015-11-20,17868,18209,16943,17285,33020
158310,2015-11-23,17285,17646,16983,17004,31691
158310,2015-11-24,17023,17285,16541,16763,30478
158310,2015-11-25,16782,17486,16702,16943,26104
158310,2015-11-26,16802,17767,16802,17466,24447
158310,2015-11-27,17445,17445,16682,16903,40909
158310,2015-11-30,16883,16883,15797,16200,46182
158310,2015-12-01,15978,16762,11697,14873,134172
158310,2015-12-02,14873,15616,14652,15295,22576
158310,2015-12-03,15275,15556,14853,15295,17147
158310,2015-12-04,15074,16541,14993,16260,27413
158310,2015-12-07,16260,16682,15496,16300,27271
158310,2015-12-08,16521,16521,15395,15717,23467
158310,2015-12-09,15717,15918,14571,14672,36434
158310,2015-12-10,15074,15074,13325,13969,53010
158310,2015-12-11,13988,14431,13466,13929,21975
158310,2015-12-14,13667,14370,12682,12682,45212
158310,2015-12-15,12762,13205,12159,12863,31250
158310,2015-12-16,12983,13466,12863,13205,27374
158310,2015-12-17,13345,13687,13345,13607,23473
158310,2015-12-18,13968,13968,12963,13647,19961
158310,2015-12-21,13566,13566,12983,13225,23539
158310,2015-12-22,13225,13546,12823,13205,23866
158310,2015-12-23,13084,13446,12863,12964,33378
158310,2015-12-24,12923,16119,12863,14833,133391
158310,2015-12-28,15094,15878,15013,15758,60984
158310,2015-12-29,16159,16159,15395,15516,44855
158310,2015-12-30,15817,15817,14873,15275,11134
158310,2016-01-04,15275,15436,14390,14532,20244
158310,2016-01-05,14210,14571,13667,13788,30091
158310,2016-01-06,13627,14330,13526,13687,20192
158310,2016-01-07,13687,14330,13687,13888,17418
158310,2016-01-08,13426,13948,13064,13768,24365
158310,2016-01-11,14109,14109,13104,13145,24038
158310,2016-01-12,13104,13406,11717,12140,73807
158310,2016-01-13,11757,14049,10913,13426,84333
158310,2016-01-14,13144,15637,13144,13888,155585
158310,2016-01-15,14370,14370,13164,13667,49616
158310,2016-01-18,13245,13647,12903,13004,26895
158310,2016-01-19,13004,13667,12803,12904,19899
158310,2016-01-20,12762,13225,12401,12843,20642
158310,2016-01-21,13024,13024,12340,12562,15656
158310,2016-01-22,12581,12903,12099,12200,30161
158310,2016-01-25,12461,12803,12039,12321,45038
158310,2016-01-26,12260,12421,11858,11979,20134
158310,2016-01-27,11979,12581,11858,12361,12987
158310,2016-01-28,12320,12602,12139,12401,7805
158310,2016-01-29,12401,12401,12039,12140,8656
158310,2016-02-01,11858,12561,11657,12059,26640
158310,2016-02-02,11858,12079,10873,11436,43315
158310,2016-02-03,11476,11476,10491,11215,36703
158310,2016-02-04,11295,11436,10793,10874,24646
158310,2016-02-05,10592,12401,10592,12019,68877
158310,2016-02-11,11476,11938,10953,11657,22352
158310,2016-02-12,11255,11657,9667,10050,49588
158310,2016-02-15,10250,10551,9949,10250,21195
158310,2016-02-16,10270,10431,10170,10291,10957
158310,2016-02-17,10350,11275,10350,10713,24146
158310,2016-02-18,10652,11677,10652,11396,22736
158310,2016-02-19,11536,12401,11175,11718,22630
158310,2016-02-22,11717,11798,11215,11758,11234
158310,2016-02-23,11717,12280,11355,12059,23126
158310,2016-02-24,12963,13044,12099,12301,25192
158310,2016-02-25,12180,12380,11617,11818,10400
158310,2016-02-26,11677,12220,11436,11718,9734
158310,2016-02-29,11516,12079,11516,11738,7640
158310,2016-03-02,11737,12059,11355,11477,13403
158310,2016-03-03,11476,11476,11054,11054,11187
158310,2016-03-04,11114,11918,10913,11738,16615
158310,2016-03-07,11858,12662,11818,12321,35525
158310,2016-03-08,12602,12602,12139,12361,6131
158310,2016-03-09,12622,12622,12159,12321,7405
158310,2016-03-10,12682,13667,12260,12260,35502
158310,2016-03-11,12461,12622,11496,11718,26473
158310,2016-03-14,11657,11858,11476,11537,9833
158310,2016-03-15,11416,11697,11255,11456,12306
158310,2016-03-16,11979,11979,10853,11316,16950
158310,2016-03-17,11315,11456,11034,11316,16842
158310,2016-03-18,11255,11456,10773,10813,37976
158310,2016-03-21,10974,10974,10531,10652,14627
158310,2016-03-22,10712,11516,10551,11456,55092
158310,2016-03-23,11436,11657,11034,11095,25510
158310,2016-03-24,11094,11999,11054,11738,28720
158310,2016-03-25,11958,11958,11556,11637,24596
158310,2016-03-28,11958,11958,11335,11356,15663
158310,2016-03-29,11476,11838,11034,11718,21625
158310,2016-03-30,11556,13667,11556,12682,107345
158310,2016-03-31,13044,13044,12320,12662,37654
158310,2016-04-01,13044,15054,12722,14572,242890
158310,2016-04-04,14692,18390,14692,18129,412609
158310,2016-04-05,18290,19797,15978,17486,468438
158310,2016-04-06,17928,21405,17546,21305,650486
158310,2016-04-07,20701,21405,19697,21305,247017
158310,2016-04-08,21907,22611,20902,21707,178702
158310,2016-04-11,21807,23415,21003,22712,127694
158310,2016-04-12,22510,22510,19877,20400,201674
158310,2016-04-14,20802,22008,19697,21707,134829
158310,2016-04-15,21606,22611,19455,20099,154582
158310,2016-04-18,20300,20500,18893,19154,89359
158310,2016-04-19,20038,21706,19898,21104,115883
158310,2016-04-20,21204,22209,19094,22209,279140
158310,2016-04-21,23515,24118,20300,20903,255048
158310,2016-04-22,21103,21204,19475,20099,103287
158310,2016-04-25,20099,20400,19415,19938,57668
158310,2016-04-26,19898,19938,19295,19657,87240
158310,2016-04-27,20099,21706,19737,21305,121953
158310,2016-04-28,21606,22108,21003,21707,77266
158310,2016-04-29,21807,23013,21204,21305,77645
158310,2016-05-02,21606,22410,20500,20501,71117
158310,2016-05-03,20601,21405,20078,20601,49451
158310,2016-05-04,20601,21103,20099,20501,30787
158310,2016-05-09,20500,21003,19958,20200,29583
158310,2016-05-10,20300,20500,19274,19798,57938
158310,2016-05-11,19898,21003,19797,20501,68598
158310,2016-05-12,20500,20902,19717,20903,43029
158310,2016-05-13,20802,22611,20601,22611,128060
158310,2016-05-16,23314,24621,22611,23516,126591
158310,2016-05-17,23515,23515,21204,22410,98470
158310,2016-05-18,21807,22410,20300,21003,74138
158310,2016-05-19,20802,21706,20099,21104,35574
158310,2016-05-20,21204,21405,20199,21003,39954
158310,2016-05-23,21907,21907,20802,21707,32578
158310,2016-05-24,22008,23515,21807,22712,149445
158310,2016-05-25,22309,22812,20099,21405,144510
158310,2016-05-26,21505,22812,21304,21807,48977
158310,2016-05-27,22108,22209,20300,20802,85466
158310,2016-05-30,20099,20701,19576,19576,111539
158310,2016-05-31,18692,19395,17948,18049,120937
158310,2016-06-01,17707,20601,17285,19717,114311
158310,2016-06-02,20078,21204,19717,20903,55383
158310,2016-06-03,20400,22309,19998,21807,82973
158310,2016-06-07,22008,22309,20500,21204,81263
158310,2016-06-08,20601,21405,20199,21003,57718
158310,2016-06-09,21606,21706,20802,21104,43099
158310,2016-06-10,20601,21204,20601,20601,33492
158310,2016-06-13,20601,21003,20300,20601,30732
158310,2016-06-14,20300,20701,19938,20300,50256
158310,2016-06-15,20701,21204,19958,20019,57123
158310,2016-06-16,20018,20078,18631,19315,67883
158310,2016-06-17,19315,19998,19073,19597,29270
158310,2016-06-20,19355,20902,19335,20702,52407
158310,2016-06-21,21003,21103,20099,21104,56065
158310,2016-06-22,21103,22912,21103,22511,138549
158310,2016-06-23,22209,22912,21204,22008,92559
158310,2016-06-24,22611,22611,19295,20501,164936
158310,2016-06-27,20199,24118,20018,24119,114786
158310,2016-06-28,23716,23917,21204,21305,245687
158310,2016-06-29,21003,23415,20902,23214,162593
158310,2016-06-30,23314,24721,22812,24621,196059
158310,2016-07-01,24319,25425,23616,23918,213729
158310,2016-07-04,23415,24721,23314,24219,71876
158310,2016-07-05,24721,24721,22912,22913,118694
158310,2016-07-06,22912,22912,21204,21807,165017
158310,2016-07-07,21003,21807,20701,20903,108935
158310,2016-07-08,20902,21606,20802,21204,66681
158310,2016-07-11,21304,21706,19978,20601,85637
158310,2016-07-12,20601,22008,19978,21908,122684
158310,2016-07-13,21807,21907,20902,21104,74133
158310,2016-07-14,21003,21505,20601,20702,33727
158310,2016-07-15,21103,21405,19676,19677,117905
158310,2016-07-18,19676,20058,18591,18853,96423
158310,2016-07-19,18852,19857,18852,19737,51820
158310,2016-07-20,19556,19938,19194,19315,39029
158310,2016-07-21,19154,19596,18712,18712,42291
158310,2016-07-22,18712,19254,18692,18893,14698
158310,2016-07-25,18792,19094,18712,18772,20504
158310,2016-07-26,18872,19636,18872,19074,22371
158310,2016-07-27,19053,19295,18591,19094,26316
158310,2016-07-28,19194,20099,18692,18813,86024
158310,2016-07-29,18913,19355,18913,19094,61610
158310,2016-08-01,19717,19717,18973,19034,54496
158310,2016-08-02,19033,19234,18470,18471,31334
158310,2016-08-03,18310,18812,18129,18571,24167
158310,2016-08-04,18491,18852,17285,17788,54883
158310,2016-08-05,17506,18048,16842,16984,38519
158310,2016-08-08,17084,17084,15878,15878,48420
158310,2016-08-09,15998,16883,15998,16823,21202
158310,2016-08-10,16923,18008,16682,17466,31102
158310,2016-08-11,17385,18189,17204,17486,23832
158310,2016-08-12,18069,18310,17184,17888,31521
158310,2016-08-16,18269,20300,18109,18109,148996
158310,2016-08-17,18450,18450,17687,17888,19659
158310,2016-08-18,18330,18330,17385,17567,18568
158310,2016-08-19,17767,17767,16581,17486,26928
158310,2016-08-22,17285,17486,16983,17084,10824
158310,2016-08-23,16963,17506,16903,16903,13281
158310,2016-08-24,16883,17265,16521,16903,13449
158310,2016-08-25,16682,17425,16340,16340,29158
158310,2016-08-26,16662,16863,16159,16160,9050
158310,2016-08-29,15898,16380,14973,15074,18076
158310,2016-08-30,15596,16762,15054,16320,26871
158310,2016-08-31,16320,16782,15637,15657,19348
158310,2016-09-01,15134,15838,13868,15657,45325
158310,2016-09-02,14390,16099,14390,15597,17640
158310,2016-09-05,15596,15978,15295,15336,7263
158310,2016-09-06,15174,15978,15074,15577,15098
158310,2016-09-07,15576,15858,15335,15778,7686
158310,2016-09-08,16883,16883,14973,15094,23761
158310,2016-09-09,14933,15214,14270,14371,21042
158310,2016-09-12,14089,15878,14029,14913,49867
158310,2016-09-13,14833,15255,14792,15235,3722
158310,2016-09-19,15013,15616,14672,15436,13673
158310,2016-09-20,15114,16039,15114,15476,15231
158310,2016-09-21,16139,17385,15576,17285,111201
158310,2016-09-22,17546,18491,17345,18310,83829
158310,2016-09-23,18511,18511,17928,17989,35302
158310,2016-09-26,18491,18491,17325,17868,27415
158310,2016-09-27,17868,17868,17064,17084,37284
158310,2016-09-28,17184,17868,16983,17245,8192
158310,2016-09-29,16923,17888,16702,16742,34019
158310,2016-09-30,16702,16762,15556,15597,49123
158310,2016-10-04,15938,16059,14893,14893,34743
158310,2016-10-05,15235,15958,14772,15014,19720
158310,2016-10-06,15114,18470,15114,16260,163430
158310,2016-10-07,16481,18089,16481,17989,125638
158310,2016-10-10,17928,18752,17888,18270,63576
158310,2016-10-11,18390,18390,16903,17526,68077
158310,2016-10-12,17526,17847,16722,17104,14725
158310,2016-10-13,16863,18410,16863,18069,75790
158310,2016-10-14,18470,18470,17586,18009,37520
158310,2016-10-17,17988,18209,17305,17948,34535
158310,2016-10-18,18169,18169,17606,17828,21856
158310,2016-10-19,17727,18410,17727,18330,49408
158310,2016-10-20,18470,18470,17868,17888,31880
158310,2016-10-21,17888,18249,17325,17948,25234
158310,2016-10-24,18189,18189,17606,18190,61274
158310,2016-10-25,18692,19596,17586,17627,103490
158310,2016-10-26,17224,17988,17023,17587,43226
158310,2016-10-27,17586,18571,17365,18411,73275
158310,2016-10-28,18671,19898,18209,19295,213278
158310,2016-10-31,18893,18893,16943,17426,115137
158310,2016-11-01,17405,17546,15878,15878,51357
158310,2016-11-02,15777,16782,13466,15275,159274
158310,2016-11-03,15596,16481,15275,16320,23770
158310,2016-11-04,16420,16420,15777,16180,15075
158310,2016-11-07,15958,17265,15958,16019,51520
158310,2016-11-08,15958,16682,15918,16119,26872
158310,2016-11-09,16119,16481,14270,15275,51404
158310,2016-11-10,15134,16079,15134,15878,17174
158310,2016-11-11,15677,15978,15476,15516,23965
158310,2016-11-14,15315,15657,14591,15476,29090
158310,2016-11-15,15777,15777,14873,15336,9506
158310,2016-11-16,15074,16682,15074,15878,52632
158310,2016-11-17,16260,17265,15898,16300,160652
158310,2016-11-18,16923,16923,15375,15456,54559
158310,2016-11-21,15576,15978,15476,15557,19132
158310,2016-11-22,15295,16079,15295,15878,25118
158310,2016-11-23,15878,16621,15878,16079,60274
158310,2016-11-24,0,0,0,16079,0
158310,2016-11-25,15777,17385,15516,16521,69871
158310,2016-11-28,16521,16883,15757,16340,18713
158310,2016-11-29,16059,16461,15757,16280,14749
158310,2016-11-30,16581,16581,15777,15898,7975
158310,2016-12-01,15938,16079,15194,15356,20540
158310,2016-12-02,15355,15858,15094,15456,24720
158310,2016-12-05,15476,15677,15074,15074,10951
158310,2016-12-06,14812,15556,14370,14712,11247
158310,2016-12-07,14471,14873,14310,14532,9241
158310,2016-12-08,14471,14712,14089,14210,14629
158310,2016-12-09,14210,16380,14189,16200,44263
158310,2016-12-12,15878,16722,15476,16682,25909
158310,2016-12-13,16682,16762,16099,16119,11090
158310,2016-12-14,16079,17084,15898,16160,52485
158310,2016-12-15,16260,16782,15918,16381,32368
158310,2016-12-16,16300,16501,15918,16220,13283
158310,2016-12-19,16219,16240,15616,15778,14509
158310,2016-12-20,15677,15918,15496,15577,5457
158310,2016-12-21,15576,15677,15275,15557,9720
158310,2016-12-22,15576,16179,15275,15637,10316
158310,2016-12-23,15777,15777,15275,15336,6173
158310,2016-12-26,15476,15476,14431,14451,34627
158310,2016-12-27,14973,16461,14551,15516,35359
158310,2016-12-28,15838,15958,15275,15516,8318
158310,2016-12-29,15838,15858,15174,15356,11941
158310,2017-01-02,15516,15516,15013,15175,19626
158310,2017-01-03,15556,15556,14873,14974,15962
158310,2017-01-04,15536,16179,14692,14954,42068
158310,2017-01-05,14973,15275,14652,14954,24599
158310,2017-01-06,15275,15275,14571,14652,26486
158310,2017-01-09,14672,14772,14451,14612,17722
158310,2017-01-10,14611,14833,14471,14491,11773
158310,2017-01-11,14591,14792,13908,14471,26277
158310,2017-01-12,14491,14591,14270,14431,10664
158310,2017-01-13,14390,14632,14149,14310,12566
158310,2017-01-16,14471,14471,13808,13888,22132
158310,2017-01-17,13747,14029,13024,13647,58926
158310,2017-01-18,13848,14632,13265,14270,39350
158310,2017-01-19,14551,14611,14270,14371,17170
158310,2017-01-20,14672,14672,14250,14310,4355
158310,2017-01-23,14451,14451,13466,13728,23433
158310,2017-01-24,13968,13968,9687,11557,527101
158310,2017-01-25,11556,11637,10451,11617,97271
158310,2017-01-26,11134,12200,11134,11899,38892
158310,2017-01-31,12139,12139,11536,11698,16824
158310,2017-02-01,11878,11938,11476,11939,15031
158310,2017-02-02,11074,11617,11074,11376,20550
158310,2017-02-03,10451,11858,10451,11376,43972
158310,2017-02-06,11396,11617,11215,11336,18257
158310,2017-02-07,11597,11597,11034,11054,10054
158310,2017-02-08,11295,11295,10672,10853,14365
158310,2017-02-09,10873,11034,10230,10451,29022
158310,2017-02-10,10752,10752,10150,10552,23747
158310,2017-02-13,10451,10672,10270,10371,14333
158310,2017-02-14,10391,10632,10210,10210,19337
158310,2017-02-15,10411,11154,10190,10853,18721
158310,2017-02-16,11054,11054,10592,10713,10407
158310,2017-02-17,10913,10913,10652,10733,7746
158310,2017-02-20,10833,10873,10511,10612,7383
158310,2017-02-21,10933,10933,10391,10451,9545
158310,2017-02-22,10451,10632,10391,10632,7462
158310,2017-02-23,10632,10953,10411,10572,15550
158310,2017-02-24,10451,10612,10310,10572,10855
158310,2017-02-27,10652,10652,10150,10230,9058
158310,2017-02-28,10049,10250,9989,10230,22724
158310,2017-03-02,10330,10330,9979,10090,11843
158310,2017-03-03,10089,10451,9808,10039,9965
158310,2017-03-06,10039,10039,9697,9698,10374
158310,2017-03-07,9999,10029,9717,10019,4552
158310,2017-03-08,10250,10250,9868,9879,4803
158310,2017-03-09,10039,10039,9748,9919,12269
158310,2017-03-10,9928,10049,9748,10050,5037
158310,2017-03-13,10150,10150,9748,10009,9100
158310,2017-03-14,10049,10411,9969,10371,14724
158310,2017-03-15,10270,10451,10089,10250,5135
158310,2017-03-16,10451,10451,10039,10130,11323
158310,2017-03-17,10129,10250,9949,10150,8893
158310,2017-03-20,10250,10350,10049,10090,11037
158310,2017-03-21,10069,10551,10069,10271,4190
158310,2017-03-22,9858,10250,9858,10130,17000
158310,2017-03-23,10250,11999,10230,11255,99606
158310,2017-03-24,11175,11476,10752,11436,18495
158310,2017-03-27,11295,11516,10953,10954,21701
158310,2017-03-28,11215,11215,10853,11075,7443
158310,2017-03-29,11235,11235,10933,11054,9578
158310,2017-03-30,11637,11637,10632,11316,31485
158310,2017-03-31,11094,11355,10853,10853,15701
158310,2017-04-03,11215,11215,10893,11054,8659
158310,2017-04-04,11054,11255,10853,11054,7799
158310,2017-04-05,11054,11335,10933,11095,17589
158310,2017-04-06,11255,11255,10853,11095,7026
158310,2017-04-07,11094,11295,11074,11135,8232
158310,2017-04-10,11255,11255,10793,10974,6803
158310,2017-04-11,11034,11034,10692,10994,2685
158310,2017-04-12,10994,11154,10793,11135,5811
158310,2017-04-13,11134,11195,10893,11115,20699
158310,2017-04-14,11295,11315,10994,11276,27699
158310,2017-04-17,11536,12742,11295,12019,83181
158310,2017-04-18,12180,13225,12059,12964,59497
158310,2017-04-19,12943,13767,12883,13587,62258
158310,2017-04-20,13566,13586,12602,12622,64891
158310,2017-04-21,12602,12843,12441,12763,10502
158310,2017-04-24,12803,12803,12602,12642,5696
158310,2017-04-25,12642,12662,12300,12662,12976
158310,2017-04-26,12662,12662,12461,12642,7765
158310,2017-04-27,12521,12642,12461,12622,7342
158310,2017-04-28,12622,12622,12260,12562,3453
158310,2017-05-02,12561,12561,12260,12481,2576
158310,2017-05-04,12481,12622,12280,12341,1911
158310,2017-05-08,12441,12441,12119,12341,2547
158310,2017-05-10,12320,12360,11255,11456,17568
158310,2017-05-11,11617,11617,10793,10894,25773
158310,2017-05-12,11054,11315,10913,11276,13330
158310,2017-05-15,10873,11335,10873,11175,10712
158310,2017-05-16,11134,11737,10994,11075,10627
158310,2017-05-17,11315,11496,11175,11255,14164
158310,2017-05-18,11195,11436,11114,11376,17514
158310,2017-05-19,11376,11838,11376,11838,13139
158310,2017-05-22,11838,12421,11778,12019,16727
158310,2017-05-23,12320,12320,11597,11758,14855
158310,2017-05-24,11858,11858,11597,11738,4485
158310,2017-05-25,11717,12662,11536,12140,48336
158310,2017-05-26,12119,12200,11838,12160,12577
158310,2017-05-29,12079,12340,12039,12140,15050
158310,2017-05-30,12280,12280,11838,11999,16205
158310,2017-05-31,11979,11979,11255,11778,31668
158310,2017-06-01,11778,11918,11456,11798,14513
158310,2017-06-02,12039,12159,11818,12039,12755
158310,2017-06-05,12039,12260,11878,11879,17225
158310,2017-06-07,11798,12019,11577,11577,14227
158310,2017-06-08,11898,11898,10712,11356,12730
158310,2017-06-09,11114,11436,10933,11215,26946
158310,2017-06-12,11355,11355,11154,11316,38649
158310,2017-06-13,11315,12280,11315,12280,45597
158310,2017-06-14,12280,13446,12280,13064,146326
158310,2017-06-15,13365,13486,12682,13145,46003
158310,2017-06-16,13164,13164,12742,12783,22986
158310,2017-06-19,12863,13124,12280,12401,21686
158310,2017-06-20,12863,13124,12360,12361,15838
158310,2017-06-21,12421,12803,12260,12321,18969
158310,2017-06-22,12662,12883,12119,12863,26646
158310,2017-06-23,12642,13084,12360,12622,14900
158310,2017-06-26,12501,12963,12501,12682,16362
158310,2017-06-27,12863,13044,12662,12783,26255
158310,2017-06-28,12863,12863,11818,11838,49984
158310,2017-06-29,11617,12602,11456,12059,58804
158310,2017-06-30,12280,12581,11878,12441,174980
158310,2017-07-03,12360,13466,12260,13004,73518
158310,2017-07-04,13144,13707,13004,13265,51151
158310,2017-07-05,13325,13607,13164,13205,11059
158310,2017-07-06,13205,13385,12883,13285,15012
158310,2017-07-07,13345,13586,13205,13205,25086
158310,2017-07-10,13205,13265,12923,13064,11412
158310,2017-07-11,13044,13064,12059,12703,45667
158310,2017-07-12,12682,12682,12019,12502,38007
158310,2017-07-13,12501,12642,11657,12461,26265
158310,2017-07-14,12421,12622,12059,12542,18477
158310,2017-07-17,12561,12581,12159,12461,3821
158310,2017-07-18,12461,12461,12059,12461,28006
158310,2017-07-19,12561,12983,12300,12944,71416
158310,2017-07-20,12863,13004,12260,12441,38532
158310,2017-07-21,12622,12622,11798,12260,34456
158310,2017-07-24,12059,12401,11858,12260,19641
158310,2017-07-25,12220,12561,12180,12260,17074
158310,2017-07-26,12260,12421,12059,12260,14680
158310,2017-07-27,12260,12260,11677,11678,19926
158310,2017-07-28,11657,11818,11416,11698,12213
158310,2017-07-31,11657,11979,11456,11497,6178
158310,2017-08-01,11516,12099,11516,11778,12164
158310,2017-08-02,12019,12019,11617,11678,9562
158310,2017-08-03,11697,11938,11456,11637,6148
158310,2017-08-04,11657,11858,11436,11798,5777
158310,2017-08-07,11878,11979,11536,11738,5347
158310,2017-08-08,11717,11979,11436,11979,27800
158310,2017-08-09,11737,11979,11556,11798,15037
158310,2017-08-10,11898,11898,11396,11477,14230
158310,2017-08-11,11456,11516,10572,11175,31355
158310,2017-08-14,11195,11556,10431,10431,26911
158310,2017-08-16,10531,10732,10290,10693,34518
158310,2017-08-17,10793,11014,10491,10853,20913
158310,2017-08-18,10853,10853,10150,10552,55592
158310,2017-08-21,10290,10752,10290,10612,15303
158310,2017-08-22,10592,10752,10551,10652,5726
158310,2017-08-23,10652,11416,10511,11416,17009
158310,2017-08-24,11396,11396,10833,11014,19319
158310,2017-08-25,11034,11235,10833,11014,6698
158310,2017-08-28,11034,11235,10752,10954,17309
158310,2017-08-29,10893,11496,10893,11336,24811
158310,2017-08-30,11536,12220,11034,11235,11716
158310,2017-08-31,11355,11355,11094,11215,9546
158310,2017-09-01,11335,11335,11054,11255,14661
158310,2017-09-04,11094,11094,10451,10451,22839
158310,2017-09-05,10451,10853,10170,10512,8347
158310,2017-09-06,10632,10672,10270,10532,15966
158310,2017-09-07,10511,10572,10310,10451,8557
158310,2017-09-08,10572,10572,10210,10311,9625
158310,2017-09-11,10330,10511,9999,10250,12931
158310,2017-09-12,10310,11737,10150,10894,50131
158310,2017-09-13,10873,11355,10712,11296,28685
158310,2017-09-14,11295,12421,11235,11879,73239
158310,2017-09-15,11798,12059,11717,11818,28764
158310,2017-09-18,11798,12159,11376,11999,25625
158310,2017-09-19,12039,12220,11858,12019,40269
158310,2017-09-20,12039,13265,11858,13245,183695
158310,2017-09-21,13667,15415,13647,14873,413239
158310,2017-09-22,15094,15616,14149,14532,162114
158310,2017-09-25,14571,14993,13486,13828,66591
158310,2017-09-26,13687,13687,12843,13285,63333
158310,2017-09-27,13124,13868,12863,13265,45329
158310,2017-09-28,13647,14230,12983,13205,65172
158310,2017-09-29,13345,13426,12039,13225,113628
158310,2017-10-10,13225,13647,12823,13627,35523
158310,2017-10-11,13627,13848,13345,13527,27439
158310,2017-10-12,13566,13687,13265,13466,13980
158310,2017-10-13,13466,13968,13345,13687,42794
158310,2017-10-16,13707,13767,13345,13708,28886
158310,2017-10-17,13647,13848,13466,13647,22254
158310,2017-10-18,13667,14853,13627,14250,83412
158310,2017-10-19,14350,14632,14189,14612,86325
158310,2017-10-20,14672,14953,14431,14652,52167
158310,2017-10-23,14752,14873,14049,14793,42570
158310,2017-10-24,14692,14812,14109,14572,33409
158310,2017-10-25,14591,14672,14390,14572,37547
158310,2017-10-26,14632,14712,13607,14471,41297
158310,2017-10-27,14531,14531,14029,14471,32880
158310,2017-10-30,14451,14873,13888,14250,61698
158310,2017-10-31,14270,14390,13968,14391,55330
158310,2017-11-01,14370,14451,13928,14250,51392
158310,2017-11-02,14270,14451,14069,14210,43701
158310,2017-11-03,14210,14250,13868,14230,25572
158310,2017-11-06,14270,14390,13868,14391,23038
158310,2017-11-07,14390,14410,14049,14351,37865
158310,2017-11-08,14350,14350,13667,14230,31428
158310,2017-11-09,13808,14270,13808,14230,46889
158310,2017-11-10,14250,14310,13928,14210,20871
158310,2017-11-13,14210,14330,13908,14069,49362
158310,2017-11-14,14189,14310,13848,14049,34569
158310,2017-11-15,14049,14089,13607,13808,28144
158310,2017-11-16,13808,14129,13466,13909,65831
158310,2017-11-17,13928,16360,13928,16099,362370
158310,2017-11-20,16682,16682,15998,16039,163946
158310,2017-11-21,15476,15576,14069,14813,132600
158310,2017-11-22,14571,14973,14451,14632,39101
158310,2017-11-23,14571,14792,14250,14592,35594
158310,2017-11-24,14712,14712,14431,14652,40037
158310,2017-11-27,14692,14913,14270,14391,53409
158310,2017-11-28,14471,14551,14169,14391,35424
158310,2017-11-29,14451,14531,13868,14532,43010
158310,2017-11-30,14511,14511,14069,14391,29093
158310,2017-12-01,14310,14310,13948,14089,55548
158310,2017-12-04,14069,14431,13607,14049,108824
158310,2017-12-05,14049,14129,13727,13949,42496
158310,2017-12-06,13968,14210,13124,13909,59565
158310,2017-12-07,13928,14451,13667,13888,63767
158310,2017-12-08,14009,14772,13647,14511,90719
158310,2017-12-11,14571,14571,14069,14089,44642
158310,2017-12-12,14109,16561,14049,16240,175509
158310,2017-12-13,16541,17486,16018,16682,233389
158310,2017-12-14,17064,17345,16662,16943,85429
158310,2017-12-15,17124,18189,17023,18049,181584
158310,2017-12-18,18270,18270,17144,17265,124973
158310,2017-12-19,16420,17244,14792,16320,112732
158310,2017-12-20,16320,16682,14812,15275,106116
158310,2017-12-21,15255,15858,15074,15315,40950
158310,2017-12-22,15335,15717,14973,15336,31055
158310,2017-12-26,15456,15637,14270,14672,66309
158310,2017-12-27,14451,14511,12863,13808,211011
158310,2017-12-28,13808,13928,12662,13728,141645
158310,2018-01-02,13727,14471,13104,14471,61072
158310,2018-01-03,14451,14632,13948,14331,72780
158310,2018-01-04,14330,14451,13968,14009,46680
158310,2018-01-05,14029,14410,13767,14331,51448
158310,2018-01-08,14330,17064,14270,15939,119495
158310,2018-01-09,15878,16641,15335,15858,77556
158310,2018-01-10,15858,16099,15235,15476,45470
158310,2018-01-11,14853,15255,13787,14712,157205
158310,2018-01-12,14672,15034,14270,14753,43202
158310,2018-01-15,14913,15013,14210,14773,57814
158310,2018-01-16,14812,14812,14370,14652,34262
158310,2018-01-17,14672,14833,14270,14753,31998
158310,2018-01-18,14873,14873,14290,14652,19319
158310,2018-01-19,14853,15094,14370,14672,54030
158310,2018-01-22,14672,15074,14029,14491,58740
158310,2018-01-23,14431,14652,14069,14371,36698
158310,2018-01-24,14491,14491,13888,14069,59631
158310,2018-01-25,14270,14531,13888,14029,44555
158310,2018-01-26,14029,14230,13667,13667,43923
158310,2018-01-29,13888,14149,13667,13687,32169
158310,2018-01-30,13727,13747,13064,13426,58344
158310,2018-01-31,13466,14230,13446,14170,118998
158310,2018-02-01,14169,14471,13747,14029,61996
158310,2018-02-02,14009,14250,13747,14029,44546
158310,2018-02-05,14009,14109,13164,13667,49792
158310,2018-02-06,13526,13627,12702,13406,58863
158310,2018-02-07,13446,14390,13064,13466,175134
158310,2018-02-08,13466,13948,13245,13607,47988
158310,2018-02-09,13566,13808,12943,13265,37181
158310,2018-02-12,13265,13566,13164,13185,25501
158310,2018-02-13,13205,13526,13144,13366,20850
158310,2018-02-14,13406,13446,13144,13245,20941
158310,2018-02-19,13245,13285,12441,13145,25436
158310,2018-02-20,13144,13566,12360,12703,155333
158310,2018-02-21,12702,14270,12561,13667,106696
158310,2018-02-22,13747,15114,13566,14270,172462
158310,2018-02-23,14149,14873,14149,14150,89687
158310,2018-02-26,14270,14511,14129,14210,62000
158310,2018-02-27,14189,14189,13586,13909,27789
158310,2018-02-28,14069,14149,13164,13306,39655
158310,2018-03-02,12923,13607,12682,13446,42448
158310,2018-03-05,14069,17466,13627,17466,1062137
158310,2018-03-06,20701,22611,18732,20079,4064342
158310,2018-03-07,21405,21505,19094,20200,1526090
158310,2018-03-08,19616,20500,18852,20200,866021
158310,2018-03-09,19837,20500,19254,20300,742731
158310,2018-03-12,20601,21606,20058,20400,766278
158310,2018-03-13,20038,20038,19194,19396,418542
158310,2018-03-14,19094,19837,18893,19798,313357
158310,2018-03-15,19717,21103,19274,20601,473988
158310,2018-03-16,20400,22108,19978,21305,656059
158310,2018-03-19,21405,21606,19938,20099,425112
158310,2018-03-20,17486,17767,14591,16119,912206
158310,2018-03-21,16139,19053,15094,18069,991814
158310,2018-03-22,18069,20902,17486,19195,800202
158310,2018-03-23,19455,20099,18671,18793,513966
158310,2018-03-26,18290,19697,18229,19094,250083
158310,2018-03-27,19114,20099,18832,19737,405751
158310,2018-03-28,19395,19797,18913,18994,261517
158310,2018-03-29,19013,19998,18671,19456,290752
158310,2018-03-30,19496,19797,18993,19375,215932
158310,2018-04-02,19797,21505,19315,20903,600940
158310,2018-04-03,20400,21907,20058,20802,354661
158310,2018-04-04,20802,21505,20058,20300,354814
158310,2018-04-05,20601,26329,20300,26330,4041316
158310,2018-04-06,25827,27133,23314,23817,1842324
158310,2018-04-09,23716,25023,23113,24420,836888
158310,2018-04-10,24319,25023,23113,24822,516085
158310,2018-04-11,25626,27837,25324,25626,1285880
158310,2018-04-12,26128,26530,23917,24722,443370
158310,2018-04-13,24018,27435,23917,25827,765672
158310,2018-04-16,26329,29143,25726,26933,836149
158310,2018-04-17,27736,28239,26631,27837,500397
158310,2018-04-18,28942,29746,25224,26229,648738
158310,2018-04-19,25827,25927,23314,24621,332945
158310,2018-04-20,24621,25425,23314,24923,180761
158310,2018-04-23,24520,25927,23415,25626,265705
158310,2018-04-24,25224,26932,24922,26129,215117
158310,2018-04-25,27133,27736,25927,27737,366171
158310,2018-04-26,28239,28440,26530,26732,257298
158310,2018-04-27,26832,26832,24219,25425,300170
158310,2018-04-30,25023,28942,23415,24822,702638
158310,2018-05-02,22510,25324,21807,24420,497672
158310,2018-05-03,24420,25224,24018,24621,206822
158310,2018-05-04,24520,26229,24319,25928,285300
158310,2018-05-08,27736,27937,23716,23817,331432
158310,2018-05-09,24118,25123,22108,24320,235426
158310,2018-05-10,24219,24520,23013,23415,129078
158310,2018-05-11,23415,24822,23214,23717,120329
158310,2018-05-14,23415,23716,21606,22008,207759
158310,2018-05-15,21807,22711,20902,22611,258207
158310,2018-05-16,21807,22812,21204,21807,108826
158310,2018-05-17,22309,22711,21405,22109,81014
158310,2018-05-18,22108,22812,21606,22310,105452
158310,2018-05-21,22510,22812,21907,22611,67261
158310,2018-05-23,22410,22611,20300,20601,157114
158310,2018-05-24,20601,20601,18350,18692,303813
158310,2018-05-25,18651,18872,17928,17928,134806
158310,2018-05-28,17847,17847,16883,17567,285970
158310,2018-05-29,17566,17908,16863,17526,140148
158310,2018-05-30,17546,17747,17164,17466,72819
158310,2018-05-31,17466,17466,16722,16883,74463
158310,2018-06-01,16682,17687,16541,17144,148875
158310,2018-06-04,17144,17325,15777,15878,119734
158310,2018-06-05,16139,17265,16119,16541,185338
158310,2018-06-07,16561,16943,16380,16742,97977
158310,2018-06-08,17084,18531,16641,18029,330364
158310,2018-06-11,18028,18913,17667,18913,187241
158310,2018-06-12,19214,22410,19053,21707,708010
158310,2018-06-14,21003,21304,18370,21003,331311
158310,2018-06-15,20802,21304,20038,20400,78099
158310,2018-06-18,20099,20500,18531,19295,70173
158310,2018-06-19,20018,22008,19094,19798,258035
158310,2018-06-20,19697,20500,18692,19295,119383
158310,2018-06-21,19496,20300,18852,19154,105545
158310,2018-06-22,19154,19355,18370,19154,66985
158310,2018-06-25,19114,19737,18852,19556,80784
158310,2018-06-26,19295,19475,18692,19275,50014
158310,2018-06-27,19274,19435,17988,17989,70340
158310,2018-06-28,18852,18852,17425,18109,53261
158310,2018-06-29,17506,19013,17445,18893,88293
158310,2018-07-02,18893,19797,17747,18190,71506
158310,2018-07-03,18209,18591,16561,17024,132627
158310,2018-07-04,16883,18390,16280,18370,106881
158310,2018-07-05,18390,19717,13285,13346,941855
158310,2018-07-06,13446,13607,11717,12401,626126
158310,2018-07-09,12722,12722,11958,11959,177068
158310,2018-07-10,11999,12119,9325,10050,2828315
158310,2018-07-11,10049,10612,9677,9909,830219
158310,2018-07-12,10039,10391,9858,9859,378122
158310,2018-07-13,9697,9949,9305,9818,462361
158310,2018-07-16,9567,9717,8743,8934,684078
158310,2018-07-17,8934,9366,8934,9195,402190
158310,2018-07-18,9044,9155,8421,8522,502814
158310,2018-07-19,8532,8622,7034,7437,1044485
158310,2018-07-20,7517,7607,6803,6884,454981
158310,2018-07-23,6893,7537,6672,6723,482602
158310,2018-07-24,6833,7185,6672,6834,262940
158310,2018-07-25,6883,7537,6833,6894,530621
158310,2018-07-26,7054,7517,7034,7497,388302
158310,2018-07-27,7336,7697,7245,7467,218430
158310,2018-07-30,7426,7486,7155,7205,130825
158310,2018-07-31,7195,7225,6944,7035,122359
158310,2018-08-01,7034,7205,7034,7195,91195
158310,2018-08-02,7175,7185,6833,6924,112197
158310,2018-08-03,6934,7115,6853,6964,133620
158310,2018-08-06,7135,7838,7054,7175,326501
158310,2018-08-07,7245,7316,6944,7105,89553
158310,2018-08-08,0,0,0,7105,0
158310,2018-08-09,6833,6853,6301,6331,334777
158310,2018-08-10,6230,6602,6190,6442,126805
158310,2018-08-13,6441,6512,6069,6090,134067
158310,2018-08-14,6130,6532,6100,6261,145527
158310,2018-08-16,6371,6451,6130,6331,78492
158310,2018-08-17,6351,6481,6230,6301,78605
158310,2018-08-20,6321,6632,6301,6442,81727
158310,2018-08-21,6391,6572,6331,6532,76378
158310,2018-08-22,6451,6602,6421,6552,82912
158310,2018-08-23,6532,6552,6290,6402,83959
158310,2018-08-24,6391,6532,6190,6432,146687
158310,2018-08-27,6481,6733,6280,6291,107628
158310,2018-08-28,6351,6873,6331,6482,282284
158310,2018-08-29,6471,6502,6371,6422,53698
158310,2018-08-30,6431,6572,6331,6391,68819
158310,2018-08-31,6441,6481,6311,6391,42886
158310,2018-09-03,6431,6622,6341,6492,98690
158310,2018-09-04,6491,6692,6441,6462,125609
158310,2018-09-05,6461,6974,6381,6683,357257
158310,2018-09-06,6873,6914,6572,6633,206319
158310,2018-09-07,6662,6863,6542,6592,205393
158310,2018-09-10,6592,6592,6019,6130,269257
158310,2018-09-11,6059,6090,5889,5979,144106
158310,2018-09-12,5949,6090,5949,6050,91735
158310,2018-09-13,6049,6049,5889,5929,124060
158310,2018-09-14,5688,5758,5547,5638,211581
158310,2018-09-17,5698,5718,5406,5427,138802
158310,2018-09-18,5426,5527,5286,5477,116093
158310,2018-09-19,5517,5517,5064,5095,146012
158310,2018-09-20,5125,6622,5095,6623,2629562
158310,2018-09-21,7235,8441,6652,7185,5719608
158310,2018-09-27,7004,7155,6723,7155,844238
158310,2018-09-28,7064,7215,6210,6351,708003
158310,2018-10-01,6301,6301,5818,5949,323735
158310,2018-10-02,5979,7728,5949,7728,3148580
158310,2018-10-04,7838,9265,7265,7638,4623119
158310,2018-10-05,6893,7255,6793,6924,945065
158310,2018-10-08,6813,7034,6481,7035,433761
158310,2018-10-10,7567,9145,7567,9145,5899639
158310,2018-10-11,9426,10250,7517,7829,6293012
158310,2018-10-12,8039,10009,7898,9246,6659658
158310,2018-10-15,9145,10491,8833,9899,3809207
158310,2018-10-16,9888,10732,9597,10070,2015589
158310,2018-10-17,10129,10230,8823,9557,1667674
158310,2018-10-18,9456,9456,8783,8944,749669
158310,2018-10-19,8612,9547,8280,9115,1508002
158310,2018-10-22,8863,9587,8702,9266,725700
158310,2018-10-23,9325,10632,8923,9256,3288715
158310,2018-10-24,9446,10069,8944,9004,1463999
158310,2018-10-25,8944,9255,8521,8994,481594
158310,2018-10-26,9165,9235,7788,7939,494246
158310,2018-10-29,7637,7919,5657,5979,886758
158310,2018-10-30,5587,7165,5587,6582,1502869
158310,2018-10-31,6351,6833,6140,6814,488200
158310,2018-11-01,7054,8552,6783,7989,1813611
158310,2018-11-02,9094,9547,8662,8683,1436418
158310,2018-11-05,8843,8843,8250,8391,318944
158310,2018-11-06,8582,8582,8009,8180,300139
158310,2018-11-07,8240,9768,8180,9276,3269608
158310,2018-11-08,9486,9848,9044,9447,1291703
158310,2018-11-09,9446,9587,8843,9487,528449
158310,2018-11-12,9255,9486,9104,9145,259155
158310,2018-11-13,8743,9697,8532,9356,635575
158310,2018-11-14,9335,9486,8944,8944,313572
158310,2018-11-15,8944,9135,8441,8643,289914
158310,2018-11-16,8733,9124,8562,8582,360937
158310,2018-11-19,8642,8803,8491,8673,234692
158310,2018-11-20,8521,8662,7898,8170,286847
158310,2018-11-21,8170,8170,7768,8040,154312
158310,2018-11-22,8140,8160,7346,7376,360500
158310,2018-11-23,6873,7818,6793,7296,574743
158310,2018-11-26,7215,7748,7044,7577,278691
158310,2018-11-27,7567,7738,6994,7035,287382
158310,2018-11-28,6883,7225,6632,6713,324618
158310,2018-11-29,6853,6853,6230,6482,429405
158310,2018-11-30,6441,6763,6150,6341,225541
158310,2018-12-03,6411,6873,6331,6663,312866
158310,2018-12-04,6853,6853,6451,6572,118711
158310,2018-12-05,6441,6813,6331,6472,113206
158310,2018-12-06,6502,6562,5959,6030,203702
158310,2018-12-07,5044,7657,5044,6763,1916817
158310,2018-12-10,6692,7225,6652,6984,444139
158310,2018-12-11,7044,7165,6532,6532,121857
158310,2018-12-12,6632,6974,6200,6391,211916
158310,2018-12-13,6491,6522,6100,6251,161079
158310,2018-12-14,6260,6431,6009,6040,133442
158310,2018-12-17,6130,6180,5607,5869,109946
158310,2018-12-18,5868,6090,5627,5748,160929
158310,2018-12-19,5748,5828,5627,5708,94115
158310,2018-12-20,5627,6180,5456,5708,166937
158310,2018-12-21,5657,5889,5647,5789,93153
158310,2018-12-24,5949,6009,5577,5728,113075
158310,2018-12-26,5527,5587,5255,5387,139224
158310,2018-12-27,5627,5627,5346,5366,57331
158310,2018-12-28,5386,5577,5376,5437,54813
158310,2019-01-02,5627,5627,5185,5427,70337
158310,2019-01-03,5517,5517,5286,5376,54081
158310,2019-01-04,5376,5386,5105,5366,88000
158310,2019-01-07,5366,5567,5346,5457,75817
158310,2019-01-08,5476,6471,5446,5819,899878
158310,2019-01-09,5838,5909,5567,5889,132863
158310,2019-01-10,5909,5929,5708,5738,113322
158310,2019-01-11,5848,5848,5507,5608,98860
158310,2019-01-14,5617,5647,5225,5407,69850
158310,2019-01-15,5446,5567,5366,5417,69153
158310,2019-01-16,5416,5517,5326,5417,63711
158310,2019-01-17,5627,6552,5416,5457,1027330
158310,2019-01-18,5507,5577,5356,5376,208248
158310,2019-01-21,5476,5537,5386,5427,108720
158310,2019-01-22,5456,5999,5356,5688,419263
158310,2019-01-23,5758,6481,5728,6010,1010225
158310,2019-01-24,5959,5989,5738,5899,147783
158310,2019-01-25,5858,5889,5758,5799,79619
158310,2019-01-28,5788,5969,5677,5919,104668
158310,2019-01-29,5929,5979,5637,5638,105616
158310,2019-01-30,5647,5708,5466,5567,120801
158310,2019-01-31,5617,5617,5406,5457,103519
158310,2019-02-01,5456,5677,5366,5457,94629
158310,2019-02-07,5607,5607,5115,5236,222849
158310,2019-02-08,5235,5366,5185,5196,119775
158310,2019-02-11,5235,5286,5014,5125,108038
158310,2019-02-12,5195,5416,5125,5125,102198
158310,2019-02-13,5145,5195,4632,4703,338362
158310,2019-02-14,4753,4934,4673,4743,158400
158310,2019-02-15,4863,4863,4622,4663,112006
158310,2019-02-18,4703,5245,4662,4924,306950
158310,2019-02-19,4924,5024,4843,4985,83189
158310,2019-02-20,4984,5497,4984,5226,531383
158310,2019-02-21,5225,5275,5024,5075,134507
158310,2019-02-22,5115,5205,4823,4854,134898
158310,2019-02-25,4853,5004,4642,4854,38618
158310,2019-02-26,4813,4894,4733,4733,54615
158310,2019-02-27,4733,4853,4693,4844,47641
158310,2019-02-28,4863,4924,4421,4703,73313
158310,2019-03-04,4703,4894,4622,4713,46547
158310,2019-03-05,4713,4763,4441,4763,178806
158310,2019-03-06,5004,5004,4713,4713,90148
158310,2019-03-07,4713,4753,4522,4683,54669
158310,2019-03-08,4532,4673,4512,4573,37832
158310,2019-03-11,4572,5306,4572,4924,1007386
158310,2019-03-12,4853,5024,4582,4623,237514
158310,2019-03-13,4662,4723,4421,4432,182926
158310,2019-03-14,4472,4582,4421,4442,71232
158310,2019-03-15,4441,4482,4210,4241,144607
158310,2019-03-18,4401,4522,4240,4512,122880
158310,2019-03-19,4492,4502,4311,4361,90998
158310,2019-03-20,4341,4351,3658,3769,469968
158310,2019-03-21,3688,3738,3105,3135,888870
158310,2019-03-22,2783,4070,2663,4070,1758202
158310,2019-03-25,4301,4723,3668,3970,884615
158310,2019-03-26,3859,4210,3185,3326,940735
158310,2019-03-27,3457,4321,3396,4321,2556280
158310,2019-03-28,4371,5587,4080,5175,3675113
158310,2019-03-29,5587,5999,4974,5226,2573000
158310,2019-04-01,6130,6230,5657,5869,2019334
158310,2019-04-02,5627,5657,5175,5246,956430
158310,2019-04-03,5255,5878,5095,5527,1114705
158310,2019-04-04,5406,5818,5336,5527,394397
158310,2019-04-05,5426,5788,5296,5387,290577
158310,2019-04-08,5346,5647,5306,5387,150909
158310,2019-04-09,5366,5567,5316,5397,118290
158310,2019-04-10,5426,5959,5376,5648,720141
158310,2019-04-11,5688,5919,5607,5919,366887
158310,2019-04-12,6170,6783,6150,6492,749143
158310,2019-04-15,6471,6491,6029,6110,365704
158310,2019-04-16,6110,6612,5647,6331,328707
158310,2019-04-17,5989,6210,5828,6070,296965
158310,2019-04-18,6260,6260,5828,5839,194652
158310,2019-04-19,5838,6009,5828,6010,182172
158310,2019-04-22,6029,7346,6029,7055,1562567
158310,2019-04-23,7074,8230,6914,7437,1892606
158310,2019-04-24,7878,8039,7255,7678,965972
158310,2019-04-25,7677,7687,7054,7055,286481
158310,2019-04-26,6532,6703,5838,6231,1519544
158310,2019-04-29,6230,6431,6059,6170,256157
158310,2019-04-30,6170,6773,6170,6482,547815
158310,2019-05-02,5527,6431,5346,6331,568162
158310,2019-05-03,6230,6230,5758,6000,321854
158310,2019-05-07,5969,6069,5386,5417,292711
158310,2019-05-08,5326,5396,4944,4954,536806
158310,2019-05-09,4984,5356,4894,5065,254299
158310,2019-05-10,5024,5225,4884,5035,110391
158310,2019-05-13,5054,5165,4662,4964,192747
158310,2019-05-14,4723,4994,4542,4995,112456
158310,2019-05-15,4994,5426,4502,4985,516208
158310,2019-05-16,4984,5064,4612,4954,216884
158310,2019-05-17,5165,5416,4843,5226,429222
158310,2019-05-20,5245,5346,4853,5316,251516
158310,2019-05-21,5316,5527,5125,5336,222008
158310,2019-05-22,5446,5446,5155,5346,168490
158310,2019-05-23,5245,5376,4924,4924,84493
158310,2019-05-24,4924,5265,4763,5045,178865
158310,2019-05-27,4884,5044,4884,5035,97656
158310,2019-05-28,5034,5054,4833,5055,93297
158310,2019-05-29,5044,5205,4863,5045,89763
158310,2019-05-30,4944,5024,4833,5015,158423
158310,2019-05-31,5004,5024,4562,4884,160996
158310,2019-06-03,4884,4894,4482,4653,325408
158310,2019-06-04,4662,5245,3999,4663,956042
158310,2019-06-05,4642,4703,4522,4593,69173
158310,2019-06-07,4512,4592,4431,4432,42787
158310,2019-06-10,4421,4542,4401,4482,25134
158310,2019-06-11,4482,4632,4321,4512,76873
158310,2019-06-12,4512,4582,4281,4502,137008
158310,2019-06-13,4502,4512,4321,4512,143687
158310,2019-06-14,4723,5507,4361,5025,1037561
158310,2019-06-17,4863,4954,4693,4854,124069
158310,2019-06-18,4793,4823,4632,4653,92533
158310,2019-06-19,4652,4723,4522,4633,77895
158310,2019-06-20,4652,5004,4542,4874,108235
158310,2019-06-21,4934,4934,4662,4763,65217
158310,2019-06-24,4743,5205,4693,4874,150333
158310,2019-06-25,4874,5225,4874,5035,112675
158310,2019-06-26,5034,5537,4924,5135,288134
158310,2019-06-27,5205,5406,5085,5206,89647
158310,2019-06-28,5215,5647,5205,5316,242885
158310,2019-07-01,4894,5406,4652,5145,111345
158310,2019-07-02,5135,5446,4904,4975,113013
158310,2019-07-03,4904,5376,4904,5326,99325
158310,2019-07-04,5607,6130,5225,5246,389667
158310,2019-07-05,5245,5637,5245,5497,180891
158310,2019-07-08,5647,5808,5286,5427,107132
158310,2019-07-09,5476,6009,5426,5618,302775
158310,2019-07-10,5617,5748,5286,5346,164545
158310,2019-07-11,5396,5557,5145,5447,72759
158310,2019-07-12,5316,5476,5205,5206,79760
158310,2019-07-15,5085,5296,5004,5065,102236
158310,2019-07-16,5014,5185,4662,5025,154215
158310,2019-07-17,5004,5014,4813,4844,49671
158310,2019-07-18,4843,4894,4703,4723,44231
158310,2019-07-19,4723,4904,4662,4723,44714
158310,2019-07-22,4773,4914,4662,4723,31698
158310,2019-07-23,4874,4874,4542,4583,27931
158310,2019-07-24,4572,4632,4180,4241,85970
158310,2019-07-25,4240,4240,3818,4221,115586
158310,2019-07-26,4220,4361,4019,4241,44935
158310,2019-07-29,4220,4371,4140,4231,50541
158310,2019-07-30,4100,4260,4100,4241,40876
158310,2019-07-31,4110,4210,4019,4080,22309
158310,2019-08-01,4019,4260,3929,4100,15801
158310,2019-08-02,3879,4200,3828,3960,21390
158310,2019-08-05,3959,4301,3909,3909,32298
158310,2019-08-06,3658,4009,3658,3929,46603
158310,2019-08-07,3929,4039,3889,3889,11562
158310,2019-08-08,3939,3979,3889,3899,5604
158310,2019-08-09,3859,4190,3859,4020,16775
158310,2019-08-12,4019,4120,3969,4060,26604
158310,2019-08-13,4060,4130,3969,4050,26769
158310,2019-08-14,4049,4291,4009,4040,57204
158310,2019-08-16,3828,3989,3597,3789,66010
158310,2019-08-19,3788,3889,3668,3678,27231
158310,2019-08-20,3678,3798,3607,3779,14539
158310,2019-08-21,3889,3889,3728,3738,4013
158310,2019-08-22,3758,3818,3637,3759,19384
158310,2019-08-23,3668,3778,3637,3638,8829
158310,2019-08-26,3607,3718,3537,3678,25820
158310,2019-08-27,3678,3889,3637,3678,18211
158310,2019-08-28,3678,3718,3597,3608,20984
158310,2019-08-29,3607,3637,3256,3467,53637
158310,2019-08-30,3537,3547,3336,3547,23559
158310,2019-09-02,3547,3889,3517,3708,35564
158310,2019-09-03,3668,4120,3668,3960,94686
158310,2019-09-04,3959,4220,3939,3960,28840
158310,2019-09-05,3959,4120,3818,4120,63809
158310,2019-09-06,4120,5356,4029,4723,432867
158310,2019-09-09,4994,5878,4683,5366,595458
158310,2019-09-10,5376,5527,5296,5366,81240
158310,2019-09-11,5316,6100,5316,5879,334856
158310,2019-09-16,5868,6391,5858,5979,220936
158310,2019-09-17,6009,6160,4884,5125,459605
158310,2019-09-18,5115,5507,4341,4382,545622
158310,2019-09-19,4472,5688,4461,5145,1022975
158310,2019-09-20,5175,6230,5145,5909,742141
158310,2019-09-23,5798,5989,5547,5678,149192
158310,2019-09-24,5677,5677,5105,5286,198175
158310,2019-09-25,5185,5466,5125,5316,103490
158310,2019-09-26,5336,5547,5286,5286,78020
158310,2019-09-27,5286,5406,5135,5366,34071
158310,2019-09-30,5376,5828,4421,5417,216449
158310,2019-10-01,5286,5868,5125,5477,177231
158310,2019-10-02,5627,5627,5225,5407,63872
158310,2019-10-04,5386,6170,5245,6120,385006
158310,2019-10-07,6170,6753,5929,6040,266690
158310,2019-10-08,6039,6622,6039,6402,132766
158310,2019-10-10,6290,6582,5828,6402,180576
158310,2019-10-11,6381,6572,6130,6291,93379
158310,2019-10-14,6421,6431,6009,6241,103780
158310,2019-10-15,6351,6562,6110,6231,124776
158310,2019-10-16,6270,6572,6069,6311,149042
158310,2019-10-17,6411,6411,5989,6040,43609
158310,2019-10-18,5899,6120,5487,5517,159273
158310,2019-10-21,5567,5919,5215,5799,49624
158310,2019-10-22,5708,6110,5708,5929,102848
158310,2019-10-23,5929,6150,5828,5899,49883
158310,2019-10-24,5899,6431,5647,6371,132777
158310,2019-10-25,6371,6994,6371,6964,304871
158310,2019-10-28,7235,7416,6029,6271,275497
158310,2019-10-29,6401,6552,5808,5859,189263
158310,2019-10-30,5868,6260,5728,5778,84144
158310,2019-10-31,5919,6220,5768,6180,73343
158310,2019-11-01,6029,6250,5969,6180,45793
158310,2019-11-04,6290,6290,5708,5879,146287
158310,2019-11-05,5878,6049,5677,5849,48057
158310,2019-11-06,5989,5989,5567,5618,47814
158310,2019-11-07,5828,5828,5527,5758,28883
158310,2019-11-08,5667,5909,5637,5809,35990
158310,2019-11-11,5798,6140,5758,5919,93892
158310,2019-11-12,5929,6140,5748,5899,118034
158310,2019-11-13,5929,6029,5708,5849,52442
158310,2019-11-14,5647,5838,5195,5648,82074
158310,2019-11-15,5647,5758,5446,5698,25309
158310,2019-11-18,5698,6029,5677,5768,76332
158310,2019-11-19,5748,5868,5316,5407,120740
158310,2019-11-20,5507,5507,5054,5155,97326
158310,2019-11-21,5145,6049,5145,5859,238340
158310,2019-11-22,5858,6019,5446,5577,133139
158310,2019-11-25,5607,5778,5336,5397,75674
158310,2019-11-26,5627,5728,5265,5668,123891
158310,2019-11-27,5667,5989,5487,5648,87611
158310,2019-11-28,5647,5768,5356,5537,114323
158310,2019-11-29,5537,5627,5446,5557,9141
158310,2019-12-02,5607,5667,5406,5507,35433
158310,2019-12-03,5487,5607,5346,5497,46641
158310,2019-12-04,5497,5688,5426,5547,18938
158310,2019-12-05,5547,5708,5386,5497,23106
158310,2019-12-06,5497,5919,5366,5859,126009
158310,2019-12-09,5969,5969,5567,5859,67029
158310,2019-12-10,5858,6049,5667,5899,76196
158310,2019-12-11,5899,6160,5768,6050,91296
158310,2019-12-12,6049,6632,5999,6633,306637
158310,2019-12-13,6773,6873,6180,6633,333289
158310,2019-12-16,0,0,0,6633,0
158310,2019-12-17,6833,7476,6049,6613,389290
158310,2019-12-18,6622,6723,6210,6381,126792
158310,2019-12-19,6431,6431,5929,6020,151591
158310,2019-12-20,6019,6160,5768,5829,135396
158310,2019-12-23,5929,5949,5366,5437,142414
158310,2019-12-24,5346,5537,4743,4743,124623
158310,2019-12-26,4743,4843,3537,4221,611130
158310,2019-12-27,4260,4361,3798,3799,157341
158310,2019-12-30,3818,4934,3547,4934,1510258
158310,2020-01-02,5115,5386,4733,4884,1259652
158310,2020-01-03,4944,5326,4843,4944,726530
158310,2020-01-06,4944,5095,4472,4623,221502
158310,2020-01-07,4642,5346,4291,4402,793214
158310,2020-01-08,4401,4451,3627,4020,1021716
158310,2020-01-09,4260,4311,3999,4130,248246
158310,2020-01-10,4361,4843,4230,4784,738824
158310,2020-01-13,4773,5075,4733,4995,340064
158310,2020-01-14,5235,5416,4602,4733,586395
158310,2020-01-15,4843,4843,4612,4703,108390
158310,2020-01-16,4703,4833,4371,4482,146173
158310,2020-01-17,4492,4622,4291,4482,126968
158310,2020-01-20,4472,4502,4301,4392,91163
158310,2020-01-21,4391,4592,4351,4462,64961
158310,2020-01-22,4461,4733,4381,4512,100265
158310,2020-01-23,0,0,0,4512,0
158310,2020-01-28,4240,4381,3818,4171,129044
158310,2020-01-29,4170,4220,4009,4181,41833
158310,2020-01-30,4401,4401,3818,4030,52039
158310,2020-01-31,4019,4060,3859,3859,57596
158310,2020-02-03,3848,3848,3457,3648,72708
158310,2020-02-04,3647,3949,3647,3889,46437
158310,2020-02-05,3889,4080,3708,3759,65516
158310,2020-02-06,3798,3838,3668,3728,55042
158310,2020-02-07,3798,3838,3637,3678,66622
158310,2020-02-10,3668,3728,3587,3708,33674
158310,2020-02-11,3738,3909,3678,3678,40221
158310,2020-02-12,3708,3718,3577,3658,49040
158310,2020-02-13,3698,3698,3517,3537,62664
158310,2020-02-14,3537,3658,3537,3618,43403
158310,2020-02-17,3627,3678,3477,3648,23168
158310,2020-02-18,3647,3899,3647,3718,74839
158310,2020-02-19,3678,3859,3457,3608,89257
158310,2020-02-20,3607,3607,3366,3417,62598
158310,2020-02-21,3457,3517,3185,3196,58811
158310,2020-02-24,3195,3195,2612,2754,239029
158310,2020-02-25,2854,3527,2823,3115,233680
158310,2020-02-26,3024,3276,2934,3015,88631
158310,2020-02-27,3045,3316,2984,3055,122036
158310,2020-02-28,3004,3135,2833,2864,45760
158310,2020-03-02,2864,3004,2803,2874,30200
158310,2020-03-03,2904,3004,2693,2723,113044
158310,2020-03-04,2723,2844,2723,2804,36510
158310,2020-03-05,2803,2894,2421,2613,187731
158310,2020-03-06,2683,2683,2391,2412,139319
158310,2020-03-09,2391,2391,1933,1978,274787
158310,2020-03-10,1883,2003,1716,1871,191417
158310,2020-03-11,1881,1975,1728,1753,156420
158310,2020-03-12,1716,1720,1545,1550,232286
158310,2020-03-13,1306,1386,1085,1355,299366
158310,2020-03-16,1354,1354,948,949,855265
158310,2020-03-17,832,912,771,782,677215
158310,2020-03-18,793,1015,677,1015,3092150
158310,2020-03-19,0,0,0,1015,0
158310,2020-03-20,0,0,0,1015,0
158310,2020-03-23,0,0,0,1015,0
158310,2020-03-24,0,0,0,1015,0
158310,2020-03-25,0,0,0,1015,0
158310,2020-03-26,0,0,0,1015,0
158310,2020-03-27,0,0,0,1015,0
158310,2020-03-30,0,0,0,1015,0
158310,2020-03-31,0,0,0,1015,0
158310,2020-04-01,0,0,0,1015,0
158310,2020-04-02,0,0,0,1015,0
158310,2020-04-03,0,0,0,1015,0
158310,2020-04-06,0,0,0,1015,0
158310,2020-04-07,0,0,0,1015,0
158310,2020-04-08,0,0,0,1015,0
158310,2020-04-09,0,0,0,1015,0
158310,2020-04-10,0,0,0,1015,0
158310,2020-04-13,0,0,0,1015,0
158310,2020-04-14,0,0,0,1015,0
158310,2020-04-16,0,0,0,1015,0
158310,2020-04-17,0,0,0,1015,0
158310,2020-04-20,0,0,0,1015,0
158310,2020-04-21,0,0,0,1015,0
158310,2020-04-22,0,0,0,1015,0
158310,2020-04-23,0,0,0,1015,0
158310,2020-04-24,0,0,0,1015,0
158310,2020-04-27,0,0,0,1015,0
158310,2020-04-28,0,0,0,1015,0
158310,2020-04-29,0,0,0,1015,0
158310,2020-05-04,0,0,0,1015,0
158310,2020-05-06,0,0,0,1015,0
158310,2020-05-07,0,0,0,1015,0
158310,2020-05-08,0,0,0,1015,0
158310,2020-05-11,0,0,0,1015,0
158310,2020-05-12,0,0,0,1015,0
158310,2020-05-13,0,0,0,1015,0
158310,2020-05-14,0,0,0,1015,0
158310,2020-05-15,0,0,0,1015,0
158310,2020-05-18,0,0,0,1015,0
158310,2020-05-19,0,0,0,1015,0
158310,2020-05-20,0,0,0,1015,0
158310,2020-05-21,0,0,0,1015,0
158310,2020-05-22,0,0,0,1015,0
158310,2020-05-25,0,0,0,1015,0
158310,2020-05-26,0,0,0,1015,0
158310,2020-05-27,0,0,0,1015,0
158310,2020-05-28,0,0,0,1015,0
158310,2020-05-29,0,0,0,1015,0
158310,2020-06-01,0,0,0,1015,0
158310,2020-06-02,0,0,0,1015,0
158310,2020-06-03,0,0,0,1015,0
158310,2020-06-04,0,0,0,1015,0
158310,2020-06-05,0,0,0,1015,0
158310,2020-06-08,0,0,0,1015,0
158310,2020-06-09,0,0,0,1015,0
158310,2020-06-10,0,0,0,1015,0
158310,2020-06-11,0,0,0,1015,0
158310,2020-06-12,0,0,0,1015,0
158310,2020-06-15,0,0,0,1015,0
158310,2020-06-16,0,0,0,1015,0
158310,2020-06-17,0,0,0,1015,0
158310,2020-06-18,0,0,0,1015,0
158310,2020-06-19,0,0,0,1015,0
158310,2020-06-22,0,0,0,1015,0
158310,2020-06-23,0,0,0,1015,0
158310,2020-06-24,0,0,0,1015,0
158310,2020-06-25,0,0,0,1015,0
158310,2020-06-26,0,0,0,1015,0
158310,2020-06-29,0,0,0,1015,0
158310,2020-06-30,0,0,0,1015,0
158310,2020-07-01,0,0,0,1015,0
158310,2020-07-02,0,0,0,1015,0
158310,2020-07-03,0,0,0,1015,0
158310,2020-07-06,0,0,0,1015,0
158310,2020-07-07,0,0,0,1015,0
158310,2020-07-08,0,0,0,1015,0
158310,2020-07-09,0,0,0,1015,0
158310,2020-07-10,0,0,0,1015,0
158310,2020-07-13,0,0,0,1015,0
158310,2020-07-14,0,0,0,1015,0
158310,2020-07-15,0,0,0,1015,0
158310,2020-07-16,0,0,0,1015,0
158310,2020-07-17,0,0,0,1015,0
158310,2020-07-20,0,0,0,1015,0
158310,2020-07-21,0,0,0,1015,0
158310,2020-07-22,0,0,0,1015,0
158310,2020-07-23,0,0,0,1015,0
158310,2020-07-24,0,0,0,1015,0
158310,2020-07-27,0,0,0,1015,0
158310,2020-07-28,0,0,0,1015,0
158310,2020-07-29,0,0,0,1015,0
158310,2020-07-30,0,0,0,1015,0
158310,2020-07-31,0,0,0,1015,0
158310,2020-08-03,0,0,0,1015,0
158310,2020-08-04,0,0,0,1015,0
158310,2020-08-05,0,0,0,1015,0
158310,2020-08-06,0,0,0,1015,0
158310,2020-08-07,0,0,0,1015,0
158310,2020-08-10,0,0,0,1015,0
158310,2020-08-11,0,0,0,1015,0
158310,2020-08-12,0,0,0,1015,0
158310,2020-08-13,0,0,0,1015,0
158310,2020-08-14,0,0,0,1015,0
158310,2020-08-18,0,0,0,1015,0
158310,2020-08-19,0,0,0,1015,0
158310,2020-08-20,0,0,0,1015,0
158310,2020-08-21,0,0,0,1015,0
158310,2020-08-24,0,0,0,1015,0
158310,2020-08-25,0,0,0,1015,0
158310,2020-08-26,0,0,0,1015,0
158310,2020-08-27,0,0,0,1015,0
158310,2020-08-28,0,0,0,1015,0
158310,2020-08-31,0,0,0,1015,0
158310,2020-09-01,0,0,0,1015,0
158310,2020-09-02,0,0,0,1015,0
158310,2020-09-03,0,0,0,1015,0
158310,2020-09-04,0,0,0,1015,0
158310,2020-09-07,0,0,0,1015,0
158310,2020-09-08,0,0,0,1015,0
158310,2020-09-09,0,0,0,1015,0
158310,2020-09-10,0,0,0,1015,0
158310,2020-09-11,0,0,0,1015,0
158310,2020-09-14,0,0,0,1015,0
158310,2020-09-15,0,0,0,1015,0
158310,2020-09-16,0,0,0,1015,0
158310,2020-09-17,0,0,0,1015,0
158310,2020-09-18,0,0,0,1015,0
158310,2020-09-21,0,0,0,1015,0
158310,2020-09-22,0,0,0,1015,0
158310,2020-09-23,0,0,0,1015,0
158310,2020-09-24,0,0,0,1015,0
158310,2020-09-25,0,0,0,1015,0
158310,2020-09-28,0,0,0,1015,0
158310,2020-09-29,0,0,0,1015,0
158310,2020-10-05,0,0,0,1015,0
158310,2020-10-06,0,0,0,1015,0
158310,2020-10-07,0,0,0,1015,0
158310,2020-10-08,0,0,0,1015,0
158310,2020-10-12,0,0,0,1015,0
158310,2020-10-13,0,0,0,1015,0
158310,2020-10-14,0,0,0,1015,0
158310,2020-10-15,0,0,0,1015,0
158310,2020-10-16,0,0,0,1015,0
158310,2020-10-19,0,0,0,1015,0
158310,2020-10-20,0,0,0,1015,0
158310,2020-10-21,0,0,0,1015,0
158310,2020-10-22,0,0,0,1015,0
158310,2020-10-23,0,0,0,1015,0
158310,2020-10-26,0,0,0,1015,0
158310,2020-10-27,0,0,0,1015,0
158310,2020-10-28,0,0,0,1015,0
158310,2020-10-29,0,0,0,1015,0
158310,2020-10-30,0,0,0,1015,0
158310,2020-11-02,0,0,0,1015,0
158310,2020-11-03,0,0,0,1015,0
158310,2020-11-04,0,0,0,1015,0
158310,2020-11-05,0,0,0,1015,0
158310,2020-11-06,0,0,0,1015,0
158310,2020-11-09,0,0,0,1015,0
158310,2020-11-10,0,0,0,1015,0
158310,2020-11-11,0,0,0,1015,0
158310,2020-11-12,0,0,0,1015,0
158310,2020-11-13,0,0,0,1015,0
158310,2020-11-16,0,0,0,1015,0
158310,2020-11-17,0,0,0,1015,0
158310,2020-11-18,0,0,0,1015,0
158310,2020-11-19,0,0,0,1015,0
158310,2020-11-20,0,0,0,1015,0
158310,2020-11-23,0,0,0,1015,0
158310,2020-11-24,0,0,0,1015,0
158310,2020-11-25,0,0,0,1015,0
158310,2020-11-26,0,0,0,1015,0
158310,2020-11-27,0,0,0,1015,0
158310,2020-11-30,0,0,0,1015,0
158310,2020-12-01,0,0,0,1015,0
158310,2020-12-02,0,0,0,1015,0
158310,2020-12-03,0,0,0,1015,0
158310,2020-12-04,0,0,0,1015,0
158310,2020-12-07,0,0,0,1015,0
158310,2020-12-08,0,0,0,1015,0
158310,2020-12-09,0,0,0,1015,0
158310,2020-12-10,0,0,0,1015,0
158310,2020-12-11,0,0,0,1015,0
158310,2020-12-14,0,0,0,1015,0
158310,2020-12-15,0,0,0,1015,0
158310,2020-12-16,0,0,0,1015,0
158310,2020-12-17,0,0,0,1015,0
158310,2020-12-18,0,0,0,1015,0
158310,2020-12-21,0,0,0,1015,0
158310,2020-12-22,0,0,0,1015,0
158310,2020-12-23,0,0,0,1015,0
158310,2020-12-24,0,0,0,1015,0
158310,2020-12-28,0,0,0,1015,0
158310,2020-12-29,0,0,0,1015,0
158310,2020-12-30,0,0,0,1015,0
158310,2021-01-04,0,0,0,1015,0
158310,2021-01-05,0,0,0,1015,0
158310,2021-01-06,0,0,0,1015,0
158310,2021-01-07,0,0,0,1015,0
158310,2021-01-08,0,0,0,1015,0
158310,2021-01-11,0,0,0,1015,0
158310,2021-01-12,0,0,0,1015,0
158310,2021-01-13,0,0,0,1015,0
158310,2021-01-14,0,0,0,1015,0
158310,2021-01-15,0,0,0,1015,0
158310,2021-01-18,0,0,0,1015,0
158310,2021-01-19,0,0,0,1015,0
158310,2021-01-20,0,0,0,1015,0
158310,2021-01-21,0,0,0,1015,0
158310,2021-01-22,0,0,0,1015,0
158310,2021-01-25,0,0,0,1015,0
158310,2021-01-26,0,0,0,1015,0
158310,2021-01-27,0,0,0,1015,0
158310,2021-01-28,0,0,0,1015,0
158310,2021-01-29,0,0,0,1015,0
158310,2021-02-01,0,0,0,1015,0
158310,2021-02-02,0,0,0,1015,0
158310,2021-02-03,0,0,0,1015,0
158310,2021-02-04,0,0,0,1015,0
158310,2021-02-05,0,0,0,1015,0
158310,2021-02-08,0,0,0,1015,0
158310,2021-02-09,0,0,0,1015,0
158310,2021-02-10,0,0,0,1015,0
158310,2021-02-15,0,0,0,1015,0
158310,2021-02-16,0,0,0,1015,0
158310,2021-02-17,0,0,0,1015,0
158310,2021-02-18,0,0,0,1015,0
158310,2021-02-19,0,0,0,1015,0
158310,2021-02-22,0,0,0,1015,0
158310,2021-02-23,0,0,0,1015,0
158310,2021-02-24,0,0,0,1015,0
158310,2021-02-25,0,0,0,1015,0
158310,2021-02-26,0,0,0,1015,0
158310,2021-03-02,0,0,0,1015,0
158310,2021-03-03,0,0,0,1015,0
158310,2021-03-04,0,0,0,1015,0
158310,2021-03-05,0,0,0,1015,0
158310,2021-03-08,0,0,0,1015,0
158310,2021-03-09,0,0,0,1015,0
158310,2021-03-10,0,0,0,1015,0
158310,2021-03-11,0,0,0,1015,0
158310,2021-03-12,0,0,0,1015,0
158310,2021-03-15,0,0,0,1015,0
158310,2021-03-16,0,0,0,1015,0
158310,2021-03-17,0,0,0,1015,0
158310,2021-03-18,0,0,0,1015,0
158310,2021-03-19,0,0,0,1015,0
158310,2021-03-22,0,0,0,1015,0
158310,2021-03-23,0,0,0,1015,0
158310,2021-03-24,0,0,0,1015,0
158310,2021-03-25,0,0,0,1015,0
158310,2021-03-26,0,0,0,1015,0
158310,2021-03-29,0,0,0,1015,0
158310,2021-03-30,0,0,0,1015,0
158310,2021-03-31,0,0,0,1015,0
158310,2021-04-01,0,0,0,1015,0
158310,2021-04-02,0,0,0,1015,0
158310,2021-04-05,0,0,0,1015,0
158310,2021-04-06,0,0,0,1015,0
158310,2021-04-07,0,0,0,1015,0
158310,2021-04-08,0,0,0,1015,0
158310,2021-04-09,0,0,0,1015,0
158310,2021-04-12,0,0,0,1015,0
158310,2021-04-13,0,0,0,1015,0
158310,2021-04-14,0,0,0,1015,0
158310,2021-04-15,0,0,0,1015,0
158310,2021-04-16,0,0,0,1015,0
158310,2021-04-19,0,0,0,1015,0
158310,2021-04-20,0,0,0,1015,0
158310,2021-04-21,0,0,0,1015,0
158310,2021-04-22,0,0,0,1015,0
158310,2021-04-23,0,0,0,1015,0
158310,2021-04-26,0,0,0,1015,0
158310,2021-04-27,0,0,0,1015,0
158310,2021-04-28,0,0,0,1015,0
158310,2021-04-29,0,0,0,1015,0
158310,2021-04-30,0,0,0,1015,0
158310,2021-05-03,0,0,0,1015,0
158310,2021-05-04,0,0,0,1015,0
158310,2021-05-06,0,0,0,1015,0
158310,2021-05-07,0,0,0,1015,0
158310,2021-05-10,0,0,0,1015,0
158310,2021-05-11,0,0,0,1015,0
158310,2021-05-12,0,0,0,1015,0
158310,2021-05-13,0,0,0,1015,0
158310,2021-05-14,0,0,0,1015,0
158310,2021-05-17,0,0,0,1015,0
158310,2021-05-18,0,0,0,1015,0
158310,2021-05-20,0,0,0,1015,0
158310,2021-05-21,0,0,0,1015,0
158310,2021-05-24,0,0,0,1015,0
158310,2021-05-25,0,0,0,1015,0
158310,2021-05-26,0,0,0,1015,0
158310,2021-05-27,0,0,0,1015,0
158310,2021-05-28,0,0,0,1015,0
158310,2021-05-31,0,0,0,1015,0
158310,2021-06-01,0,0,0,1015,0
158310,2021-06-02,0,0,0,1015,0
158310,2021-06-03,0,0,0,1015,0
158310,2021-06-04,0,0,0,1015,0
158310,2021-06-07,0,0,0,1015,0
158310,2021-06-08,0,0,0,1015,0
158310,2021-06-09,0,0,0,1015,0
158310,2021-06-10,0,0,0,1015,0
158310,2021-06-11,0,0,0,1015,0
158310,2021-06-14,0,0,0,1015,0
158310,2021-06-15,0,0,0,1015,0
158310,2021-06-16,0,0,0,1015,0
158310,2021-06-17,0,0,0,1015,0
158310,2021-06-18,0,0,0,1015,0
158310,2021-06-21,0,0,0,1015,0
158310,2021-06-22,0,0,0,1015,0
158310,2021-06-23,0,0,0,1015,0
158310,2021-06-24,0,0,0,1015,0
158310,2021-06-25,0,0,0,1015,0
158310,2021-06-28,0,0,0,1015,0
158310,2021-06-29,0,0,0,1015,0
158310,2021-06-30,0,0,0,1015,0
158310,2021-07-01,0,0,0,1015,0
158310,2021-07-02,0,0,0,1015,0
158310,2021-07-05,0,0,0,1015,0
158310,2021-07-06,0,0,0,1015,0
158310,2021-07-07,0,0,0,1015,0
158310,2021-07-08,0,0,0,1015,0
158310,2021-07-09,0,0,0,1015,0
158310,2021-07-12,0,0,0,1015,0
158310,2021-07-13,0,0,0,1015,0
158310,2021-07-14,0,0,0,1015,0
158310,2021-07-15,0,0,0,1015,0
158310,2021-07-16,0,0,0,1015,0
158310,2021-07-19,0,0,0,1015,0
158310,2021-07-20,0,0,0,1015,0
158310,2021-07-21,0,0,0,1015,0
158310,2021-07-22,0,0,0,1015,0
158310,2021-07-23,0,0,0,1015,0
158310,2021-07-26,0,0,0,1015,0
158310,2021-07-27,0,0,0,1015,0
158310,2021-07-28,0,0,0,1015,0
158310,2021-07-29,0,0,0,1015,0
158310,2021-07-30,0,0,0,1015,0
158310,2021-08-02,0,0,0,1015,0
158310,2021-08-03,0,0,0,1015,0
158310,2021-08-04,0,0,0,1015,0
158310,2021-08-05,0,0,0,1015,0
158310,2021-08-06,0,0,0,1015,0
158310,2021-08-09,0,0,0,1015,0
158310,2021-08-10,0,0,0,1015,0
158310,2021-08-11,0,0,0,1015,0
158310,2021-08-12,0,0,0,1015,0
158310,2021-08-13,0,0,0,1015,0
158310,2021-08-17,0,0,0,1015,0
158310,2021-08-18,0,0,0,1015,0
158310,2021-08-19,0,0,0,1015,0
158310,2021-08-20,0,0,0,1015,0
158310,2021-08-23,0,0,0,1015,0
158310,2021-08-24,0,0,0,1015,0
158310,2021-08-25,0,0,0,1015,0
158310,2021-08-26,0,0,0,1015,0
158310,2021-08-27,0,0,0,1015,0
158310,2021-08-30,0,0,0,1015,0
158310,2021-08-31,0,0,0,1015,0
158310,2021-09-01,0,0,0,1015,0
158310,2021-09-02,0,0,0,1015,0
158310,2021-09-03,0,0,0,1015,0
158310,2021-09-06,0,0,0,1015,0
158310,2021-09-07,0,0,0,1015,0
158310,2021-09-08,0,0,0,1015,0
158310,2021-09-09,0,0,0,1015,0
158310,2021-09-10,0,0,0,1015,0
158310,2021-09-13,0,0,0,1015,0
158310,2021-09-14,0,0,0,1015,0
158310,2021-09-15,0,0,0,1015,0
158310,2021-09-16,0,0,0,1015,0
158310,2021-09-17,0,0,0,1015,0
158310,2021-09-23,0,0,0,1015,0
158310,2021-09-24,0,0,0,1015,0
158310,2021-09-27,0,0,0,1015,0
158310,2021-09-28,0,0,0,1015,0
158310,2021-09-29,0,0,0,1015,0
158310,2021-09-30,0,0,0,1015,0
158310,2021-10-01,0,0,0,1015,0
158310,2021-10-05,0,0,0,1015,0
