Symbol,Date,Open,High,Low,Close,Volume
026960,1996-07-01,473,473,473,474,0
026960,1996-07-02,352,352,352,352,0
026960,1996-07-03,334,334,334,335,500
026960,1996-07-04,318,318,318,318,100
026960,1996-07-05,334,334,334,335,0
026960,1996-07-06,318,318,318,318,100
026960,1996-07-08,334,334,334,335,0
026960,1996-07-09,352,352,352,352,100
026960,1996-07-10,368,368,368,369,0
026960,1996-07-11,385,385,385,386,0
026960,1996-07-12,401,401,401,403,0
026960,1996-07-13,385,385,385,386,10
026960,1996-07-15,401,401,401,403,0
026960,1996-07-16,419,419,419,420,100
026960,1996-07-18,437,437,437,437,0
026960,1996-07-19,461,461,461,462,0
026960,1996-07-20,486,486,486,487,0
026960,1996-07-22,512,512,512,513,0
026960,1996-07-23,538,538,538,539,0
026960,1996-07-24,564,564,564,564,0
026960,1996-07-25,564,564,564,564,0
026960,1996-07-26,538,538,538,539,10
026960,1996-07-27,538,538,538,539,0
026960,1996-07-29,538,538,538,539,0
026960,1996-07-30,538,538,538,539,0
026960,1996-07-31,538,538,538,539,0
026960,1996-08-01,564,564,564,564,0
026960,1996-08-02,589,589,589,589,0
026960,1996-08-03,613,613,613,615,0
026960,1996-08-05,589,589,589,589,10
026960,1996-08-06,564,564,564,564,10
026960,1996-08-07,589,589,589,589,0
026960,1996-08-08,564,564,564,564,10
026960,1996-08-09,538,538,538,539,1000
026960,1996-08-10,518,518,518,519,15000
026960,1996-08-12,530,530,530,530,8000
026960,1996-08-13,530,530,530,530,0
026960,1996-08-14,555,555,555,555,0
026960,1996-08-16,580,580,580,581,0
026960,1996-08-17,605,605,605,606,0
026960,1996-08-19,631,631,631,632,0
026960,1996-08-20,657,657,657,657,0
026960,1996-08-21,688,688,688,689,0
026960,1996-08-22,720,720,720,721,0
026960,1996-08-23,752,752,752,752,0
026960,1996-08-24,783,783,783,784,0
026960,1996-08-26,815,815,815,816,0
026960,1996-08-27,847,847,847,848,0
026960,1996-08-28,847,847,847,848,0
026960,1996-08-29,847,847,847,848,0
026960,1996-08-30,847,847,847,848,0
026960,1996-08-31,884,884,884,885,0
026960,1996-09-02,920,920,920,921,0
026960,1996-09-03,957,957,957,958,0
026960,1996-09-04,920,920,920,921,500
026960,1996-09-05,920,920,920,921,0
026960,1996-09-06,920,920,920,921,0
026960,1996-09-07,920,920,920,921,0
026960,1996-09-09,920,920,920,921,0
026960,1996-09-10,920,920,920,921,0
026960,1996-09-11,920,920,920,921,0
026960,1996-09-12,920,920,920,921,0
026960,1996-09-13,920,920,920,921,0
026960,1996-09-14,920,920,920,921,0
026960,1996-09-16,920,920,920,921,0
026960,1996-09-17,920,920,920,921,0
026960,1996-09-18,920,920,920,921,0
026960,1996-09-19,920,920,920,921,0
026960,1996-09-20,884,884,884,885,1000
026960,1996-09-21,847,847,847,848,100
026960,1996-09-23,847,847,847,848,0
026960,1996-09-24,832,832,832,833,10000
026960,1996-09-25,832,832,832,833,0
026960,1996-09-30,832,832,832,833,0
026960,1996-10-01,832,832,832,833,0
026960,1996-10-02,832,832,832,833,0
026960,1996-10-04,832,832,832,833,0
026960,1996-10-05,832,832,832,833,0
026960,1996-10-07,832,832,832,833,0
026960,1996-10-08,832,832,832,833,0
026960,1996-10-09,796,796,796,796,0
026960,1996-10-10,759,759,759,759,0
026960,1996-10-11,722,722,722,723,0
026960,1996-10-12,692,692,692,694,0
026960,1996-10-14,663,663,663,664,0
026960,1996-10-15,634,634,634,635,0
026960,1996-10-16,605,605,605,605,0
026960,1996-10-17,575,575,575,576,0
026960,1996-10-18,546,546,546,546,0
026960,1996-10-19,546,546,546,546,0
026960,1996-10-21,546,546,546,546,0
026960,1996-10-22,546,546,546,546,0
026960,1996-10-23,546,546,546,546,0
026960,1996-10-24,546,546,546,546,0
026960,1996-10-25,546,546,546,546,0
026960,1996-10-26,546,546,546,546,0
026960,1996-10-28,546,546,546,546,0
026960,1996-10-29,546,546,546,546,0
026960,1996-10-30,546,546,546,546,27400
026960,1996-10-31,546,546,546,546,0
026960,1996-11-01,546,546,546,546,0
026960,1996-11-02,546,546,546,546,0
026960,1996-11-04,546,546,546,546,0
026960,1996-11-05,546,546,546,546,0
026960,1996-11-06,546,546,546,546,0
026960,1996-11-07,546,546,546,546,0
026960,1996-11-08,546,546,546,546,0
026960,1996-11-09,546,546,546,546,0
026960,1996-11-11,546,546,546,546,0
026960,1996-11-12,546,546,546,546,0
026960,1996-11-13,546,546,546,546,0
026960,1996-11-14,546,546,546,546,0
026960,1996-11-15,546,546,546,546,0
026960,1996-11-16,587,587,587,588,0
026960,1996-11-18,634,634,634,635,0
026960,1996-11-19,683,683,683,683,0
026960,1996-11-20,683,683,683,683,0
026960,1996-11-21,683,683,683,683,0
026960,1996-11-22,683,683,683,683,0
026960,1996-11-25,683,683,683,683,0
026960,1996-11-26,683,683,683,683,0
026960,1996-11-27,683,683,683,683,0
026960,1996-11-28,683,683,683,683,0
026960,1996-11-29,710,710,710,710,37400
026960,1996-11-30,710,710,710,710,0
026960,1996-12-02,710,710,710,710,0
026960,1996-12-03,710,710,710,710,0
026960,1996-12-04,710,710,710,710,0
026960,1996-12-05,710,710,710,710,0
026960,1996-12-06,710,710,710,710,0
026960,1996-12-07,710,710,710,710,0
026960,1996-12-09,710,710,710,710,0
026960,1996-12-10,710,710,710,710,0
026960,1996-12-11,710,710,710,710,0
026960,1996-12-12,715,715,715,715,6800
026960,1996-12-13,715,715,715,715,0
026960,1996-12-14,715,715,715,715,0
026960,1996-12-16,715,715,715,715,6800
026960,1996-12-17,715,715,715,715,0
026960,1996-12-18,715,715,715,715,6800
026960,1996-12-19,715,715,715,715,0
026960,1996-12-20,715,715,715,715,6800
026960,1996-12-21,715,715,715,715,0
026960,1996-12-23,715,715,715,715,6800
026960,1996-12-24,715,715,715,715,0
026960,1996-12-26,715,715,715,715,6800
026960,1996-12-27,715,715,715,715,0
026960,1997-01-03,715,715,715,715,0
026960,1997-01-04,715,715,715,715,0
026960,1997-01-06,715,715,715,715,0
026960,1997-01-07,715,715,715,715,0
026960,1997-01-08,715,715,715,715,0
026960,1997-01-09,715,715,715,715,0
026960,1997-01-10,715,715,715,715,0
026960,1997-01-11,715,715,715,715,0
026960,1997-01-13,715,715,715,715,0
026960,1997-01-14,715,715,715,715,0
026960,1997-01-15,715,715,715,715,0
026960,1997-01-16,715,715,715,715,0
026960,1997-01-17,715,715,715,715,0
026960,1997-01-18,715,715,715,715,0
026960,1997-01-20,715,715,715,715,0
026960,1997-01-21,715,715,715,715,0
026960,1997-01-22,658,658,658,658,10
026960,1997-01-23,606,606,606,607,10
026960,1997-01-24,560,560,560,561,80000
026960,1997-01-25,560,560,560,561,0
026960,1997-01-27,560,603,560,604,11000
026960,1997-01-28,603,603,603,604,0
026960,1997-01-29,603,603,603,604,0
026960,1997-01-30,603,603,603,604,0
026960,1997-01-31,603,603,603,604,0
026960,1997-02-01,603,603,603,604,0
026960,1997-02-03,560,560,560,561,0
026960,1997-02-04,560,560,560,561,0
026960,1997-02-05,518,518,518,519,0
026960,1997-02-06,480,480,480,480,0
026960,1997-02-10,451,451,451,452,0
026960,1997-02-11,488,488,488,488,1000
026960,1997-02-12,526,526,526,527,0
026960,1997-02-13,568,568,568,568,0
026960,1997-02-14,611,611,611,612,0
026960,1997-02-15,565,658,565,658,60
026960,1997-02-17,606,658,606,607,990
026960,1997-02-18,560,606,560,607,2000
026960,1997-02-19,560,606,560,607,1050
026960,1997-02-20,606,606,606,607,0
026960,1997-02-21,606,606,606,607,0
026960,1997-02-22,606,606,606,607,0
026960,1997-02-24,606,606,606,607,0
026960,1997-02-25,606,606,606,607,1000
026960,1997-02-26,606,606,606,607,0
026960,1997-02-27,606,606,606,607,1000
026960,1997-02-28,560,560,560,561,1000
026960,1997-03-03,560,560,560,561,0
026960,1997-03-04,560,560,560,561,0
026960,1997-03-05,560,560,560,561,0
026960,1997-03-06,560,560,560,561,0
026960,1997-03-07,560,560,560,561,0
026960,1997-03-08,560,560,560,561,0
026960,1997-03-10,560,560,560,561,0
026960,1997-03-11,560,560,560,561,0
026960,1997-03-12,560,560,560,561,0
026960,1997-03-13,560,560,560,561,0
026960,1997-03-14,560,560,560,561,0
026960,1997-03-15,560,560,560,561,0
026960,1997-03-17,560,560,560,561,0
026960,1997-03-18,560,560,560,561,1000
026960,1997-03-19,560,560,560,561,1000
026960,1997-03-20,560,560,560,561,0
026960,1997-03-21,560,560,560,561,500
026960,1997-03-22,560,560,560,561,0
026960,1997-03-24,560,560,560,561,0
026960,1997-03-25,560,560,560,561,0
026960,1997-03-26,560,560,560,561,0
026960,1997-03-27,515,515,515,517,4000
026960,1997-03-28,515,515,515,517,0
026960,1997-03-29,515,515,515,517,0
026960,1997-03-31,515,515,515,517,0
026960,1997-04-01,515,515,515,517,0
026960,1997-04-02,515,515,515,517,0
026960,1997-04-03,515,515,515,517,0
026960,1997-04-04,515,515,515,517,0
026960,1997-04-07,515,515,515,517,0
026960,1997-04-08,515,515,515,517,0
026960,1997-04-09,515,515,515,517,0
026960,1997-04-10,515,515,515,517,0
026960,1997-04-11,515,515,515,517,0
026960,1997-04-12,515,515,515,517,0
026960,1997-04-14,515,515,515,517,0
026960,1997-04-15,515,515,515,517,0
026960,1997-04-16,515,515,515,517,0
026960,1997-04-17,515,515,515,517,0
026960,1997-04-18,515,515,515,517,0
026960,1997-04-19,515,515,515,517,0
026960,1997-04-21,515,515,515,517,0
026960,1997-04-22,515,515,515,517,0
026960,1997-04-23,515,515,515,517,0
026960,1997-04-24,521,521,521,522,0
026960,1997-04-25,521,521,521,522,0
026960,1997-04-26,521,521,521,522,0
026960,1997-04-28,562,562,562,563,0
026960,1997-04-29,562,562,562,563,0
026960,1997-04-30,562,562,562,563,0
026960,1997-05-02,562,562,562,563,0
026960,1997-05-03,562,562,562,563,0
026960,1997-05-06,562,562,562,563,0
026960,1997-05-07,562,562,562,563,1000
026960,1997-05-08,562,562,562,563,1000
026960,1997-05-09,562,562,562,563,1000
026960,1997-05-10,562,562,562,563,0
026960,1997-05-12,562,562,562,563,500
026960,1997-05-13,562,562,562,563,0
026960,1997-05-15,562,562,562,563,0
026960,1997-05-16,562,562,562,563,0
026960,1997-05-17,562,562,562,563,0
026960,1997-05-19,562,562,562,563,0
026960,1997-05-20,562,562,562,563,0
026960,1997-05-21,562,562,562,563,0
026960,1997-05-22,562,562,562,563,0
026960,1997-05-23,562,562,562,563,0
026960,1997-05-24,562,562,562,563,0
026960,1997-05-26,562,562,562,563,0
026960,1997-05-27,562,562,562,563,0
026960,1997-05-28,562,562,562,563,1000
026960,1997-05-29,562,562,562,563,0
026960,1997-05-30,562,562,562,563,0
026960,1997-05-31,562,562,562,563,0
026960,1997-06-02,562,562,562,563,0
026960,1997-06-03,562,562,562,563,0
026960,1997-06-04,562,562,562,563,0
026960,1997-06-05,562,562,562,563,0
026960,1997-06-07,562,562,562,563,0
026960,1997-06-09,562,562,562,563,0
026960,1997-06-10,562,562,562,563,0
026960,1997-06-11,562,562,562,563,0
026960,1997-06-12,562,562,562,563,0
026960,1997-06-13,562,562,562,563,0
026960,1997-06-14,562,562,562,563,0
026960,1997-06-16,562,562,562,563,0
026960,1997-06-17,562,562,562,563,0
026960,1997-06-18,562,562,562,563,0
026960,1997-06-19,562,562,562,563,0
026960,1997-06-20,562,562,562,563,0
026960,1997-06-21,562,562,562,563,0
026960,1997-06-23,562,562,562,563,0
026960,1997-06-24,562,562,562,563,0
026960,1997-06-25,562,562,562,563,0
026960,1997-06-26,562,562,562,563,0
026960,1997-06-27,562,562,562,563,0
026960,1997-06-28,562,562,562,563,0
026960,1997-06-30,529,529,529,530,2000
026960,1997-07-01,529,529,529,530,0
026960,1997-07-02,529,529,529,530,0
026960,1997-07-03,529,529,529,530,0
026960,1997-07-04,529,529,529,530,0
026960,1997-07-05,529,529,529,530,0
026960,1997-07-07,529,529,529,530,0
026960,1997-07-08,529,529,529,530,0
026960,1997-07-09,529,529,529,530,0
026960,1997-07-10,529,529,529,530,0
026960,1997-07-11,529,529,529,530,0
026960,1997-07-12,529,529,529,530,0
026960,1997-07-14,529,529,529,530,0
026960,1997-07-15,529,529,529,530,0
026960,1997-07-16,529,529,529,530,0
026960,1997-07-18,529,529,529,530,0
026960,1997-07-19,529,529,529,530,0
026960,1997-07-21,529,529,529,530,0
026960,1997-07-22,529,529,529,530,0
026960,1997-07-23,529,529,529,530,0
026960,1997-07-24,542,542,542,543,2000
026960,1997-07-25,542,542,542,543,0
026960,1997-07-26,542,542,542,543,0
026960,1997-07-28,542,542,542,543,1010
026960,1997-07-29,542,542,542,543,0
026960,1997-07-30,542,542,542,543,0
026960,1997-07-31,542,542,542,543,0
026960,1997-08-01,542,542,542,543,0
026960,1997-08-02,542,542,542,543,0
026960,1997-08-04,542,542,542,543,0
026960,1997-08-05,542,542,542,543,20000
026960,1997-08-06,542,542,542,543,0
026960,1997-08-07,542,542,542,543,0
026960,1997-08-08,583,583,583,584,0
026960,1997-08-09,583,583,583,584,0
026960,1997-08-11,606,606,606,607,10
026960,1997-08-12,606,606,606,607,0
026960,1997-08-13,606,606,606,607,0
026960,1997-08-14,606,606,606,607,0
026960,1997-08-16,606,606,606,607,0
026960,1997-08-18,606,606,606,607,530
026960,1997-08-19,606,606,606,607,0
026960,1997-08-20,568,568,568,568,7000
026960,1997-08-21,568,568,568,568,0
026960,1997-08-22,568,568,568,568,0
026960,1997-08-23,568,568,568,568,0
026960,1997-08-25,568,568,568,568,0
026960,1997-08-26,568,568,568,568,0
026960,1997-08-27,568,568,568,568,0
026960,1997-08-28,568,568,568,568,0
026960,1997-08-29,568,568,568,568,0
026960,1997-08-30,568,568,568,568,0
026960,1997-09-01,568,568,568,568,0
026960,1997-09-02,542,542,542,543,6100
026960,1997-09-03,542,542,542,543,0
026960,1997-09-04,542,542,542,543,0
026960,1997-09-05,542,542,542,543,0
026960,1997-09-06,542,542,542,543,0
026960,1997-09-08,542,542,542,543,0
026960,1997-09-09,542,542,542,543,300
026960,1997-09-10,542,542,542,543,0
026960,1997-09-11,542,542,542,543,0
026960,1997-09-12,542,542,542,543,0
026960,1997-09-13,581,581,581,581,0
026960,1997-09-18,627,627,627,628,0
026960,1997-09-19,627,627,627,628,0
026960,1997-09-20,627,627,627,628,0
026960,1997-09-22,627,627,627,628,0
026960,1997-09-23,627,627,627,628,0
026960,1997-09-24,627,627,627,628,0
026960,1997-09-25,670,670,670,672,0
026960,1997-09-26,670,670,670,672,0
026960,1997-09-27,670,670,670,672,0
026960,1997-09-29,723,723,723,723,0
026960,1997-09-30,777,777,777,777,0
026960,1997-10-01,777,777,777,777,0
026960,1997-10-02,836,836,836,837,0
026960,1997-10-04,891,891,891,891,0
026960,1997-10-06,891,891,891,891,0
026960,1997-10-07,955,955,955,955,0
026960,1997-10-08,955,955,955,955,0
026960,1997-10-09,880,880,880,881,0
026960,1997-10-10,811,945,811,811,30
026960,1997-10-11,745,745,745,746,10
026960,1997-10-13,686,686,686,687,10
026960,1997-10-14,635,635,635,635,10
026960,1997-10-15,635,635,635,635,0
026960,1997-10-16,589,589,589,589,0
026960,1997-10-17,589,589,589,589,0
026960,1997-10-18,547,547,547,547,0
026960,1997-10-20,589,589,589,589,1000
026960,1997-10-21,589,589,589,589,0
026960,1997-10-22,544,544,544,545,0
026960,1997-10-23,580,586,515,517,4110
026960,1997-10-24,557,557,557,558,110
026960,1997-10-25,602,602,602,602,0
026960,1997-10-27,602,602,602,602,0
026960,1997-10-28,555,645,555,645,110
026960,1997-10-29,593,684,593,684,50
026960,1997-10-30,632,736,632,736,260
026960,1997-10-31,779,779,678,679,240
026960,1997-11-01,730,730,629,630,110
026960,1997-11-03,670,670,670,672,0
026960,1997-11-04,723,723,723,723,30
026960,1997-11-05,666,779,666,666,30
026960,1997-11-06,614,715,614,715,50
026960,1997-11-07,658,658,658,658,310
026960,1997-11-08,658,658,606,658,1120
026960,1997-11-10,606,606,606,607,1450
026960,1997-11-11,565,565,565,566,0
026960,1997-11-12,565,565,565,566,0
026960,1997-11-13,565,565,565,566,0
026960,1997-11-14,606,606,606,607,0
026960,1997-11-15,560,560,560,561,10
026960,1997-11-17,560,560,560,561,0
026960,1997-11-18,515,515,515,517,10
026960,1997-11-19,515,515,515,517,0
026960,1997-11-20,515,515,515,517,0
026960,1997-11-21,515,515,515,517,0
026960,1997-11-22,475,475,475,475,330
026960,1997-11-24,475,475,475,475,0
026960,1997-11-25,475,475,475,475,0
026960,1997-11-26,508,508,508,509,0
026960,1997-11-27,542,542,542,543,0
026960,1997-11-28,568,568,568,568,7000
026960,1997-11-29,609,609,609,610,0
026960,1997-12-01,653,653,653,653,0
026960,1997-12-02,697,697,697,698,0
026960,1997-12-03,643,697,643,698,1010
026960,1997-12-04,697,697,643,643,1010
026960,1997-12-05,594,594,594,594,10
026960,1997-12-06,547,547,547,547,10
026960,1997-12-08,547,547,547,547,0
026960,1997-12-09,547,547,547,547,0
026960,1997-12-10,581,581,581,581,40
026960,1997-12-11,581,581,581,581,0
026960,1997-12-12,581,581,581,581,0
026960,1997-12-13,581,581,581,581,0
026960,1997-12-15,581,581,581,581,0
026960,1997-12-16,581,581,581,581,0
026960,1997-12-17,581,581,581,581,0
026960,1997-12-19,581,581,581,581,0
026960,1997-12-20,534,534,534,535,8000
026960,1997-12-22,534,534,534,535,0
026960,1997-12-23,534,534,534,535,0
026960,1997-12-24,575,575,575,576,10
026960,1997-12-26,619,619,619,620,10
026960,1997-12-27,619,669,619,669,450
026960,1998-01-03,617,719,617,720,1100
026960,1998-01-05,663,663,663,664,10
026960,1998-01-06,612,612,612,613,10
026960,1998-01-07,564,564,564,564,10
026960,1998-01-08,521,521,521,521,10
026960,1998-01-09,521,521,521,521,0
026960,1998-01-10,521,521,521,521,0
026960,1998-01-12,521,521,521,521,0
026960,1998-01-13,521,521,521,521,0
026960,1998-01-14,537,537,537,537,571210
026960,1998-01-15,537,537,537,537,1530
026960,1998-01-16,537,537,537,537,1430
026960,1998-01-17,537,537,537,537,0
026960,1998-01-19,537,537,537,537,0
026960,1998-01-20,537,537,537,537,0
026960,1998-01-21,537,537,537,537,1000
026960,1998-01-22,537,537,537,537,200
026960,1998-01-23,537,537,537,537,0
026960,1998-01-24,537,537,537,537,0
026960,1998-01-26,555,555,555,556,2500
026960,1998-01-30,580,580,580,580,6500
026960,1998-01-31,580,580,580,580,0
026960,1998-02-02,580,580,580,580,0
026960,1998-02-03,617,617,617,618,0
026960,1998-02-04,569,569,569,569,14650
026960,1998-02-05,569,569,569,569,0
026960,1998-02-06,612,612,612,613,0
026960,1998-02-07,658,658,658,658,0
026960,1998-02-09,606,708,606,709,20
026960,1998-02-10,708,708,708,709,0
026960,1998-02-11,652,765,652,653,200
026960,1998-02-12,652,652,652,653,0
026960,1998-02-13,602,602,602,602,10
026960,1998-02-14,647,647,647,647,0
026960,1998-02-16,596,596,596,597,20
026960,1998-02-17,596,596,596,597,0
026960,1998-02-18,596,596,596,597,0
026960,1998-02-19,596,596,596,597,0
026960,1998-02-20,596,596,596,597,0
026960,1998-02-21,596,596,596,597,0
026960,1998-02-23,596,596,596,597,0
026960,1998-02-24,590,590,590,591,40000
026960,1998-02-25,590,590,590,591,11550
026960,1998-02-26,590,590,590,591,0
026960,1998-02-27,590,590,590,591,0
026960,1998-02-28,590,590,590,591,0
026960,1998-03-02,590,590,590,591,0
026960,1998-03-03,590,590,590,591,0
026960,1998-03-04,590,590,590,591,0
026960,1998-03-05,590,590,590,591,0
026960,1998-03-06,590,590,590,591,1000
026960,1998-03-07,590,590,590,591,1000
026960,1998-03-09,590,590,590,591,3000
026960,1998-03-10,590,590,590,591,0
026960,1998-03-11,590,590,590,591,0
026960,1998-03-12,590,590,590,591,0
026960,1998-03-13,590,590,590,591,0
026960,1998-03-14,590,590,590,591,0
026960,1998-03-16,590,590,590,591,0
026960,1998-03-17,590,590,590,591,0
026960,1998-03-18,590,590,590,591,0
026960,1998-03-19,590,590,590,591,0
026960,1998-03-20,590,590,590,591,0
026960,1998-03-21,590,590,590,591,0
026960,1998-03-23,590,590,590,591,0
026960,1998-03-24,590,590,590,591,0
026960,1998-03-25,577,577,577,578,10000
026960,1998-03-26,577,577,577,578,14000
026960,1998-03-27,577,577,577,578,0
026960,1998-03-28,577,577,577,578,0
026960,1998-03-30,577,577,577,578,4450
026960,1998-03-31,577,577,577,578,7470
026960,1998-04-01,577,577,577,578,0
026960,1998-04-02,577,577,577,578,0
026960,1998-04-03,604,604,604,604,0
026960,1998-04-04,604,604,604,604,0
026960,1998-04-06,604,604,604,604,0
026960,1998-04-07,604,604,604,604,0
026960,1998-04-08,604,604,604,604,0
026960,1998-04-09,604,604,604,604,0
026960,1998-04-10,604,604,604,604,0
026960,1998-04-11,604,604,604,604,0
026960,1998-04-13,604,604,604,604,0
026960,1998-04-14,604,604,604,604,0
026960,1998-04-15,604,604,604,604,0
026960,1998-04-16,564,564,564,564,0
026960,1998-04-17,564,564,564,564,7500
026960,1998-04-18,564,564,564,564,4050
026960,1998-04-20,564,564,564,564,0
026960,1998-04-21,564,564,564,564,0
026960,1998-04-22,564,564,564,564,0
026960,1998-04-23,564,564,564,564,0
026960,1998-04-24,564,564,564,564,10000
026960,1998-04-25,564,564,564,564,0
026960,1998-04-27,564,564,564,564,1550
026960,1998-04-28,564,564,564,564,0
026960,1998-04-29,564,564,564,564,0
026960,1998-04-30,564,564,564,564,0
026960,1998-05-02,564,564,564,564,0
026960,1998-05-04,564,564,564,564,0
026960,1998-05-06,564,564,564,564,0
026960,1998-05-07,564,564,564,564,0
026960,1998-05-08,550,550,550,550,0
026960,1998-05-09,550,550,550,550,0
026960,1998-05-11,550,550,550,550,0
026960,1998-05-12,550,550,550,550,0
026960,1998-05-13,550,550,550,550,0
026960,1998-05-14,550,550,550,550,0
026960,1998-05-15,550,550,550,550,0
026960,1998-05-16,550,550,550,550,0
026960,1998-05-18,550,550,550,550,0
026960,1998-05-19,550,550,550,550,0
026960,1998-05-20,550,550,550,550,0
026960,1998-05-21,550,550,550,550,0
026960,1998-05-22,550,550,550,550,0
026960,1998-05-23,550,550,550,550,0
026960,1998-05-25,571,571,571,572,22950
026960,1998-05-26,571,571,571,572,0
026960,1998-05-27,571,571,571,572,0
026960,1998-05-28,571,571,571,572,0
026960,1998-05-29,571,571,571,572,0
026960,1998-05-30,571,571,571,572,0
026960,1998-06-01,571,571,571,572,0
026960,1998-06-02,571,571,571,572,0
026960,1998-06-03,571,571,571,572,0
026960,1998-06-05,571,571,571,572,0
026960,1998-06-08,571,571,571,572,0
026960,1998-06-09,571,571,571,572,0
026960,1998-06-10,571,571,571,572,0
026960,1998-06-11,571,571,571,572,0
026960,1998-06-12,571,571,571,572,0
026960,1998-06-13,571,571,571,572,0
026960,1998-06-15,571,571,571,572,0
026960,1998-06-16,571,571,571,572,0
026960,1998-06-17,571,571,571,572,0
026960,1998-06-18,571,571,571,572,0
026960,1998-06-19,571,571,571,572,0
026960,1998-06-20,571,571,571,572,0
026960,1998-06-22,571,571,571,572,0
026960,1998-06-23,571,571,571,572,0
026960,1998-06-24,564,564,564,564,10000
026960,1998-06-25,564,564,564,564,10000
026960,1998-06-26,564,564,564,564,0
026960,1998-06-27,564,564,564,564,0
026960,1998-06-29,564,564,564,564,0
026960,1998-06-30,564,564,564,564,0
026960,1998-07-01,564,564,564,564,0
026960,1998-07-02,564,564,564,564,0
026960,1998-07-03,564,564,564,564,0
026960,1998-07-04,564,564,564,564,0
026960,1998-07-06,564,564,564,564,0
026960,1998-07-07,564,564,564,564,0
026960,1998-07-08,564,564,564,564,0
026960,1998-07-09,564,564,564,564,0
026960,1998-07-10,564,564,564,564,0
026960,1998-07-11,564,564,564,564,0
026960,1998-07-13,564,564,564,564,0
026960,1998-07-14,564,564,564,564,0
026960,1998-07-15,564,564,564,564,0
026960,1998-07-16,564,564,564,564,0
026960,1998-07-18,564,564,564,564,0
026960,1998-07-20,564,564,564,564,0
026960,1998-07-21,564,564,564,564,0
026960,1998-07-22,564,564,564,564,0
026960,1998-07-23,564,564,564,564,0
026960,1998-07-24,564,564,564,564,0
026960,1998-07-25,564,564,564,564,10000
026960,1998-07-27,564,564,564,564,0
026960,1998-07-28,564,564,564,564,0
026960,1998-07-29,564,564,564,564,0
026960,1998-07-30,564,564,564,564,10000
026960,1998-07-31,564,564,564,564,0
026960,1998-08-01,564,564,564,564,0
026960,1998-08-03,564,564,564,564,0
026960,1998-08-04,564,564,564,564,0
026960,1998-08-05,564,564,564,564,0
026960,1998-08-06,564,564,564,564,0
026960,1998-08-07,564,564,564,564,0
026960,1998-08-08,564,564,564,564,0
026960,1998-08-10,564,564,564,564,0
026960,1998-08-11,564,564,564,564,0
026960,1998-08-12,564,564,564,564,0
026960,1998-08-13,564,564,564,564,0
026960,1998-08-14,564,564,564,564,0
026960,1998-08-17,564,564,564,564,0
026960,1998-08-18,564,564,564,564,0
026960,1998-08-19,564,564,564,564,0
026960,1998-08-20,564,564,564,564,0
026960,1998-08-21,564,564,564,564,0
026960,1998-08-22,564,564,564,564,0
026960,1998-08-24,564,564,564,564,0
026960,1998-08-25,564,564,564,564,8150
026960,1998-08-26,564,564,564,564,11850
026960,1998-08-27,564,564,564,564,0
026960,1998-08-28,564,564,564,564,0
026960,1998-08-29,564,564,564,564,0
026960,1998-08-31,564,564,564,564,0
026960,1998-09-01,564,564,564,564,0
026960,1998-09-02,564,564,564,564,0
026960,1998-09-03,564,564,564,564,0
026960,1998-09-04,564,564,564,564,0
026960,1998-09-05,564,564,564,564,0
026960,1998-09-07,564,564,564,564,0
026960,1998-09-08,564,564,564,564,0
026960,1998-09-09,564,564,564,564,0
026960,1998-09-10,564,564,564,564,0
026960,1998-09-11,564,564,564,564,0
026960,1998-09-12,564,564,564,564,0
026960,1998-09-14,564,564,564,564,0
026960,1998-09-15,564,564,564,564,0
026960,1998-09-16,564,564,564,564,0
026960,1998-09-17,564,564,564,564,0
026960,1998-09-18,564,564,564,564,0
026960,1998-09-19,564,564,564,564,0
026960,1998-09-21,564,564,564,564,0
026960,1998-09-22,564,564,564,564,0
026960,1998-09-23,564,564,564,564,0
026960,1998-09-24,564,564,564,564,0
026960,1998-09-25,564,564,564,564,0
026960,1998-09-26,564,564,564,564,0
026960,1998-09-28,564,564,564,564,10000
026960,1998-09-29,564,564,564,564,0
026960,1998-09-30,564,564,564,564,10000
026960,1998-10-01,564,564,564,564,0
026960,1998-10-02,564,564,564,564,0
026960,1998-10-07,564,564,564,564,0
026960,1998-10-08,564,564,564,564,25000
026960,1998-10-09,564,564,564,564,0
026960,1998-10-10,564,564,564,564,0
026960,1998-10-12,564,564,564,564,0
026960,1998-10-13,564,564,564,564,0
026960,1998-10-14,564,564,564,564,0
026960,1998-10-15,564,564,564,564,0
026960,1998-10-16,564,564,564,564,0
026960,1998-10-17,564,564,564,564,0
026960,1998-10-19,564,564,564,564,0
026960,1998-10-20,564,564,564,564,0
026960,1998-10-21,564,564,564,564,0
026960,1998-10-22,564,564,564,564,0
026960,1998-10-23,564,564,564,564,0
026960,1998-10-24,564,564,564,564,0
026960,1998-10-26,564,564,564,564,0
026960,1998-10-27,564,564,564,564,0
026960,1998-10-28,564,564,564,564,0
026960,1998-10-29,564,564,564,564,0
026960,1998-10-30,564,564,564,564,0
026960,1998-10-31,564,564,564,564,0
026960,1998-11-02,564,564,564,564,0
026960,1998-11-03,564,564,564,564,0
026960,1998-11-04,564,564,564,564,0
026960,1998-11-05,564,564,564,564,0
026960,1998-11-06,564,564,564,564,0
026960,1998-11-07,564,564,564,564,0
026960,1998-11-09,564,564,564,564,0
026960,1998-11-10,564,564,564,564,1000
026960,1998-11-11,564,564,564,564,0
026960,1998-11-12,564,564,564,564,0
026960,1998-11-13,564,564,564,564,0
026960,1998-11-14,564,564,564,564,0
026960,1998-11-16,564,564,564,564,0
026960,1998-11-17,564,564,564,564,0
026960,1998-11-18,564,564,564,564,0
026960,1998-11-19,564,564,564,564,1550
026960,1998-11-20,564,564,564,564,0
026960,1998-11-21,564,564,564,564,0
026960,1998-11-23,564,564,564,564,3400
026960,1998-11-24,564,564,564,564,250
026960,1998-11-25,566,566,566,567,3000
026960,1998-11-26,566,566,566,567,0
026960,1998-11-27,568,568,568,568,2950
026960,1998-11-28,568,568,568,568,0
026960,1998-11-30,571,571,571,571,2850
026960,1998-12-01,577,577,577,578,0
026960,1998-12-02,580,580,580,580,0
026960,1998-12-03,580,580,580,580,0
026960,1998-12-04,580,580,580,580,0
026960,1998-12-05,580,580,580,580,0
026960,1998-12-07,580,580,580,580,0
026960,1998-12-08,593,593,593,594,2900
026960,1998-12-09,593,593,593,594,0
026960,1998-12-10,593,593,593,594,0
026960,1998-12-11,564,564,564,564,5880
026960,1998-12-14,577,577,577,578,0
026960,1998-12-15,577,577,577,578,0
026960,1998-12-16,564,564,564,564,5880
026960,1998-12-17,564,564,564,564,0
026960,1998-12-18,631,631,631,631,6270
026960,1998-12-21,590,671,590,672,25100
026960,1998-12-22,752,752,752,752,0
026960,1998-12-23,842,842,842,843,0
026960,1998-12-24,741,741,741,742,100
026960,1998-12-28,671,671,671,672,5000
026960,1999-01-04,671,671,671,672,0
026960,1999-01-05,671,671,671,672,0
026960,1999-01-06,671,671,671,672,0
026960,1999-01-07,671,671,671,672,0
026960,1999-01-08,671,671,671,672,0
026960,1999-01-11,671,671,671,672,0
026960,1999-01-12,671,671,671,672,0
026960,1999-01-13,671,671,671,672,0
026960,1999-01-14,671,671,671,672,0
026960,1999-01-15,671,671,671,672,0
026960,1999-01-18,671,671,671,672,0
026960,1999-01-19,615,615,615,616,100
026960,1999-01-20,615,615,615,616,11300
026960,1999-01-21,615,615,615,616,0
026960,1999-01-22,615,615,615,616,0
026960,1999-01-25,615,615,615,616,0
026960,1999-01-26,615,615,615,616,0
026960,1999-01-27,615,615,615,616,0
026960,1999-01-28,615,615,615,616,0
026960,1999-01-29,615,615,615,616,0
026960,1999-02-01,615,615,615,616,0
026960,1999-02-02,615,615,615,616,0
026960,1999-02-03,615,615,615,616,0
026960,1999-02-04,615,615,615,616,0
026960,1999-02-05,615,615,615,616,0
026960,1999-02-08,615,615,615,616,0
026960,1999-02-09,615,615,615,616,0
026960,1999-02-10,615,615,615,616,0
026960,1999-02-11,615,615,615,616,0
026960,1999-02-12,615,615,615,616,0
026960,1999-02-18,615,615,615,616,0
026960,1999-02-19,615,615,615,616,0
026960,1999-02-22,615,615,615,616,5400
026960,1999-02-23,615,615,615,616,0
026960,1999-02-24,615,615,615,616,15300
026960,1999-02-25,615,615,615,616,0
026960,1999-02-26,615,615,615,616,0
026960,1999-03-02,615,615,615,616,0
026960,1999-03-03,615,615,615,616,0
026960,1999-03-04,615,615,615,616,0
026960,1999-03-05,615,615,615,616,0
026960,1999-03-08,615,615,615,616,0
026960,1999-03-09,615,615,615,616,0
026960,1999-03-10,615,615,615,616,0
026960,1999-03-11,615,615,615,616,0
026960,1999-03-12,615,615,615,616,0
026960,1999-03-15,615,615,615,616,0
026960,1999-03-16,615,615,615,616,0
026960,1999-03-17,615,615,615,616,0
026960,1999-03-18,615,615,615,616,0
026960,1999-03-19,615,615,615,616,0
026960,1999-03-22,615,615,615,616,0
026960,1999-03-23,615,615,615,616,0
026960,1999-03-24,615,615,615,616,0
026960,1999-03-25,615,615,615,616,0
026960,1999-03-26,615,615,615,616,0
026960,1999-03-29,615,615,615,616,0
026960,1999-03-30,616,616,615,616,30150
026960,1999-03-31,615,615,615,616,0
026960,1999-04-01,618,618,618,618,0
026960,1999-04-02,618,618,618,618,0
026960,1999-04-06,618,618,618,618,0
026960,1999-04-07,618,618,618,618,0
026960,1999-04-08,618,618,618,618,0
026960,1999-04-09,618,618,618,618,0
026960,1999-04-12,618,618,618,618,0
026960,1999-04-13,618,618,618,618,0
026960,1999-04-14,643,643,643,644,0
026960,1999-04-15,643,643,643,644,0
026960,1999-04-16,643,643,643,644,300
026960,1999-04-19,646,646,646,647,0
026960,1999-04-20,651,651,651,652,3400
026960,1999-04-21,671,671,671,672,0
026960,1999-04-22,671,671,671,672,0
026960,1999-04-23,671,671,671,672,0
026960,1999-04-26,673,673,673,675,100
026960,1999-04-27,673,673,673,675,0
026960,1999-04-28,673,673,673,675,0
026960,1999-04-29,685,685,685,686,0
026960,1999-04-30,685,685,685,686,0
026960,1999-05-03,699,699,699,699,0
026960,1999-05-04,713,713,713,714,0
026960,1999-05-06,713,713,713,714,0
026960,1999-05-07,727,727,727,727,0
026960,1999-05-10,727,727,727,727,0
026960,1999-05-11,727,727,727,727,0
026960,1999-05-12,727,727,727,727,0
026960,1999-05-13,727,727,727,727,0
026960,1999-05-14,727,727,727,727,0
026960,1999-05-17,727,727,727,727,0
026960,1999-05-18,727,727,727,727,0
026960,1999-05-19,699,699,699,699,40000
026960,1999-05-20,727,727,727,727,0
026960,1999-05-21,727,727,727,727,0
026960,1999-05-24,727,727,727,727,0
026960,1999-05-25,727,727,727,727,0
026960,1999-05-26,741,741,741,742,0
026960,1999-05-27,829,829,829,829,0
026960,1999-05-28,928,928,732,733,30000
026960,1999-05-31,819,819,758,758,40000
026960,1999-06-01,849,849,671,850,502180
026960,1999-06-02,950,950,950,950,570
026960,1999-06-03,1063,1063,1063,1063,42230
026960,1999-06-04,1147,1164,1063,1118,37420
026960,1999-06-07,1089,1251,1066,1215,44580
026960,1999-06-08,1284,1287,1091,1287,225260
026960,1999-06-09,1230,1343,1175,1175,10470
026960,1999-06-10,1147,1315,1147,1315,25970
026960,1999-06-11,1398,1398,1259,1372,37310
026960,1999-06-14,1398,1533,1315,1534,171280
026960,1999-06-15,1566,1566,1351,1534,26520
026960,1999-06-16,1398,1715,1398,1715,156710
026960,1999-06-17,1715,1818,1650,1707,72870
026960,1999-06-18,1707,1707,1566,1679,36890
026960,1999-06-21,1623,1651,1511,1595,13220
026960,1999-06-22,1539,1737,1404,1553,121130
026960,1999-06-23,1595,1595,1370,1539,48500
026960,1999-06-24,1566,1566,1482,1483,8360
026960,1999-06-25,1356,1454,1328,1343,7030
026960,1999-06-28,1401,1454,1370,1399,26530
026960,1999-06-29,1482,1482,1482,1483,10
026960,1999-06-30,1401,1650,1401,1651,44090
026960,1999-07-01,1486,1636,1486,1637,21790
026960,1999-07-02,1474,1616,1474,1483,4380
026960,1999-07-05,1398,1511,1398,1511,7010
026960,1999-07-06,1482,1511,1454,1483,16980
026960,1999-07-07,1511,1544,1455,1545,32080
026960,1999-07-08,1482,1566,1482,1567,21400
026960,1999-07-09,1589,1589,1539,1567,27870
026960,1999-07-12,1539,1539,1488,1497,5210
026960,1999-07-13,1553,1553,1536,1537,3000
026960,1999-07-14,1497,1539,1497,1539,130
026960,1999-07-15,1485,1524,1485,1525,210
026960,1999-07-16,1401,1511,1401,1511,640
026960,1999-07-19,1346,1455,1346,1455,3880
026960,1999-07-20,1452,1452,1371,1427,27170
026960,1999-07-21,1441,1482,1398,1399,4400
026960,1999-07-22,1483,1566,1413,1427,13780
026960,1999-07-23,1469,1511,1469,1497,2570
026960,1999-07-26,1398,1482,1398,1483,1400
026960,1999-07-27,1398,1469,1398,1470,380
026960,1999-07-28,1292,1525,1292,1503,2140
026960,1999-07-29,1494,1494,1370,1475,410
026960,1999-07-30,1398,1474,1318,1397,6470
026960,1999-08-02,1315,1315,1229,1259,31070
026960,1999-08-03,1230,1315,1205,1315,660
026960,1999-08-04,1315,1315,1315,1315,0
026960,1999-08-05,1217,1231,1164,1231,3120
026960,1999-08-06,1371,1371,1091,1119,10730
026960,1999-08-09,1034,1132,1034,1133,4650
026960,1999-08-10,1119,1147,1063,1147,3460
026960,1999-08-11,1144,1144,1091,1139,320
026960,1999-08-12,1147,1258,1147,1259,3010
026960,1999-08-13,1231,1231,1147,1147,3700
026960,1999-08-16,1147,1258,1147,1259,6800
026960,1999-08-17,1203,1203,1178,1178,4550
026960,1999-08-18,1178,1178,1178,1178,0
026960,1999-08-19,1119,1119,1119,1119,2420
026960,1999-08-20,1119,1175,1119,1175,3390
026960,1999-08-23,1119,1119,1119,1119,940
026960,1999-08-24,1119,1153,1119,1153,3130
026960,1999-08-25,1119,1119,1119,1119,3810
026960,1999-08-26,1105,1254,1105,1254,9160
026960,1999-08-27,1242,1287,1242,1287,4210
026960,1999-08-30,1175,1343,1175,1343,11160
026960,1999-08-31,1258,1423,1202,1424,22810
026960,1999-09-01,1287,1343,1287,1338,2350
026960,1999-09-02,1220,1220,1220,1220,50
026960,1999-09-03,1256,1256,1256,1256,100
026960,1999-09-06,1245,1245,1245,1246,0
026960,1999-09-07,1228,1228,1228,1228,0
026960,1999-09-08,1119,1175,1091,1175,4100
026960,1999-09-09,1119,1121,1119,1119,3110
026960,1999-09-10,1119,1119,1119,1119,1600
026960,1999-09-13,1119,1119,1119,1119,9800
026960,1999-09-14,1091,1144,1091,1145,20
026960,1999-09-15,1119,1119,1119,1119,0
026960,1999-09-16,1091,1091,1091,1091,350
026960,1999-09-17,1144,1144,1063,1063,2200
026960,1999-09-20,1091,1118,1091,1118,2010
026960,1999-09-21,1113,1113,1113,1114,0
026960,1999-09-22,1119,1147,1119,1147,1200
026960,1999-09-27,1119,1119,1119,1119,50
026960,1999-09-28,1091,1119,1091,1119,100
026960,1999-09-29,1119,1119,1119,1119,0
026960,1999-09-30,1091,1254,1091,1119,6900
026960,1999-10-01,1091,1091,1063,1063,800
026960,1999-10-04,1063,1063,1063,1063,0
026960,1999-10-05,1063,1063,1063,1063,2750
026960,1999-10-06,1063,1063,1063,1063,0
026960,1999-10-07,1007,1063,1007,1063,8900
026960,1999-10-08,1063,1063,1063,1063,1300
026960,1999-10-11,1063,1063,1063,1063,5000
026960,1999-10-12,1063,1105,1063,1088,109290
026960,1999-10-13,1085,1085,958,982,78580
026960,1999-10-14,979,979,867,923,22400
026960,1999-10-15,866,965,814,892,11050
026960,1999-10-18,838,892,786,809,33890
026960,1999-10-19,811,831,774,823,9710
026960,1999-10-20,839,839,795,831,8350
026960,1999-10-21,839,839,783,823,720
026960,1999-10-22,783,819,732,792,160
026960,1999-10-25,792,811,772,806,5470
026960,1999-10-26,772,803,772,803,1490
026960,1999-10-27,811,881,783,825,118070
026960,1999-10-28,839,839,764,820,23950
026960,1999-10-29,783,794,755,767,8480
026960,1999-11-01,699,830,699,770,75200
026960,1999-11-02,811,862,808,862,150230
026960,1999-11-03,945,960,838,867,82700
026960,1999-11-04,945,948,853,854,126720
026960,1999-11-05,853,862,814,863,77470
026960,1999-11-08,866,966,838,949,216620
026960,1999-11-09,979,1030,867,898,133680
026960,1999-11-10,934,934,849,859,141570
026960,1999-11-11,844,914,814,834,164310
026960,1999-11-12,839,867,779,812,136890
026960,1999-11-15,792,811,755,781,130440
026960,1999-11-16,779,866,771,867,112320
026960,1999-11-17,870,912,800,812,111410
026960,1999-11-18,814,825,760,784,30860
026960,1999-11-19,769,837,769,795,92280
026960,1999-11-22,836,864,800,823,85460
026960,1999-11-23,839,920,825,921,280240
026960,1999-11-24,965,965,864,907,279060
026960,1999-11-25,895,906,845,873,140230
026960,1999-11-26,895,903,768,784,105680
026960,1999-11-29,768,783,727,767,83810
026960,1999-11-30,771,771,724,758,125440
026960,1999-12-01,730,758,705,711,100800
026960,1999-12-02,699,755,673,744,87990
026960,1999-12-03,727,739,679,705,31020
026960,1999-12-06,679,713,673,707,35010
026960,1999-12-07,685,716,663,694,37370
026960,1999-12-08,643,674,618,672,17240
026960,1999-12-09,646,679,646,666,59950
026960,1999-12-10,679,745,651,727,64080
026960,1999-12-13,738,738,671,711,33390
026960,1999-12-14,699,727,651,722,43100
026960,1999-12-15,699,783,699,758,78710
026960,1999-12-16,780,783,716,756,45290
026960,1999-12-17,727,727,666,714,9410
026960,1999-12-20,643,697,643,697,28030
026960,1999-12-21,685,710,654,672,27140
026960,1999-12-22,671,691,615,624,161940
026960,1999-12-23,646,697,615,698,319210
026960,1999-12-24,685,699,648,672,31820
026960,1999-12-27,685,685,624,644,86730
026960,1999-12-28,615,665,566,632,189090
026960,2000-01-04,629,629,556,594,25540
026960,2000-01-05,530,563,522,523,44680
026960,2000-01-06,553,563,509,537,12830
026960,2000-01-07,533,533,482,524,30290
026960,2000-01-10,584,587,527,587,43220
026960,2000-01-11,599,657,599,658,32520
026960,2000-01-12,733,735,719,736,82510
026960,2000-01-13,736,808,659,717,234160
026960,2000-01-14,719,727,659,698,172290
026960,2000-01-17,673,719,629,689,49760
026960,2000-01-18,647,689,647,686,18720
026960,2000-01-19,653,684,605,629,47560
026960,2000-01-20,572,596,560,597,26150
026960,2000-01-21,596,599,560,571,126070
026960,2000-01-24,576,613,576,615,11690
026960,2000-01-25,596,596,551,583,29720
026960,2000-01-26,582,599,582,600,83070
026960,2000-01-27,596,596,569,595,1000
026960,2000-01-28,597,608,594,598,40550
026960,2000-01-31,602,666,599,667,69070
026960,2000-02-01,629,651,599,644,1970
026960,2000-02-02,613,669,599,660,47770
026960,2000-02-03,659,673,621,666,13120
026960,2000-02-07,689,704,641,692,49410
026960,2000-02-08,692,692,692,692,110
026960,2000-02-09,659,689,609,689,12200
026960,2000-02-10,632,659,606,660,32890
026960,2000-02-11,629,629,587,626,5650
026960,2000-02-14,573,596,572,597,30200
026960,2000-02-15,596,608,596,597,111700
026960,2000-02-16,596,596,553,569,5290
026960,2000-02-17,570,597,569,592,23450
026960,2000-02-18,569,587,569,584,29600
026960,2000-02-21,584,587,553,584,15930
026960,2000-02-22,548,584,539,572,9200
026960,2000-02-23,578,599,575,578,67630
026960,2000-02-24,578,605,545,606,36570
026960,2000-02-25,653,653,572,612,16700
026960,2000-02-28,610,682,578,666,196640
026960,2000-02-29,667,744,638,745,221240
026960,2000-03-02,787,833,752,833,189020
026960,2000-03-03,833,833,749,778,77690
026960,2000-03-06,830,830,749,775,59450
026960,2000-03-07,764,784,681,700,96880
026960,2000-03-08,659,719,632,703,42860
026960,2000-03-09,701,786,670,787,143610
026960,2000-03-10,812,881,808,878,303910
026960,2000-03-13,884,982,878,914,275920
026960,2000-03-14,928,928,833,854,129540
026960,2000-03-15,955,955,907,956,116470
026960,2000-03-16,1069,1069,964,1070,324440
026960,2000-03-17,964,1018,942,943,69300
026960,2000-03-20,830,830,830,830,12050
026960,2000-03-21,730,730,730,732,11140
026960,2000-03-22,724,812,724,805,177500
026960,2000-03-23,808,824,708,743,105170
026960,2000-03-24,713,776,682,748,75890
026960,2000-03-27,722,836,719,836,161900
026960,2000-03-28,884,935,884,935,161660
026960,2000-03-29,964,1021,844,890,363840
026960,2000-03-30,812,925,812,884,102670
026960,2000-03-31,824,988,824,989,176760
026960,2000-04-03,1107,1107,1093,1107,283910
026960,2000-04-04,988,1168,975,1013,390840
026960,2000-04-06,1018,1059,910,949,188050
026960,2000-04-07,988,1059,950,1034,235600
026960,2000-04-10,1042,1156,1042,1157,413200
026960,2000-04-11,1048,1066,1018,1019,105970
026960,2000-04-12,955,1105,928,971,146160
026960,2000-04-14,944,1085,898,1079,371660
026960,2000-04-17,950,979,950,950,186640
026960,2000-04-18,958,988,836,878,223710
026960,2000-04-19,898,982,898,981,423580
026960,2000-04-20,1048,1098,988,1098,333140
026960,2000-04-21,1228,1228,998,1070,954050
026960,2000-04-24,1048,1156,1004,1076,438640
026960,2000-04-25,1051,1108,988,1001,238220
026960,2000-04-26,1018,1069,941,959,204230
026960,2000-04-27,958,985,898,911,200180
026960,2000-04-28,928,928,865,869,153740
026960,2000-05-02,913,913,847,863,94170
026960,2000-05-03,840,955,840,941,229470
026960,2000-05-04,958,1012,898,929,287340
026960,2000-05-08,928,955,921,935,131730
026960,2000-05-09,958,958,884,907,115650
026960,2000-05-10,888,922,881,911,177760
026960,2000-05-12,890,981,890,929,328860
026960,2000-05-15,955,1039,944,1040,646140
026960,2000-05-16,1069,1069,919,956,286800
026960,2000-05-17,973,1001,853,872,230060
026960,2000-05-18,853,868,780,781,236350
026960,2000-05-19,724,808,719,755,334420
026960,2000-05-22,742,776,708,732,213070
026960,2000-05-23,673,727,644,666,156900
026960,2000-05-24,635,669,590,644,95530
026960,2000-05-25,673,720,659,718,197950
026960,2000-05-26,673,714,632,644,99100
026960,2000-05-29,602,670,581,650,50070
026960,2000-05-30,644,695,644,686,78110
026960,2000-05-31,704,749,704,733,139950
026960,2000-06-01,710,713,667,701,55270
026960,2000-06-02,707,784,704,786,268520
026960,2000-06-05,792,853,792,809,143150
026960,2000-06-07,733,838,733,780,51620
026960,2000-06-08,779,824,738,776,94940
026960,2000-06-09,765,793,733,757,50760
026960,2000-06-12,708,764,708,758,35140
026960,2000-06-13,733,759,689,732,31300
026960,2000-06-14,733,758,723,729,29030
026960,2000-06-15,727,733,689,704,17850
026960,2000-06-16,771,771,686,704,27240
026960,2000-06-19,689,704,654,685,21120
026960,2000-06-20,689,704,659,673,30860
026960,2000-06-21,719,730,689,720,38910
026960,2000-06-22,719,719,679,692,19050
026960,2000-06-23,682,716,656,685,21170
026960,2000-06-26,663,704,663,677,12040
026960,2000-06-27,698,710,647,677,35070
026960,2000-06-28,679,692,667,677,27870
026960,2000-06-29,689,704,673,691,19120
026960,2000-06-30,689,689,662,677,50080
026960,2000-07-03,667,684,654,669,44550
026960,2000-07-04,747,747,747,748,41250
026960,2000-07-05,749,812,662,704,154000
026960,2000-07-06,707,724,681,692,45370
026960,2000-07-07,707,707,667,685,52320
026960,2000-07-10,689,733,684,701,54430
026960,2000-07-11,701,705,667,686,30530
026960,2000-07-12,693,696,659,692,17580
026960,2000-07-13,676,704,675,697,9070
026960,2000-07-14,696,701,676,686,18660
026960,2000-07-18,689,713,673,707,62730
026960,2000-07-19,686,790,662,791,46920
026960,2000-07-20,761,761,699,713,75160
026960,2000-07-21,722,770,679,717,87460
026960,2000-07-24,735,801,735,802,393870
026960,2000-07-25,793,821,736,764,208040
026960,2000-07-26,752,799,719,748,145400
026960,2000-07-27,752,836,747,836,459310
026960,2000-07-28,895,913,756,800,426240
026960,2000-07-31,781,808,742,769,111860
026960,2000-08-01,781,836,779,790,141280
026960,2000-08-02,779,815,779,794,116540
026960,2000-08-03,793,815,764,781,182070
026960,2000-08-04,764,793,756,772,116820
026960,2000-08-07,787,827,767,800,182670
026960,2000-08-08,804,893,799,881,379280
026960,2000-08-09,868,884,808,823,257600
026960,2000-08-10,822,859,810,851,157920
026960,2000-08-11,859,859,815,838,155330
026960,2000-08-14,836,836,790,806,55100
026960,2000-08-16,792,824,784,805,42290
026960,2000-08-17,781,818,779,793,35720
026960,2000-08-18,781,808,779,797,44080
026960,2000-08-21,802,836,802,823,61440
026960,2000-08-22,822,872,822,851,354480
026960,2000-08-23,850,853,812,833,159960
026960,2000-08-24,818,925,813,860,448690
026960,2000-08-25,853,868,816,824,144950
026960,2000-08-28,824,828,784,806,142920
026960,2000-08-29,802,818,789,806,71070
026960,2000-08-30,807,812,784,800,47210
026960,2000-08-31,799,799,758,764,49650
026960,2000-09-01,744,789,744,780,36470
026960,2000-09-04,749,784,749,780,50580
026960,2000-09-05,779,779,756,770,15820
026960,2000-09-06,770,770,736,755,40510
026960,2000-09-07,722,755,701,718,47760
026960,2000-09-08,722,722,689,704,49800
026960,2000-09-14,673,682,644,683,56670
026960,2000-09-15,679,696,645,675,20010
026960,2000-09-18,648,660,593,610,39470
026960,2000-09-19,551,605,551,600,43240
026960,2000-09-20,613,641,606,623,19830
026960,2000-09-21,623,695,613,672,138210
026960,2000-09-22,623,663,591,606,85540
026960,2000-09-25,605,647,587,623,19930
026960,2000-09-26,603,645,603,634,6460
026960,2000-09-27,632,673,608,657,23090
026960,2000-09-28,682,682,632,643,11760
026960,2000-09-29,659,659,629,650,12860
026960,2000-10-02,667,673,629,637,8830
026960,2000-10-04,635,653,629,641,20340
026960,2000-10-05,659,667,635,647,31480
026960,2000-10-06,653,673,641,666,37080
026960,2000-10-09,673,716,659,689,76520
026960,2000-10-10,673,699,659,676,23350
026960,2000-10-11,667,673,638,658,24760
026960,2000-10-12,644,653,632,637,9820
026960,2000-10-13,644,644,584,613,23860
026960,2000-10-16,623,651,623,644,23560
026960,2000-10-17,638,638,615,620,24020
026960,2000-10-18,585,626,585,619,18160
026960,2000-10-19,613,623,599,615,16740
026960,2000-10-20,623,650,623,643,36410
026960,2000-10-23,630,662,623,650,42130
026960,2000-10-24,651,659,632,647,28680
026960,2000-10-25,654,654,642,643,2710
026960,2000-10-26,642,714,642,683,67510
026960,2000-10-27,669,704,632,655,39320
026960,2000-10-30,659,689,638,653,31100
026960,2000-10-31,644,679,613,647,24140
026960,2000-11-01,647,656,635,649,3990
026960,2000-11-02,644,673,635,672,70340
026960,2000-11-03,667,679,656,673,5860
026960,2000-11-06,676,714,676,704,60470
026960,2000-11-07,707,707,676,695,11730
026960,2000-11-08,707,707,686,707,21360
026960,2000-11-09,692,779,692,721,41370
026960,2000-11-10,745,799,727,748,193440
026960,2000-11-13,819,836,805,836,96430
026960,2000-11-14,838,898,796,841,371640
026960,2000-11-15,853,875,812,821,141260
026960,2000-11-16,824,895,812,857,249780
026960,2000-11-17,827,856,827,850,100060
026960,2000-11-20,838,840,793,800,111850
026960,2000-11-21,779,779,719,743,64960
026960,2000-11-22,749,808,749,786,102520
026960,2000-11-23,793,793,722,755,59660
026960,2000-11-24,815,815,704,778,43620
026960,2000-11-27,749,808,749,805,231980
026960,2000-11-28,793,824,762,809,106960
026960,2000-11-29,779,799,759,786,92190
026960,2000-11-30,776,779,704,742,66550
026960,2000-12-01,705,730,682,730,111330
026960,2000-12-04,690,744,689,704,31710
026960,2000-12-05,710,719,679,707,41240
026960,2000-12-06,716,724,701,701,64660
026960,2000-12-07,682,733,682,701,38680
026960,2000-12-08,707,722,704,720,47890
026960,2000-12-11,733,804,713,772,77470
026960,2000-12-12,773,774,722,734,25090
026960,2000-12-13,710,749,710,729,25830
026960,2000-12-14,719,736,719,737,15420
026960,2000-12-15,719,747,719,745,8800
026960,2000-12-18,756,756,727,746,13560
026960,2000-12-19,750,779,739,758,95470
026960,2000-12-20,773,776,724,743,28880
026960,2000-12-21,724,733,704,723,23790
026960,2000-12-22,710,739,698,729,27970
026960,2000-12-26,730,779,714,780,67890
026960,2001-01-02,719,758,704,743,47550
026960,2001-01-03,742,742,710,712,24410
026960,2001-01-04,726,736,716,723,63020
026960,2001-01-05,708,722,695,710,35400
026960,2001-01-08,695,722,682,698,20610
026960,2001-01-09,689,699,673,692,35290
026960,2001-01-10,692,736,681,695,62170
026960,2001-01-11,704,704,684,695,19690
026960,2001-01-12,704,733,689,721,79160
026960,2001-01-15,747,758,710,729,243170
026960,2001-01-16,714,729,699,713,32580
026960,2001-01-17,701,722,696,703,10140
026960,2001-01-18,695,716,693,701,33730
026960,2001-01-19,701,710,687,688,35910
026960,2001-01-22,702,702,689,701,23040
026960,2001-01-26,704,707,681,692,30660
026960,2001-01-29,692,719,684,720,52340
026960,2001-01-30,745,762,723,740,69230
026960,2001-01-31,752,755,724,743,22610
026960,2001-02-01,724,736,713,730,26010
026960,2001-02-02,727,732,713,730,21520
026960,2001-02-05,729,736,719,721,48680
026960,2001-02-06,713,729,713,723,11750
026960,2001-02-07,722,724,699,718,17750
026960,2001-02-08,702,719,702,720,8840
026960,2001-02-09,707,726,707,720,14590
026960,2001-02-12,719,747,713,737,76250
026960,2001-02-13,749,749,722,729,21420
026960,2001-02-14,733,776,730,761,73200
026960,2001-02-15,761,773,742,746,27100
026960,2001-02-16,755,759,744,755,39150
026960,2001-02-19,749,796,749,797,126230
026960,2001-02-20,796,796,773,780,68150
026960,2001-02-21,765,779,752,752,16110
026960,2001-02-22,764,764,726,727,48890
026960,2001-02-23,727,756,727,740,19520
026960,2001-02-26,745,776,745,758,25130
026960,2001-02-27,779,793,767,793,43230
026960,2001-02-28,779,808,755,758,29620
026960,2001-03-02,779,827,765,803,230020
026960,2001-03-05,805,884,805,853,257370
026960,2001-03-06,852,878,812,827,110860
026960,2001-03-07,853,925,827,926,1001620
026960,2001-03-08,998,1036,958,1037,399640
026960,2001-03-09,1075,1087,912,917,1065880
026960,2001-03-12,893,973,833,833,482820
026960,2001-03-13,815,868,781,848,363330
026960,2001-03-14,858,884,825,854,335310
026960,2001-03-15,824,878,813,854,336360
026960,2001-03-16,870,893,846,854,388550
026960,2001-03-19,867,881,833,836,225760
026960,2001-03-20,838,904,838,872,539110
026960,2001-03-21,875,950,850,902,460050
026960,2001-03-22,925,936,884,905,216350
026960,2001-03-23,913,913,890,899,151530
026960,2001-03-26,922,922,876,887,184660
026960,2001-03-27,895,895,830,830,177260
026960,2001-03-28,841,859,824,838,163670
026960,2001-03-29,827,868,824,859,165570
026960,2001-03-30,862,862,815,839,74760
026960,2001-04-02,836,836,808,809,46700
026960,2001-04-03,796,799,765,789,62170
026960,2001-04-04,779,793,745,755,412090
026960,2001-04-06,779,787,758,758,84770
026960,2001-04-09,770,821,764,794,207000
026960,2001-04-10,796,808,779,784,154070
026960,2001-04-11,793,808,784,803,79270
026960,2001-04-12,799,816,795,800,92830
026960,2001-04-13,793,808,790,808,110980
026960,2001-04-16,802,821,792,808,52450
026960,2001-04-17,808,808,787,806,78090
026960,2001-04-18,796,813,796,809,46450
026960,2001-04-19,818,853,818,833,328390
026960,2001-04-20,844,844,808,814,51730
026960,2001-04-23,821,859,821,839,154890
026960,2001-04-24,824,850,808,830,235870
026960,2001-04-25,850,868,831,833,139380
026960,2001-04-26,833,838,815,823,98430
026960,2001-04-27,822,833,812,826,76120
026960,2001-04-30,825,827,808,818,114700
026960,2001-05-02,819,864,818,839,268730
026960,2001-05-03,838,876,819,866,372300
026960,2001-05-04,868,895,844,881,588370
026960,2001-05-07,890,909,853,863,222090
026960,2001-05-08,838,853,831,836,128010
026960,2001-05-09,824,847,815,815,46090
026960,2001-05-10,815,833,804,827,111680
026960,2001-05-11,838,841,813,815,74800
026960,2001-05-14,818,818,802,815,66990
026960,2001-05-15,808,833,802,809,99690
026960,2001-05-16,818,827,805,824,151240
026960,2001-05-17,825,838,821,826,137280
026960,2001-05-18,825,853,825,854,112570
026960,2001-05-21,884,884,841,843,81690
026960,2001-05-22,862,862,827,843,42140
026960,2001-05-23,853,853,834,843,57620
026960,2001-05-24,844,878,843,862,103250
026960,2001-05-25,849,862,844,857,73800
026960,2001-05-28,859,878,853,857,80030
026960,2001-05-29,872,907,856,896,242080
026960,2001-05-30,916,985,895,929,636220
026960,2001-05-31,913,924,878,887,102770
026960,2001-06-01,901,901,853,865,253510
026960,2001-06-04,853,884,853,884,151020
026960,2001-06-05,882,882,852,857,88160
026960,2001-06-07,856,862,840,848,113410
026960,2001-06-08,853,862,844,859,77520
026960,2001-06-11,853,944,853,899,489070
026960,2001-06-12,890,988,884,971,392220
026960,2001-06-13,970,1018,944,971,386130
026960,2001-06-14,973,1004,935,1004,184860
026960,2001-06-15,1004,1039,982,1013,228440
026960,2001-06-18,1012,1012,973,998,61120
026960,2001-06-19,990,990,958,974,135360
026960,2001-06-20,979,1030,967,1000,163420
026960,2001-06-21,999,1033,988,1019,73560
026960,2001-06-22,998,1018,988,1019,17680
026960,2001-06-25,1004,1021,998,1010,68840
026960,2001-06-26,1005,1015,979,983,83430
026960,2001-06-27,973,982,950,961,89070
026960,2001-06-28,1004,1004,958,989,35950
026960,2001-06-29,988,1015,975,1016,76730
026960,2001-07-02,1015,1081,1004,1082,201890
026960,2001-07-03,1081,1108,1061,1082,93590
026960,2001-07-04,1108,1208,1098,1109,639890
026960,2001-07-05,1108,1122,1027,1058,265100
026960,2001-07-06,1033,1057,1004,1012,129480
026960,2001-07-09,993,1004,973,980,95000
026960,2001-07-10,982,1033,982,1010,76330
026960,2001-07-11,960,1039,960,1012,64430
026960,2001-07-12,1004,1044,1004,1028,45220
026960,2001-07-13,1036,1051,982,1001,65810
026960,2001-07-16,988,1011,967,976,30960
026960,2001-07-18,982,982,945,953,75300
026960,2001-07-19,944,976,935,977,61020
026960,2001-07-20,967,967,947,947,30930
026960,2001-07-23,928,979,928,937,61270
026960,2001-07-24,928,950,907,944,41760
026960,2001-07-25,931,941,913,929,12490
026960,2001-07-26,985,985,931,938,22600
026960,2001-07-27,966,967,939,953,15500
026960,2001-07-30,947,958,938,959,6180
026960,2001-07-31,964,1009,961,989,61290
026960,2001-08-01,979,1004,979,1004,7280
026960,2001-08-02,994,1017,988,1007,28180
026960,2001-08-03,1007,1027,998,1001,14210
026960,2001-08-06,1001,1012,994,998,9050
026960,2001-08-07,998,1017,991,1010,23630
026960,2001-08-08,1009,1027,1001,1010,8770
026960,2001-08-09,1004,1048,990,1046,29150
026960,2001-08-10,1045,1066,1033,1034,26930
026960,2001-08-13,1033,1036,1012,1016,20890
026960,2001-08-14,1018,1090,1018,1064,22810
026960,2001-08-16,1081,1117,1064,1109,77630
026960,2001-08-17,1093,1121,1081,1121,15730
026960,2001-08-20,1102,1121,1061,1088,18050
026960,2001-08-21,1093,1134,1093,1124,26770
026960,2001-08-22,1123,1224,1123,1184,100310
026960,2001-08-23,1195,1228,1183,1187,43310
026960,2001-08-24,1186,1192,1168,1184,9850
026960,2001-08-27,1204,1204,1153,1154,21910
026960,2001-08-28,1168,1183,1153,1169,19010
026960,2001-08-29,1165,1165,1093,1109,47920
026960,2001-08-30,1061,1138,1061,1106,55580
026960,2001-08-31,1061,1102,1061,1088,24920
026960,2001-09-03,1061,1114,1061,1107,5960
026960,2001-09-04,1108,1177,1095,1138,8500
026960,2001-09-05,1123,1138,1095,1136,9380
026960,2001-09-06,1153,1153,1117,1139,6320
026960,2001-09-07,1153,1153,1108,1135,6290
026960,2001-09-10,1138,1138,1111,1133,8550
026960,2001-09-11,1132,1132,1102,1109,9670
026960,2001-09-12,991,1048,991,1034,39410
026960,2001-09-13,1033,1064,1033,1050,16620
026960,2001-09-14,1048,1048,979,1016,27890
026960,2001-09-17,1012,1042,973,1016,75020
026960,2001-09-18,1036,1064,1036,1049,18300
026960,2001-09-19,1045,1087,1045,1079,31450
026960,2001-09-20,1036,1078,1036,1055,9180
026960,2001-09-21,1033,1093,1021,1076,99610
026960,2001-09-24,1083,1090,1048,1088,39550
026960,2001-09-25,1093,1152,1093,1109,56850
026960,2001-09-26,1111,1138,1099,1112,19930
026960,2001-09-27,1099,1150,1099,1124,17300
026960,2001-09-28,1125,1162,1114,1154,17550
026960,2001-10-04,1168,1213,1168,1208,49320
026960,2001-10-05,1183,1211,1153,1163,21380
026960,2001-10-08,1138,1213,1138,1199,56280
026960,2001-10-09,1255,1255,1198,1199,12610
026960,2001-10-10,1198,1213,1180,1205,8760
026960,2001-10-11,1205,1243,1198,1244,24470
026960,2001-10-12,1285,1285,1213,1259,6530
026960,2001-10-15,1258,1378,1258,1349,119580
026960,2001-10-16,1363,1394,1336,1378,18660
026960,2001-10-17,1342,1390,1342,1364,13770
026960,2001-10-18,1366,1366,1318,1347,9870
026960,2001-10-19,1296,1376,1296,1346,29110
026960,2001-10-22,1309,1376,1309,1332,32140
026960,2001-10-23,1331,1360,1318,1325,9610
026960,2001-10-24,1348,1387,1345,1352,84730
026960,2001-10-25,1393,1408,1348,1375,35800
026960,2001-10-26,1378,1399,1363,1373,8190
026960,2001-10-29,1372,1393,1348,1394,17560
026960,2001-10-30,1393,1393,1351,1372,11360
026960,2001-10-31,1369,1393,1362,1379,6070
026960,2001-11-01,1402,1402,1348,1352,18380
026960,2001-11-02,1351,1391,1348,1380,13340
026960,2001-11-05,1391,1423,1369,1376,31670
026960,2001-11-06,1390,1408,1363,1382,12180
026960,2001-11-07,1372,1402,1372,1391,3110
026960,2001-11-08,1390,1390,1351,1388,19220
026960,2001-11-09,1387,1387,1363,1364,13820
026960,2001-11-12,1365,1438,1365,1388,15860
026960,2001-11-13,1369,1390,1369,1383,4110
026960,2001-11-14,1381,1420,1381,1409,4740
026960,2001-11-15,1423,1423,1393,1409,6900
026960,2001-11-16,1408,1408,1378,1399,12710
026960,2001-11-19,1413,1413,1382,1398,16290
026960,2001-11-20,1393,1408,1387,1388,7780
026960,2001-11-21,1382,1552,1382,1459,23220
026960,2001-11-22,1498,1612,1498,1553,53440
026960,2001-11-23,1552,1552,1516,1529,22350
026960,2001-11-26,1573,1573,1498,1529,21700
026960,2001-11-27,1534,1534,1441,1502,46730
026960,2001-11-28,1483,1483,1456,1456,75810
026960,2001-11-29,1456,1480,1444,1464,3100
026960,2001-11-30,1456,1513,1456,1499,21710
026960,2001-12-03,1510,1525,1477,1499,8640
026960,2001-12-04,1498,1528,1483,1484,16560
026960,2001-12-05,1484,1495,1456,1484,12920
026960,2001-12-06,1468,1471,1384,1391,111120
026960,2001-12-07,1393,1435,1318,1409,129980
026960,2001-12-10,1423,1438,1399,1439,94560
026960,2001-12-11,1445,1445,1411,1439,31210
026960,2001-12-12,1419,1429,1396,1430,19020
026960,2001-12-13,1408,1429,1408,1430,10490
026960,2001-12-14,1411,1451,1410,1452,73830
026960,2001-12-17,1470,1624,1470,1544,75380
026960,2001-12-18,1543,1573,1498,1529,32830
026960,2001-12-19,1528,1617,1528,1589,37160
026960,2001-12-20,1561,1588,1546,1559,13650
026960,2001-12-21,1558,1573,1477,1499,14600
026960,2001-12-24,1543,1558,1498,1553,28860
026960,2001-12-26,1555,1567,1537,1565,28330
026960,2001-12-27,1525,1525,1453,1499,8520
026960,2001-12-28,1468,1528,1468,1484,2210
026960,2002-01-02,1501,1528,1483,1529,28710
026960,2002-01-03,1417,1555,1417,1538,28390
026960,2002-01-04,1473,1534,1473,1499,48630
026960,2002-01-07,1498,1498,1468,1484,5060
026960,2002-01-08,1468,1495,1438,1488,27860
026960,2002-01-09,1498,1498,1453,1497,13000
026960,2002-01-10,1474,1498,1456,1499,4320
026960,2002-01-11,1468,1496,1454,1469,5520
026960,2002-01-14,1468,1492,1468,1472,11790
026960,2002-01-15,1468,1543,1438,1484,33860
026960,2002-01-16,1483,1513,1483,1513,15850
026960,2002-01-17,1471,1513,1468,1496,680
026960,2002-01-18,1471,1498,1468,1499,1450
026960,2002-01-21,1495,1504,1492,1499,8940
026960,2002-01-22,1498,1507,1492,1508,8150
026960,2002-01-23,1470,1498,1444,1459,13590
026960,2002-01-24,1495,1495,1468,1484,1380
026960,2002-01-25,1483,1492,1468,1493,17300
026960,2002-01-28,1492,1522,1489,1519,14740
026960,2002-01-29,1528,1677,1522,1604,70860
026960,2002-01-30,1558,1603,1528,1544,13410
026960,2002-01-31,1558,1573,1522,1565,3480
026960,2002-02-01,1609,1609,1528,1529,27130
026960,2002-02-04,1528,1546,1489,1493,9080
026960,2002-02-05,1474,1490,1468,1491,4100
026960,2002-02-06,1474,1486,1468,1487,7810
026960,2002-02-07,1474,1642,1474,1487,32430
026960,2002-02-08,1483,1486,1459,1487,8850
026960,2002-02-14,1486,1486,1464,1470,33300
026960,2002-02-15,1453,1470,1453,1466,12840
026960,2002-02-18,1453,1496,1453,1481,25230
026960,2002-02-19,1480,1534,1471,1499,18320
026960,2002-02-20,1483,1528,1483,1499,21170
026960,2002-02-21,1498,1573,1498,1573,54090
026960,2002-02-22,1573,1677,1573,1652,89980
026960,2002-02-25,1648,1648,1588,1589,20230
026960,2002-02-26,1588,1627,1588,1604,31930
026960,2002-02-27,1714,1714,1627,1679,8450
026960,2002-02-28,1648,1663,1603,1664,10910
026960,2002-03-04,1663,1663,1603,1633,11290
026960,2002-03-05,1633,1645,1591,1633,33260
026960,2002-03-06,1630,1783,1617,1648,27250
026960,2002-03-07,1648,1648,1606,1619,18160
026960,2002-03-08,1617,1617,1582,1619,16210
026960,2002-03-11,1617,1633,1588,1607,8910
026960,2002-03-12,1606,1627,1606,1619,4960
026960,2002-03-13,1582,1630,1531,1616,25730
026960,2002-03-14,1617,1617,1588,1610,11330
026960,2002-03-15,1594,1624,1588,1625,18290
026960,2002-03-18,1633,1669,1624,1661,35350
026960,2002-03-19,1677,1753,1677,1721,63740
026960,2002-03-20,1744,1744,1696,1718,26170
026960,2002-03-21,1714,1731,1696,1733,18920
026960,2002-03-22,1756,1863,1737,1816,127560
026960,2002-03-25,1828,1870,1788,1828,36930
026960,2002-03-26,1828,1828,1783,1798,29750
026960,2002-03-27,1797,1797,1726,1765,19610
026960,2002-03-28,1737,1768,1714,1768,41920
026960,2002-03-29,1786,1788,1726,1768,38810
026960,2002-04-01,1768,1813,1744,1784,155300
026960,2002-04-02,1768,1783,1753,1784,6030
026960,2002-04-03,1783,1807,1737,1801,18330
026960,2002-04-04,1774,1800,1774,1801,3820
026960,2002-04-08,1783,1888,1774,1813,40560
026960,2002-04-09,1813,1854,1800,1801,126840
026960,2002-04-10,1813,1857,1753,1828,38340
026960,2002-04-11,1843,1879,1828,1855,3590
026960,2002-04-12,1828,1828,1786,1825,5400
026960,2002-04-15,1828,1857,1825,1850,9560
026960,2002-04-16,1857,1857,1831,1831,5150
026960,2002-04-17,1854,1854,1828,1828,4500
026960,2002-04-18,1813,1851,1813,1844,6380
026960,2002-04-19,1831,1843,1816,1841,5490
026960,2002-04-22,1831,1831,1791,1793,18820
026960,2002-04-23,1791,1807,1771,1790,12410
026960,2002-04-24,1783,1803,1768,1784,8760
026960,2002-04-25,1756,1783,1737,1784,9730
026960,2002-04-26,1783,1797,1765,1784,8740
026960,2002-04-29,1794,1797,1765,1793,16530
026960,2002-04-30,1791,1797,1768,1775,35340
026960,2002-05-02,1783,1783,1771,1784,2170
026960,2002-05-03,1759,1780,1753,1781,680
026960,2002-05-06,1783,1783,1783,1784,1500
026960,2002-05-07,1768,1780,1768,1781,2430
026960,2002-05-08,1783,1783,1762,1784,13940
026960,2002-05-09,1783,1828,1771,1771,5680
026960,2002-05-10,1794,1794,1759,1796,3120
026960,2002-05-13,1737,1771,1737,1771,1260
026960,2002-05-14,1788,1788,1788,1790,1620
026960,2002-05-15,1768,1768,1768,1768,100
026960,2002-05-16,1768,1788,1768,1790,180
026960,2002-05-17,1788,1797,1788,1798,4340
026960,2002-05-20,1788,1788,1788,1790,0
026960,2002-05-21,1788,1788,1788,1790,0
026960,2002-05-22,1791,1797,1791,1796,1900
026960,2002-05-23,1797,1797,1768,1768,10430
026960,2002-05-24,1788,1797,1768,1768,1060
026960,2002-05-27,1788,1797,1756,1796,11520
026960,2002-05-28,1797,1797,1768,1775,19700
026960,2002-05-29,1768,1774,1768,1775,53180
026960,2002-05-30,1774,1774,1774,1775,20000
026960,2002-05-31,1777,1797,1708,1798,6450
026960,2002-06-03,1783,1797,1783,1798,18300
026960,2002-06-04,1737,1791,1737,1793,5110
026960,2002-06-05,1797,1797,1737,1768,1980
026960,2002-06-07,1768,1768,1762,1762,1300
026960,2002-06-10,1737,1791,1737,1775,41160
026960,2002-06-11,1774,1774,1774,1775,0
026960,2002-06-12,1797,1797,1797,1798,10
026960,2002-06-14,1797,1797,1762,1762,2350
026960,2002-06-17,1737,1783,1737,1739,2390
026960,2002-06-18,1711,1737,1708,1708,6950
026960,2002-06-19,1723,1723,1591,1661,8080
026960,2002-06-20,1648,1677,1648,1664,27290
026960,2002-06-21,1648,1663,1617,1664,30240
026960,2002-06-24,1663,1663,1624,1627,9750
026960,2002-06-25,1636,1674,1617,1664,28490
026960,2002-06-26,1705,1705,1588,1673,9120
026960,2002-06-27,1677,1677,1677,1679,3800
026960,2002-06-28,1663,1705,1663,1705,670
026960,2002-07-02,1677,1677,1677,1679,100
026960,2002-07-03,1699,1702,1677,1679,9200
026960,2002-07-04,1677,1702,1677,1679,8970
026960,2002-07-05,1693,1737,1693,1739,2410
026960,2002-07-08,1723,1737,1723,1739,3000
026960,2002-07-09,1762,1762,1723,1724,770
026960,2002-07-10,1765,1765,1753,1753,2790
026960,2002-07-11,1753,1768,1708,1753,27150
026960,2002-07-12,1783,1828,1753,1813,90160
026960,2002-07-15,1813,1828,1813,1819,5570
026960,2002-07-16,1819,1828,1816,1828,9420
026960,2002-07-18,1822,1828,1797,1813,13160
026960,2002-07-19,1813,1813,1768,1768,4710
026960,2002-07-22,1771,1771,1768,1768,2600
026960,2002-07-23,1813,1813,1753,1756,2620
026960,2002-07-24,1737,1762,1737,1762,510
026960,2002-07-25,1765,1888,1765,1873,110080
026960,2002-07-26,1873,1873,1857,1873,4090
026960,2002-07-29,1879,1879,1873,1879,1200
026960,2002-07-30,1888,1888,1882,1888,10210
026960,2002-07-31,1902,1948,1902,1933,6200
026960,2002-08-01,1977,2037,1962,2038,19240
026960,2002-08-02,2037,2187,2034,2128,29810
026960,2002-08-05,2157,2382,2157,2383,51640
026960,2002-08-06,2514,2514,2247,2383,69160
026960,2002-08-07,2397,2397,2265,2338,12060
026960,2002-08-08,2337,2352,2256,2353,21100
026960,2002-08-09,2337,2487,2337,2383,19060
026960,2002-08-12,2277,2427,2277,2338,5180
026960,2002-08-13,2397,2397,2253,2278,8940
026960,2002-08-14,2220,2304,2172,2287,16680
026960,2002-08-16,2250,2271,2187,2188,4240
026960,2002-08-19,2187,2247,2157,2185,10790
026960,2002-08-20,2185,2247,2166,2188,9970
026960,2002-08-21,2187,2406,2187,2248,3390
026960,2002-08-22,2358,2391,2259,2335,3210
026960,2002-08-23,2331,2331,2262,2263,3030
026960,2002-08-26,2220,2295,2217,2227,7310
026960,2002-08-27,2274,2337,2232,2233,2240
026960,2002-08-28,2274,2499,2274,2308,5020
026960,2002-08-29,2487,2487,2367,2398,1900
026960,2002-08-30,2352,2427,2337,2398,3570
026960,2002-09-02,2397,2454,2337,2413,1480
026960,2002-09-03,2427,2457,2394,2413,3720
026960,2002-09-04,2367,2412,2337,2413,1070
026960,2002-09-05,2472,2472,2367,2401,2290
026960,2002-09-06,2400,2451,2340,2452,3310
026960,2002-09-09,2742,2745,2469,2572,16330
026960,2002-09-10,2571,2664,2535,2653,10700
026960,2002-09-11,2697,2907,2652,2848,31300
026960,2002-09-12,2877,2921,2847,2905,16390
026960,2002-09-13,2921,2937,2739,2829,19020
026960,2002-09-16,2823,2892,2712,2743,14120
026960,2002-09-17,2847,2847,2718,2797,3390
026960,2002-09-18,2712,2802,2580,2697,6730
026960,2002-09-19,2655,2769,2598,2697,4900
026960,2002-09-23,2757,2757,2598,2599,6980
026960,2002-09-24,2598,2661,2517,2560,6750
026960,2002-09-25,2544,2694,2469,2488,5880
026960,2002-09-26,2487,2529,2433,2434,5160
026960,2002-09-27,2433,2487,2427,2485,1720
026960,2002-09-30,2487,2487,2433,2434,820
026960,2002-10-01,2151,2547,2151,2473,1650
026960,2002-10-02,2493,2538,2217,2473,1490
026960,2002-10-04,2277,2352,2202,2308,28580
026960,2002-10-07,2217,2232,2085,2086,54100
026960,2002-10-08,2085,2133,2085,2131,154620
026960,2002-10-09,2136,2169,2130,2143,6220
026960,2002-10-10,2208,2208,2052,2068,69360
026960,2002-10-11,2214,2214,2052,2068,18920
026960,2002-10-14,2172,2172,2071,2143,320
026960,2002-10-15,1888,2142,1888,2038,89390
026960,2002-10-16,2119,2119,2052,2077,11230
026960,2002-10-17,2040,2082,2037,2077,8760
026960,2002-10-18,2125,2125,2059,2068,3660
026960,2002-10-21,2046,2068,2008,2068,1310
026960,2002-10-22,2068,2088,1951,2056,99350
026960,2002-10-23,1993,2076,1993,2077,12550
026960,2002-10-24,2068,2076,2052,2077,50930
026960,2002-10-25,2037,2079,2022,2080,2170
026960,2002-10-28,2052,2079,2052,2068,22680
026960,2002-10-29,2091,2125,2091,2107,1400
026960,2002-10-30,2100,2166,2100,2143,36930
026960,2002-10-31,2133,2142,2103,2143,46970
026960,2002-11-01,2133,2187,2128,2128,4060
026960,2002-11-04,2211,2214,2128,2128,2100
026960,2002-11-05,2133,2169,2128,2170,2490
026960,2002-11-06,2169,2169,2128,2143,6110
026960,2002-11-07,2128,2145,2112,2113,4390
026960,2002-11-08,2139,2139,2097,2140,80
026960,2002-11-11,2139,2185,2128,2128,930
026960,2002-11-12,2097,2179,2097,2179,1180
026960,2002-11-13,2175,2185,2130,2185,1210
026960,2002-11-14,2157,2187,2157,2185,570
026960,2002-11-15,2160,2182,2128,2182,6640
026960,2002-11-18,2128,2157,2128,2158,3830
026960,2002-11-19,2163,2163,2128,2128,2800
026960,2002-11-20,2112,2154,2097,2155,23180
026960,2002-11-21,2154,2157,2112,2152,15940
026960,2002-11-22,2119,2157,2097,2140,8440
026960,2002-11-25,2151,2154,2097,2152,18790
026960,2002-11-26,2112,2148,2097,2143,11540
026960,2002-11-27,2128,2128,2088,2098,3660
026960,2002-11-28,2076,2100,2076,2083,15220
026960,2002-11-29,2082,2128,2079,2128,18710
026960,2002-12-02,2097,2128,2082,2113,1480
026960,2002-12-03,2128,2142,2119,2128,1710
026960,2002-12-04,2106,2106,2091,2092,290
026960,2002-12-05,2091,2142,2085,2140,85430
026960,2002-12-06,2142,2142,2097,2143,430
026960,2002-12-09,2112,2142,2112,2143,370
026960,2002-12-10,2103,2139,2100,2137,290
026960,2002-12-11,2097,2122,2097,2122,20
026960,2002-12-12,2136,2334,2136,2161,3150
026960,2002-12-13,2172,2187,2172,2188,1790
026960,2002-12-16,2187,2242,2157,2242,250
026960,2002-12-17,2247,2247,2187,2233,1150
026960,2002-12-18,2172,2199,2097,2200,565880
026960,2002-12-20,2244,2247,2244,2248,1320
026960,2002-12-23,2217,2271,2190,2191,160
026960,2002-12-24,2187,2187,2172,2188,1710
026960,2002-12-26,2157,2247,2112,2188,4930
026960,2002-12-27,2172,2172,2128,2128,420
026960,2002-12-30,2128,2128,2008,2128,1350
026960,2003-01-02,2097,2097,2049,2050,1010
026960,2003-01-03,2125,2125,2052,2098,1380
026960,2003-01-06,2031,2052,2008,2053,3870
026960,2003-01-07,2065,2065,2008,2008,720
026960,2003-01-08,2008,2008,2008,2008,0
026960,2003-01-09,2062,2062,1983,2032,1540
026960,2003-01-10,2016,2016,1993,1993,1030
026960,2003-01-13,1977,1977,1759,1918,3560
026960,2003-01-14,1902,1933,1873,1933,5290
026960,2003-01-15,1860,2091,1860,1891,4850
026960,2003-01-16,1891,1948,1888,1948,2780
026960,2003-01-17,1942,1942,1843,1942,2240
026960,2003-01-20,1860,1917,1860,1918,890
026960,2003-01-21,1908,1908,1908,1910,0
026960,2003-01-22,1902,1902,1902,1904,30
026960,2003-01-23,1942,1942,1834,1888,130620
026960,2003-01-24,1888,1888,1888,1888,0
026960,2003-01-27,1831,1857,1831,1858,1130
026960,2003-01-28,1926,1926,1926,1927,10
026960,2003-01-29,1902,1939,1831,1831,360
026960,2003-01-30,1942,1942,1857,1901,550
026960,2003-02-03,1917,1917,1845,1870,2030
026960,2003-02-04,1848,1857,1813,1828,9160
026960,2003-02-05,1813,1866,1813,1867,310
026960,2003-02-06,1797,1843,1797,1834,250820
026960,2003-02-07,1794,1794,1737,1787,4000
026960,2003-02-10,1708,1734,1654,1679,2860
026960,2003-02-11,1677,1720,1677,1684,1860
026960,2003-02-12,1684,1729,1684,1730,350
026960,2003-02-13,1690,1731,1684,1733,150
026960,2003-02-14,1731,1734,1708,1736,1130
026960,2003-02-17,1762,1825,1762,1825,850
026960,2003-02-18,1816,1857,1816,1858,740
026960,2003-02-19,1888,1986,1888,1918,4380
026960,2003-02-20,1917,1917,1888,1918,8380
026960,2003-02-21,1917,1917,1917,1918,1010
026960,2003-02-24,1942,1948,1917,1918,500
026960,2003-02-25,1917,1977,1888,1948,2000
026960,2003-02-26,1948,1977,1948,1948,1520
026960,2003-02-27,1942,1948,1942,1948,40
026960,2003-02-28,1902,1948,1902,1948,20
026960,2003-03-03,1888,1948,1888,1948,170
026960,2003-03-04,1933,1933,1933,1933,0
026960,2003-03-05,1888,1917,1888,1918,110
026960,2003-03-06,1888,1888,1723,1793,950
026960,2003-03-07,1797,1888,1768,1888,25650
026960,2003-03-10,1857,1873,1843,1873,14950
026960,2003-03-11,1873,1879,1857,1879,13620
026960,2003-03-12,1845,1945,1845,1945,28470
026960,2003-03-13,1873,1888,1870,1888,28500
026960,2003-03-14,1873,1948,1873,1888,14390
026960,2003-03-17,1888,1917,1888,1907,21400
026960,2003-03-18,1917,2133,1888,2134,31620
026960,2003-03-19,2068,2068,1882,1882,39520
026960,2003-03-20,1882,1917,1879,1918,19570
026960,2003-03-21,1914,1948,1914,1948,1930
026960,2003-03-24,1891,1917,1891,1918,180
026960,2003-03-25,1891,1948,1888,1918,7390
026960,2003-03-26,1891,1942,1891,1918,3480
026960,2003-03-27,1942,1942,1917,1918,480
026960,2003-03-28,1917,1962,1917,1964,2220
026960,2003-03-31,1962,2002,1962,1993,910
026960,2003-04-01,2002,2229,2002,2128,31880
026960,2003-04-02,2185,2232,2130,2131,16820
026960,2003-04-03,2145,2185,2097,2098,19040
026960,2003-04-04,2128,2151,2115,2128,3630
026960,2003-04-07,2128,2199,2128,2158,416
026960,2003-04-08,2142,2157,2097,2113,342
026960,2003-04-09,2097,2112,2097,2101,830
026960,2003-04-10,2112,2157,2112,2143,452
026960,2003-04-11,2157,2157,2106,2155,694
026960,2003-04-14,2142,2172,2128,2173,297
026960,2003-04-15,2185,2244,2185,2215,1770
026960,2003-04-16,2247,2307,2232,2305,6364
026960,2003-04-17,2310,2430,2295,2431,5272
026960,2003-04-18,2544,2547,2367,2548,2066
026960,2003-04-21,2577,2577,2490,2577,1942
026960,2003-04-22,2538,2577,2532,2548,1805
026960,2003-04-23,2547,2787,2502,2728,2663
026960,2003-04-24,2787,2787,2574,2697,1899
026960,2003-04-25,2697,2697,2499,2557,1652
026960,2003-04-28,2592,2592,2442,2548,2497
026960,2003-04-29,2547,2547,2490,2542,1417
026960,2003-04-30,2562,2637,2484,2485,1580
026960,2003-05-02,2514,2514,2427,2506,625
026960,2003-05-06,2544,2547,2448,2533,1691
026960,2003-05-07,2517,2532,2472,2530,1275
026960,2003-05-09,2529,2529,2472,2473,1474
026960,2003-05-12,2475,2529,2454,2488,1820
026960,2003-05-13,2517,2541,2451,2452,1930
026960,2003-05-14,2484,2487,2397,2398,3149
026960,2003-05-15,2427,2427,2367,2398,3330
026960,2003-05-16,2661,2685,2547,2686,9546
026960,2003-05-19,2727,2966,2697,2908,7883
026960,2003-05-20,2946,2997,2877,2997,7066
026960,2003-05-21,3057,3356,2997,3357,13318
026960,2003-05-22,3566,3746,3356,3747,9758
026960,2003-05-23,4105,4196,3491,3717,24380
026960,2003-05-26,3656,3761,3491,3597,13420
026960,2003-05-27,3596,3656,3266,3432,9002
026960,2003-05-28,3356,3446,3026,3028,15881
026960,2003-05-29,3072,3386,2909,3207,13171
026960,2003-05-30,3236,3386,3117,3117,4824
026960,2003-06-02,3117,3236,2966,2997,5261
026960,2003-06-03,3012,3101,2921,3102,5311
026960,2003-06-04,3146,3341,3146,3312,6195
026960,2003-06-05,3386,3386,3192,3192,3375
026960,2003-06-09,3146,3296,3086,3132,3659
026960,2003-06-10,3132,3221,3057,3207,3341
026960,2003-06-11,3146,3296,3146,3177,3921
026960,2003-06-12,3192,3251,3132,3162,3133
026960,2003-06-13,3177,3192,3132,3162,2758
026960,2003-06-16,3117,3506,3057,3447,4929
026960,2003-06-17,3536,3746,3476,3687,7908
026960,2003-06-18,3686,3776,3596,3627,8493
026960,2003-06-19,3611,3626,3311,3387,7058
026960,2003-06-20,3386,3446,3117,3192,10881
026960,2003-06-23,3192,3296,3117,3192,6112
026960,2003-06-24,3177,3371,3117,3357,9428
026960,2003-06-25,3296,3446,3146,3147,9354
026960,2003-06-26,3146,3146,3146,3147,0
026960,2003-06-27,3146,3146,3146,3147,0
026960,2003-06-30,2997,3521,2997,3522,147833
026960,2003-07-01,3746,3746,3266,3297,165483
026960,2003-07-02,3341,3386,3146,3207,76724
026960,2003-07-03,3221,3296,3072,3088,83554
026960,2003-07-04,3041,3177,3026,3072,39212
026960,2003-07-07,3086,3117,2966,3028,91416
026960,2003-07-08,3057,3101,2969,2997,72274
026960,2003-07-09,2997,3026,2937,2937,49335
026960,2003-07-10,2966,2981,2805,2949,57183
026960,2003-07-11,2940,2966,2847,2848,41951
026960,2003-07-14,2823,2832,2697,2791,46313
026960,2003-07-15,2748,2850,2748,2760,22874
026960,2003-07-16,2742,2820,2685,2697,31394
026960,2003-07-18,2697,2757,2589,2593,36421
026960,2003-07-21,2592,2592,2532,2548,23956
026960,2003-07-22,2517,2601,2502,2542,23495
026960,2003-07-23,2541,2616,2487,2617,35739
026960,2003-07-24,2616,2754,2616,2697,48178
026960,2003-07-25,2697,2727,2577,2608,29426
026960,2003-07-28,2607,2607,2517,2593,35873
026960,2003-07-29,2589,2589,2544,2557,23683
026960,2003-07-30,2520,2592,2520,2557,20937
026960,2003-07-31,2592,2592,2553,2587,8863
026960,2003-08-01,2559,2679,2559,2637,18840
026960,2003-08-04,2565,2637,2565,2620,5626
026960,2003-08-05,2592,2616,2577,2577,14751
026960,2003-08-06,2547,2607,2547,2599,16035
026960,2003-08-07,2598,2598,2547,2599,13558
026960,2003-08-08,2589,2613,2571,2572,22805
026960,2003-08-11,2571,2733,2571,2734,68269
026960,2003-08-12,2733,2966,2733,2817,58316
026960,2003-08-13,2817,2847,2667,2697,61634
026960,2003-08-14,2697,2697,2631,2637,39426
026960,2003-08-18,2667,2667,2598,2623,14396
026960,2003-08-19,2622,2664,2613,2643,52021
026960,2003-08-20,2613,2852,2613,2773,73031
026960,2003-08-21,2772,2832,2715,2757,38778
026960,2003-08-22,2727,2847,2709,2808,28342
026960,2003-08-25,2760,2805,2730,2769,15556
026960,2003-08-26,2787,2814,2667,2686,21785
026960,2003-08-27,2676,2721,2640,2640,25548
026960,2003-08-28,2628,2658,2604,2650,13834
026960,2003-08-29,2649,2712,2592,2623,23586
026960,2003-09-01,2628,2688,2622,2665,13965
026960,2003-09-02,2673,2688,2631,2632,8729
026960,2003-09-03,2691,2691,2628,2647,16814
026960,2003-09-04,2625,2736,2622,2647,13709
026960,2003-09-05,2667,2715,2637,2674,22237
026960,2003-09-08,2625,2691,2625,2659,27807
026960,2003-09-09,2712,2712,2646,2668,11005
026960,2003-09-15,2652,2682,2652,2668,18390
026960,2003-09-16,2694,2757,2667,2757,26487
026960,2003-09-17,2772,2784,2727,2782,21725
026960,2003-09-18,2814,2814,2745,2746,17899
026960,2003-09-19,2748,2748,2676,2728,16358
026960,2003-09-22,2658,2727,2577,2593,38607
026960,2003-09-23,2517,2628,2517,2608,19620
026960,2003-09-24,2583,2661,2583,2599,7829
026960,2003-09-25,2598,2634,2568,2580,16299
026960,2003-09-26,2592,2772,2592,2725,27687
026960,2003-09-29,2772,2772,2607,2700,16025
026960,2003-09-30,2703,2754,2697,2740,14136
026960,2003-10-01,2697,2739,2697,2697,31181
026960,2003-10-02,2706,2736,2676,2697,14037
026960,2003-10-06,2703,2742,2697,2697,10183
026960,2003-10-07,2724,2727,2688,2703,12440
026960,2003-10-08,2736,2787,2703,2757,15817
026960,2003-10-09,2787,2787,2709,2788,9652
026960,2003-10-10,2757,2787,2727,2743,5907
026960,2003-10-13,2715,2742,2697,2722,9104
026960,2003-10-14,2697,2754,2697,2697,12674
026960,2003-10-15,2697,2727,2697,2722,10506
026960,2003-10-16,2712,2712,2697,2706,16151
026960,2003-10-17,2685,2718,2685,2697,13294
026960,2003-10-20,2697,2727,2688,2697,15115
026960,2003-10-21,2697,2757,2694,2700,8851
026960,2003-10-22,2739,2739,2697,2697,9164
026960,2003-10-23,2697,2733,2682,2697,15323
026960,2003-10-24,2697,2736,2673,2694,7032
026960,2003-10-27,2709,2709,2637,2694,15864
026960,2003-10-28,2652,2721,2652,2694,18182
026960,2003-10-29,2658,2703,2640,2662,13297
026960,2003-10-30,2664,2682,2637,2643,7708
026960,2003-10-31,2640,2676,2640,2640,4885
026960,2003-11-03,2643,2679,2637,2668,6430
026960,2003-11-04,2655,2700,2637,2668,11370
026960,2003-11-05,2739,2739,2640,2665,14211
026960,2003-11-06,2724,2724,2643,2665,3965
026960,2003-11-07,2697,2697,2622,2650,9729
026960,2003-11-10,2667,2667,2643,2665,21759
026960,2003-11-11,2688,2688,2652,2656,5693
026960,2003-11-12,2652,2667,2646,2656,13696
026960,2003-11-13,2661,2661,2637,2650,6809
026960,2003-11-14,2643,2706,2640,2659,35258
026960,2003-11-17,2649,2691,2649,2659,34096
026960,2003-11-18,2688,2688,2652,2668,23137
026960,2003-11-19,2649,2688,2622,2643,5611
026960,2003-11-20,2637,2676,2634,2640,19473
026960,2003-11-21,2640,2784,2640,2697,56078
026960,2003-11-24,2736,2787,2697,2697,34437
026960,2003-11-25,2727,2937,2715,2937,45587
026960,2003-11-26,2937,2997,2844,2877,28801
026960,2003-11-27,2829,2940,2721,2773,30967
026960,2003-11-28,2772,2931,2772,2896,38494
026960,2003-12-01,2907,2964,2847,2908,23586
026960,2003-12-02,2952,2952,2858,2899,20929
026960,2003-12-03,2907,2907,2805,2877,12115
026960,2003-12-04,2886,2975,2877,2889,28032
026960,2003-12-05,2877,2931,2877,2880,25556
026960,2003-12-08,2907,2907,2877,2880,24691
026960,2003-12-09,2880,2898,2877,2877,13200
026960,2003-12-10,2877,2918,2877,2892,28009
026960,2003-12-11,2895,2937,2895,2917,7552
026960,2003-12-12,2915,2924,2877,2917,15133
026960,2003-12-15,2892,2907,2877,2877,27134
026960,2003-12-16,2877,2937,2871,2914,20616
026960,2003-12-17,2892,2934,2861,2908,11567
026960,2003-12-18,2886,2892,2852,2860,87701
026960,2003-12-19,2877,2877,2757,2874,13167
026960,2003-12-22,2760,2877,2760,2862,40346
026960,2003-12-23,2861,2909,2861,2862,14112
026960,2003-12-24,2861,2921,2861,2908,10506
026960,2003-12-26,2937,2937,2861,2877,7097
026960,2003-12-29,2817,2877,2760,2776,9123
026960,2003-12-30,2760,2811,2670,2779,11357
026960,2004-01-02,2778,2798,2766,2779,5097
026960,2004-01-05,2775,2847,2775,2842,14519
026960,2004-01-06,2778,2847,2772,2788,14348
026960,2004-01-07,2847,2847,2742,2743,6326
026960,2004-01-08,2727,2805,2697,2773,64462
026960,2004-01-09,2730,2772,2727,2773,6514
026960,2004-01-12,2841,2841,2757,2773,6210
026960,2004-01-13,2772,2772,2679,2757,8235
026960,2004-01-14,2715,2784,2715,2728,3363
026960,2004-01-15,2772,2772,2697,2728,30247
026960,2004-01-16,2670,2754,2667,2683,2645
026960,2004-01-19,2682,2754,2667,2691,8290
026960,2004-01-20,2727,2727,2682,2697,6636
026960,2004-01-26,2772,2772,2697,2728,1700
026960,2004-01-27,2700,2730,2685,2731,5639
026960,2004-01-28,2694,2727,2682,2691,9931
026960,2004-01-29,2691,2709,2667,2683,14461
026960,2004-01-30,2682,2697,2682,2697,3910
026960,2004-02-02,2682,2727,2679,2694,4201
026960,2004-02-03,2682,2694,2652,2683,6287
026960,2004-02-04,2682,2727,2652,2728,13685
026960,2004-02-05,2697,2712,2667,2686,11398
026960,2004-02-06,2697,2712,2682,2700,12276
026960,2004-02-09,2685,2757,2685,2728,21665
026960,2004-02-10,2730,2736,2685,2737,8167
026960,2004-02-11,2688,2727,2688,2703,6992
026960,2004-02-12,2700,2727,2691,2697,4016
026960,2004-02-13,2688,2712,2688,2697,2811
026960,2004-02-16,2697,2697,2664,2694,3946
026960,2004-02-17,2673,2697,2655,2694,16875
026960,2004-02-18,2709,2709,2667,2694,4201
026960,2004-02-19,2682,2694,2652,2694,1493
026960,2004-02-20,2658,2727,2658,2697,7407
026960,2004-02-23,2697,2712,2697,2697,3050
026960,2004-02-24,2652,2772,2652,2694,532
026960,2004-02-25,2655,2697,2655,2694,573
026960,2004-02-26,2694,2694,2637,2668,4915
026960,2004-02-27,2667,2682,2637,2637,24095
026960,2004-03-02,2649,2673,2631,2665,10859
026960,2004-03-03,2649,2691,2628,2691,5523
026960,2004-03-04,2703,2709,2625,2626,10968
026960,2004-03-05,2625,2664,2625,2653,9260
026960,2004-03-08,2772,2772,2667,2668,2069
026960,2004-03-09,2628,2676,2628,2634,7810
026960,2004-03-10,2613,2664,2613,2662,2203
026960,2004-03-11,2661,2667,2616,2617,5826
026960,2004-03-12,2616,2706,2577,2608,6569
026960,2004-03-15,2673,2673,2595,2608,5140
026960,2004-03-16,2580,2628,2562,2593,14228
026960,2004-03-17,2709,2709,2595,2599,4401
026960,2004-03-18,2598,2646,2586,2587,8337
026960,2004-03-19,2589,2637,2577,2608,11197
026960,2004-03-22,2610,2664,2607,2662,23093
026960,2004-03-23,2661,2667,2607,2659,9441
026960,2004-03-24,2697,2700,2658,2700,22432
026960,2004-03-25,2718,2727,2697,2700,11182
026960,2004-03-26,2703,2703,2655,2697,945
026960,2004-03-29,2697,2706,2664,2697,3181
026960,2004-03-30,2667,2697,2667,2674,5738
026960,2004-03-31,2670,2697,2667,2694,5876
026960,2004-04-01,2697,2697,2652,2668,2895
026960,2004-04-02,2667,2682,2646,2668,11044
026960,2004-04-06,2682,2682,2640,2668,7780
026960,2004-04-07,2667,2676,2637,2671,2289
026960,2004-04-08,2643,2673,2643,2668,3847
026960,2004-04-09,2667,2697,2637,2662,2157
026960,2004-04-12,2619,2664,2613,2665,5807
026960,2004-04-13,2652,2697,2652,2694,5431
026960,2004-04-14,2607,2706,2607,2668,3225
026960,2004-04-16,2640,2682,2640,2662,4636
026960,2004-04-19,2661,2694,2637,2691,4507
026960,2004-04-20,2691,2691,2643,2668,5968
026960,2004-04-21,2646,2661,2637,2653,3670
026960,2004-04-22,2652,2673,2622,2668,5327
026960,2004-04-23,2664,2673,2646,2674,3405
026960,2004-04-26,2673,2691,2607,2691,7653
026960,2004-04-27,2643,2697,2643,2697,3371
026960,2004-04-28,2727,2727,2661,2683,6960
026960,2004-04-29,2697,2697,2646,2683,1852
026960,2004-04-30,2637,2691,2637,2671,892
026960,2004-05-03,2667,2667,2622,2665,2444
026960,2004-05-04,2637,2697,2628,2697,19256
026960,2004-05-06,2682,2787,2682,2697,58328
026960,2004-05-07,2712,2742,2697,2722,13623
026960,2004-05-10,2742,2742,2637,2691,33746
026960,2004-05-11,2643,2697,2643,2691,16983
026960,2004-05-12,2697,2712,2622,2713,10793
026960,2004-05-13,2712,2742,2697,2728,10560
026960,2004-05-14,2727,2742,2682,2697,5811
026960,2004-05-17,2733,2742,2667,2713,13272
026960,2004-05-18,2667,2709,2667,2710,21142
026960,2004-05-19,2667,2754,2667,2754,10725
026960,2004-05-20,2754,2754,2670,2740,2859
026960,2004-05-21,2754,2754,2643,2743,6779
026960,2004-05-24,2757,2757,2667,2725,4224
026960,2004-05-25,2670,2727,2667,2683,4840
026960,2004-05-27,2682,2727,2682,2710,1502
026960,2004-05-28,2697,2712,2670,2697,4812
026960,2004-05-31,2685,2697,2667,2697,642
026960,2004-06-01,2667,2697,2667,2697,3860
026960,2004-06-02,2682,2697,2667,2697,751
026960,2004-06-03,2655,2697,2655,2691,3726
026960,2004-06-04,2661,2697,2661,2697,2256
026960,2004-06-07,2691,2697,2688,2697,1972
026960,2004-06-08,2688,2697,2685,2697,1013
026960,2004-06-09,2691,2700,2673,2697,1280
026960,2004-06-10,2697,2700,2652,2697,6418
026960,2004-06-11,2655,2697,2655,2697,776
026960,2004-06-14,2667,2676,2643,2668,9419
026960,2004-06-15,2667,2667,2622,2668,6509
026960,2004-06-16,2667,2667,2637,2668,4991
026960,2004-06-17,2667,2667,2661,2668,2287
026960,2004-06-18,2664,2664,2640,2653,11993
026960,2004-06-21,2652,2652,2607,2637,4076
026960,2004-06-22,2637,2637,2607,2623,9817
026960,2004-06-23,2607,2622,2592,2608,8457
026960,2004-06-24,2607,2634,2607,2623,8059
026960,2004-06-25,2634,2787,2622,2643,17102
026960,2004-06-28,2697,2697,2652,2697,5045
026960,2004-06-29,2655,2712,2652,2697,5512
026960,2004-06-30,2691,2691,2682,2691,230
026960,2004-07-01,2691,2697,2664,2697,14703
026960,2004-07-02,2688,2703,2688,2697,18978
026960,2004-07-05,2691,2757,2691,2713,20670
026960,2004-07-06,2727,2727,2712,2728,10815
026960,2004-07-07,2751,2817,2712,2788,31154
026960,2004-07-08,2760,2847,2760,2788,7006
026960,2004-07-09,2795,2877,2795,2832,18729
026960,2004-07-12,2790,2844,2784,2832,8389
026960,2004-07-13,2832,2832,2751,2803,17538
026960,2004-07-14,2787,2823,2757,2814,18295
026960,2004-07-15,2772,2814,2724,2811,7835
026960,2004-07-16,2787,2802,2757,2803,2134
026960,2004-07-19,2787,2808,2772,2808,4192
026960,2004-07-20,2787,2787,2787,2788,120
026960,2004-07-21,2817,2817,2787,2788,1719
026960,2004-07-22,2760,2787,2757,2760,2220
026960,2004-07-23,2760,2772,2757,2773,1559
026960,2004-07-26,2757,2772,2757,2760,5398
026960,2004-07-27,2760,2832,2760,2797,5728
026960,2004-07-28,2802,2997,2802,2862,23232
026960,2004-07-29,2907,2907,2820,2848,661
026960,2004-07-30,2835,2937,2823,2832,11832
026960,2004-08-02,2889,2889,2697,2832,18088
026960,2004-08-03,2918,2921,2772,2905,9693
026960,2004-08-04,2778,2895,2778,2874,764
026960,2004-08-05,2847,2847,2757,2832,9846
026960,2004-08-06,2817,2937,2784,2892,1054
026960,2004-08-09,2832,2877,2823,2877,2859
026960,2004-08-10,2937,2937,2838,2874,2900
026960,2004-08-11,2921,2921,2835,2877,4103
026960,2004-08-12,2877,2877,2874,2877,1095
026960,2004-08-13,2874,2937,2838,2877,11960
026960,2004-08-16,2952,2952,2850,2877,409
026960,2004-08-17,2835,2877,2835,2877,5909
026960,2004-08-18,2877,2877,2850,2874,3144
026960,2004-08-19,2892,2892,2820,2826,13784
026960,2004-08-20,2847,2877,2757,2862,122307
026960,2004-08-23,2865,2865,2757,2785,68495
026960,2004-08-24,2784,2808,2772,2788,9749
026960,2004-08-25,2811,2861,2787,2788,7019
026960,2004-08-26,2772,2832,2772,2782,16677
026960,2004-08-27,2814,2814,2772,2782,5630
026960,2004-08-30,2844,2844,2790,2803,991
026960,2004-08-31,2769,2798,2769,2800,956
026960,2004-09-01,2787,2802,2787,2800,3152
026960,2004-09-02,2787,2844,2772,2845,6361
026960,2004-09-03,2844,2847,2787,2848,7803
026960,2004-09-06,2795,2841,2766,2766,10357
026960,2004-09-07,2823,2823,2790,2797,9660
026960,2004-09-08,2820,2829,2787,2823,12181
026960,2004-09-09,2802,2811,2787,2808,27044
026960,2004-09-10,2832,3132,2817,2917,60457
026960,2004-09-13,2969,3177,2966,3132,31460
026960,2004-09-14,3132,3266,3026,3028,7509
026960,2004-09-15,3072,3251,3026,3222,10492
026960,2004-09-16,3161,3221,3072,3162,4426
026960,2004-09-17,3146,3177,2997,3162,39361
026960,2004-09-20,3161,3206,3086,3162,4943
026960,2004-09-21,3146,3446,3117,3357,16748
026960,2004-09-22,3446,3506,3296,3297,7315
026960,2004-09-23,3506,3506,3206,3387,3034
026960,2004-09-24,3476,3476,3386,3417,502
026960,2004-09-30,3251,3416,3251,3372,3722
026960,2004-10-01,3386,3416,3266,3402,7556
026960,2004-10-04,3266,3371,3161,3177,29275
026960,2004-10-05,3236,3236,2994,2997,55836
026960,2004-10-06,3026,3117,3026,3072,12162
026960,2004-10-07,3101,3101,3041,3088,4570
026960,2004-10-08,3041,3101,2997,2997,28936
026960,2004-10-11,3026,3086,2997,3042,5917
026960,2004-10-12,3041,3072,3026,3072,8084
026960,2004-10-13,3072,3101,2997,3028,26954
026960,2004-10-14,3026,3057,2997,3057,5126
026960,2004-10-15,3057,3072,2997,3072,6672
026960,2004-10-18,3086,3146,3072,3102,6914
026960,2004-10-19,3117,3206,3117,3177,7530
026960,2004-10-20,3251,3251,3072,3147,5248
026960,2004-10-21,3177,3177,3072,3132,17060
026960,2004-10-22,3161,3177,3132,3147,7561
026960,2004-10-25,3146,3177,3026,3147,11646
026960,2004-10-26,3177,3177,3117,3147,4889
026960,2004-10-27,3177,3192,3101,3147,5780
026960,2004-10-28,3146,3192,3146,3147,8159
026960,2004-10-29,3146,3177,3101,3177,4194
026960,2004-11-01,3146,3161,3117,3147,11703
026960,2004-11-02,3192,3266,3146,3162,8421
026960,2004-11-03,3161,3206,3117,3177,16542
026960,2004-11-04,3146,3192,3101,3117,8309
026960,2004-11-05,3132,3296,3132,3252,15741
026960,2004-11-08,3251,3251,3206,3237,4036
026960,2004-11-09,3236,3236,3192,3207,5276
026960,2004-11-10,3206,3356,3206,3312,17377
026960,2004-11-11,3296,3341,3236,3252,6796
026960,2004-11-12,3236,3416,3192,3252,5833
026960,2004-11-15,3266,3356,3266,3342,4804
026960,2004-11-16,3341,3356,3251,3342,5995
026960,2004-11-17,3326,3341,3266,3342,2300
026960,2004-11-18,3311,3461,3311,3357,3578
026960,2004-11-19,3386,3476,3356,3417,5441
026960,2004-11-22,3326,3506,3326,3447,2388
026960,2004-11-23,3596,3746,3491,3567,31013
026960,2004-11-24,3626,3716,3476,3717,18680
026960,2004-11-25,3716,3716,3626,3657,11417
026960,2004-11-26,3656,3746,3626,3657,15008
026960,2004-11-29,3626,3686,3536,3687,12636
026960,2004-11-30,3686,3821,3611,3807,17426
026960,2004-12-01,3806,3896,3746,3807,11725
026960,2004-12-02,3776,3881,3776,3777,10309
026960,2004-12-03,3836,3836,3596,3657,21992
026960,2004-12-06,3596,3821,3596,3687,10998
026960,2004-12-07,3731,3731,3596,3612,7142
026960,2004-12-08,3596,3656,3551,3612,5996
026960,2004-12-09,3716,3731,3611,3612,8360
026960,2004-12-10,3536,3656,3536,3627,5623
026960,2004-12-13,3656,3701,3596,3657,19717
026960,2004-12-14,3611,3701,3611,3687,9157
026960,2004-12-15,3641,3746,3611,3717,18474
026960,2004-12-16,3716,3776,3671,3701,3064
026960,2004-12-17,3656,3701,3656,3672,2269
026960,2004-12-20,3656,3671,3611,3657,9938
026960,2004-12-21,3656,3686,3596,3657,6500
026960,2004-12-22,3656,3671,3611,3657,4221
026960,2004-12-23,3656,3746,3626,3687,14563
026960,2004-12-24,3701,3701,3611,3701,6011
026960,2004-12-27,3701,3701,3626,3687,8256
026960,2004-12-28,3686,3701,3611,3687,6388
026960,2004-12-29,3686,3686,3536,3657,1046
026960,2004-12-30,3596,3626,3566,3597,1767
026960,2005-01-03,3596,3686,3551,3582,6804
026960,2005-01-04,3596,3626,3521,3582,5391
026960,2005-01-05,3581,3581,3476,3537,6130
026960,2005-01-06,3536,3566,3476,3537,5216
026960,2005-01-07,3521,3551,3521,3552,3693
026960,2005-01-10,3551,3581,3506,3552,1543
026960,2005-01-11,3521,3566,3521,3552,2867
026960,2005-01-12,3566,3566,3491,3567,8001
026960,2005-01-13,3551,3581,3521,3567,4933
026960,2005-01-14,3566,3581,3521,3537,14187
026960,2005-01-17,3566,3566,3536,3537,5949
026960,2005-01-18,3566,3611,3521,3612,8710
026960,2005-01-19,3566,3731,3566,3672,5297
026960,2005-01-20,3716,3806,3641,3732,20996
026960,2005-01-21,3746,3851,3731,3732,16920
026960,2005-01-24,3776,3806,3716,3747,13062
026960,2005-01-25,3746,3836,3596,3657,50604
026960,2005-01-26,3656,3776,3656,3747,5964
026960,2005-01-27,3791,3956,3746,3941,25991
026960,2005-01-28,3851,4001,3851,3957,29843
026960,2005-01-31,3956,3956,3866,3881,9345
026960,2005-02-01,3821,3896,3806,3867,8781
026960,2005-02-02,3836,3866,3821,3821,5824
026960,2005-02-03,3866,3866,3806,3867,2641
026960,2005-02-04,3806,4016,3806,3912,8502
026960,2005-02-07,3836,4121,3836,4106,25169
026960,2005-02-11,4030,4136,3986,4032,2497
026960,2005-02-14,4121,4225,4121,4136,6564
026960,2005-02-15,4256,4256,4121,4211,16582
026960,2005-02-16,4256,4270,4001,4136,7603
026960,2005-02-17,4196,4241,4150,4181,2536
026960,2005-02-18,4165,4270,4136,4226,3219
026960,2005-02-21,4315,4315,4165,4226,4885
026960,2005-02-22,4136,4301,4136,4226,7409
026960,2005-02-23,4301,4330,4225,4331,32719
026960,2005-02-24,4256,4345,4256,4316,8414
026960,2005-02-25,4256,4361,4256,4361,9779
026960,2005-02-28,4345,4361,4196,4361,7046
026960,2005-03-02,4301,4525,4301,4511,47883
026960,2005-03-03,4525,4525,4345,4496,16607
026960,2005-03-04,4495,4540,4435,4526,20170
026960,2005-03-07,4555,4570,4435,4481,8685
026960,2005-03-08,4465,4525,4435,4496,10964
026960,2005-03-09,4405,4525,4405,4496,16723
026960,2005-03-10,4510,4600,4510,4556,19648
026960,2005-03-11,4600,4675,4555,4601,21874
026960,2005-03-14,4615,4945,4615,4826,48907
026960,2005-03-15,4915,5110,4870,5036,36205
026960,2005-03-16,5050,5574,5005,5260,69888
026960,2005-03-17,5394,5394,4735,4736,43426
026960,2005-03-18,4690,4975,4450,4945,59476
026960,2005-03-21,4855,4945,4795,4945,721114
026960,2005-03-22,5080,5305,5050,5170,78922
026960,2005-03-23,5214,5214,4795,4901,23963
026960,2005-03-24,4855,4990,4540,4945,61024
026960,2005-03-25,4825,4990,4795,4945,11246
026960,2005-03-28,4810,4960,4750,4945,27446
026960,2005-03-29,4885,5020,4825,5005,15445
026960,2005-03-30,5020,5245,4945,5245,29773
026960,2005-03-31,5260,5469,5154,5440,33451
026960,2005-04-01,5529,5545,5334,5455,20066
026960,2005-04-04,5454,5454,5274,5395,23454
026960,2005-04-06,5305,5394,5094,5395,20003
026960,2005-04-07,5379,5379,5140,5216,17761
026960,2005-04-08,5185,5305,5154,5216,16660
026960,2005-04-11,5140,5394,5140,5395,15226
026960,2005-04-12,5334,5454,5274,5395,5783
026960,2005-04-13,5545,5545,5320,5425,1383
026960,2005-04-14,5454,5529,5260,5530,9427
026960,2005-04-15,5394,5485,5305,5440,7159
026960,2005-04-18,5439,5439,5245,5305,3782
026960,2005-04-19,5394,5394,5245,5395,2824
026960,2005-04-20,5545,5545,5320,5515,7392
026960,2005-04-21,5545,5545,5365,5365,3635
026960,2005-04-22,5365,5514,5334,5335,3312
026960,2005-04-25,5425,5425,5274,5290,2941
026960,2005-04-26,5394,5394,5214,5230,6733
026960,2005-04-27,5154,5230,5065,5230,8580
026960,2005-04-28,5185,5305,5065,5230,13387
026960,2005-04-29,5065,5274,5050,5260,12443
026960,2005-05-02,5365,5365,5154,5335,2017
026960,2005-05-03,5349,5349,5230,5245,6830
026960,2005-05-04,5334,5334,5140,5245,1719
026960,2005-05-06,5185,5245,5125,5141,5640
026960,2005-05-09,5154,5154,5035,5050,3051
026960,2005-05-10,5140,5260,5035,5245,17572
026960,2005-05-11,5260,5260,5094,5096,781
026960,2005-05-12,5214,5214,5035,5081,2058
026960,2005-05-13,5214,5214,5035,5081,1485
026960,2005-05-16,5080,5409,5050,5185,6263
026960,2005-05-17,5214,5394,5125,5320,7028
026960,2005-05-18,5409,5545,5274,5545,12236
026960,2005-05-19,5545,5559,5394,5530,3134
026960,2005-05-20,5409,5545,5305,5485,8758
026960,2005-05-23,5379,5574,5379,5485,5211
026960,2005-05-24,5529,5529,5245,5320,5630
026960,2005-05-25,5230,5394,5230,5395,3049
026960,2005-05-26,5454,5454,5289,5380,3260
026960,2005-05-27,5305,5409,5305,5410,1534
026960,2005-05-30,5349,5439,5349,5410,3522
026960,2005-05-31,5425,5514,5394,5440,5168
026960,2005-06-01,5485,5485,5409,5455,12519
026960,2005-06-02,5514,5514,5334,5395,10104
026960,2005-06-03,5425,5425,5320,5320,5292
026960,2005-06-07,5394,5394,5289,5350,4273
026960,2005-06-08,5245,5379,5245,5365,2044
026960,2005-06-09,5394,5394,5274,5365,926
026960,2005-06-10,5305,5365,5214,5365,5919
026960,2005-06-13,5439,5454,5274,5290,18722
026960,2005-06-14,5334,5379,5214,5275,7370
026960,2005-06-15,5214,5349,5185,5290,8677
026960,2005-06-16,5545,6069,5545,5785,257277
026960,2005-06-17,5979,6638,5979,6205,233314
026960,2005-06-20,6473,6549,6024,6294,83942
026960,2005-06-21,6384,6384,6099,6160,40447
026960,2005-06-22,6158,6234,6054,6174,32779
026960,2005-06-23,6294,7073,6234,6984,122085
026960,2005-06-24,6803,7673,6653,7044,197885
026960,2005-06-27,7282,7282,6743,7074,54762
026960,2005-06-28,6923,7178,6803,6849,64077
026960,2005-06-29,6743,6953,6713,6774,53184
026960,2005-06-30,6773,6968,6713,6774,42801
026960,2005-07-01,6743,7133,6713,6894,66655
026960,2005-07-04,6878,6893,6578,6624,64518
026960,2005-07-05,6713,6713,6324,6385,53116
026960,2005-07-06,6384,6728,6354,6594,84144
026960,2005-07-07,6503,6713,6278,6369,72083
026960,2005-07-08,6309,6443,5994,6234,69725
026960,2005-07-11,6234,6324,6024,6085,38119
026960,2005-07-12,6099,6204,6024,6069,28974
026960,2005-07-13,6009,6398,6009,6249,52956
026960,2005-07-14,6264,6369,6114,6294,44254
026960,2005-07-15,6264,6563,6218,6294,54023
026960,2005-07-18,6443,6443,6234,6294,35719
026960,2005-07-19,6309,6369,6234,6294,28702
026960,2005-07-20,6369,6833,6294,6414,118906
026960,2005-07-21,6443,6593,6338,6339,34945
026960,2005-07-22,6294,6384,6129,6160,29950
026960,2005-07-25,6099,6384,6099,6385,24311
026960,2005-07-26,6384,6533,6309,6369,16364
026960,2005-07-27,6309,6593,6309,6429,28301
026960,2005-07-28,6563,6563,6398,6489,14730
026960,2005-07-29,6489,6578,6384,6399,14369
026960,2005-08-01,6338,6473,6294,6325,14299
026960,2005-08-02,6189,6324,6144,6205,16528
026960,2005-08-03,6204,6324,6144,6145,10897
026960,2005-08-04,6084,6234,6084,6145,15288
026960,2005-08-05,6204,6234,6084,6234,21302
026960,2005-08-08,6174,6324,6174,6294,15105
026960,2005-08-09,6294,6354,6174,6325,25439
026960,2005-08-10,6324,6384,6264,6265,9571
026960,2005-08-11,6278,6278,6174,6205,7669
026960,2005-08-12,6144,6324,6144,6325,20627
026960,2005-08-16,6324,6398,6144,6325,18407
026960,2005-08-17,6324,6324,6189,6249,10068
026960,2005-08-18,6174,6278,6129,6174,12321
026960,2005-08-19,6114,6234,6084,6174,14026
026960,2005-08-22,6099,6264,6099,6265,13268
026960,2005-08-23,6234,6324,6204,6220,16797
026960,2005-08-24,6174,6743,6114,6534,50953
026960,2005-08-25,6533,7013,6533,6864,91101
026960,2005-08-26,7043,7043,6653,6774,38724
026960,2005-08-29,6623,6773,6593,6609,25819
026960,2005-08-30,6503,6893,6503,6744,15957
026960,2005-08-31,6563,6743,6563,6609,16278
026960,2005-09-01,6638,6683,6533,6534,17658
026960,2005-09-02,6443,6563,6443,6445,16349
026960,2005-09-05,6443,6533,6354,6354,14886
026960,2005-09-06,6354,6503,6354,6474,13328
026960,2005-09-07,6429,6533,6294,6399,24057
026960,2005-09-08,6473,6473,6218,6354,27956
026960,2005-09-09,6429,6473,6264,6280,15736
026960,2005-09-12,6234,6354,6144,6294,17780
026960,2005-09-13,6234,6294,6174,6174,19296
026960,2005-09-14,6158,6278,6129,6280,16121
026960,2005-09-15,6204,6309,6158,6174,27340
026960,2005-09-16,6264,6294,6204,6280,19460
026960,2005-09-20,6338,6338,6234,6265,12280
026960,2005-09-21,6264,6354,6249,6280,23687
026960,2005-09-22,6294,6309,6189,6189,21297
026960,2005-09-23,6204,6234,6069,6189,34749
026960,2005-09-26,6129,6294,6129,6294,29327
026960,2005-09-27,6354,6489,6189,6445,48974
026960,2005-09-28,6578,6578,6369,6504,19707
026960,2005-09-29,6458,6518,6234,6504,41566
026960,2005-09-30,6473,6593,6414,6504,43342
026960,2005-10-04,6414,6533,6354,6445,65363
026960,2005-10-05,6563,6683,6294,6385,77583
026960,2005-10-06,6443,6473,6278,6325,65760
026960,2005-10-07,6264,6429,6264,6265,49965
026960,2005-10-10,6278,6489,6278,6354,96255
026960,2005-10-11,6309,6623,6294,6534,89050
026960,2005-10-12,6533,6563,6414,6459,44457
026960,2005-10-13,6414,6549,6414,6534,52194
026960,2005-10-14,6533,6669,6338,6354,50783
026960,2005-10-17,6354,6443,6129,6129,49026
026960,2005-10-18,6114,6218,6039,6100,26907
026960,2005-10-19,6054,6099,5844,5995,51016
026960,2005-10-20,5904,6129,5904,5980,29275
026960,2005-10-21,6009,6369,5904,6369,48415
026960,2005-10-24,6384,6414,6189,6294,20686
026960,2005-10-25,6414,6458,6264,6445,32278
026960,2005-10-26,6473,6593,6204,6234,68831
026960,2005-10-27,6249,6249,6114,6174,27963
026960,2005-10-28,6039,6084,5994,6010,16639
026960,2005-10-31,5949,6114,5934,5995,24415
026960,2005-11-01,5994,6084,5994,6010,20936
026960,2005-11-02,6039,6129,5994,6085,15686
026960,2005-11-03,6084,6294,6084,6174,20054
026960,2005-11-04,6294,6294,6174,6220,14584
026960,2005-11-07,6189,6234,6144,6189,10956
026960,2005-11-08,6158,6204,6054,6174,16054
026960,2005-11-09,6218,6218,6144,6205,15184
026960,2005-11-10,6189,6234,6144,6205,22378
026960,2005-11-11,6189,6503,6158,6474,61183
026960,2005-11-14,6443,6473,6294,6294,16918
026960,2005-11-15,6354,6578,6278,6579,86786
026960,2005-11-16,6503,6593,6443,6594,45390
026960,2005-11-17,6578,6923,6563,6804,122211
026960,2005-11-18,6893,6908,6743,6834,44874
026960,2005-11-21,6863,6863,6503,6579,27072
026960,2005-11-22,6609,6668,6503,6654,19819
026960,2005-11-23,6623,6788,6623,6669,23998
026960,2005-11-24,6669,6743,6549,6669,27572
026960,2005-11-25,6713,7493,6653,7194,177359
026960,2005-11-28,7462,7493,7013,7329,66145
026960,2005-11-29,7193,7313,7103,7313,121431
026960,2005-11-30,7223,7942,7223,7643,86539
026960,2005-12-01,7762,7897,7493,7883,54675
026960,2005-12-02,7733,8212,7733,8093,55233
026960,2005-12-05,7972,8212,7792,8093,33511
026960,2005-12-06,8092,8212,7702,7703,37172
026960,2005-12-07,7642,7837,7582,7793,18107
026960,2005-12-08,7582,7867,7522,7793,32645
026960,2005-12-09,7627,7822,7627,7658,13175
026960,2005-12-12,7658,7912,7553,7913,94338
026960,2005-12-13,7942,8991,7942,8992,180597
026960,2005-12-14,8961,9141,8662,8693,46328
026960,2005-12-15,8691,8811,8571,8812,12838
026960,2005-12-16,8482,8751,8392,8722,37118
026960,2005-12-19,8602,9141,8557,9142,20074
026960,2005-12-20,9051,9141,8931,9082,14797
026960,2005-12-21,8931,9126,8871,8962,11599
026960,2005-12-22,9141,9141,8811,8812,21565
026960,2005-12-23,8842,8842,8467,8513,19233
026960,2005-12-26,8392,8662,8392,8662,7957
026960,2005-12-27,8482,8662,8482,8617,9130
026960,2005-12-28,8617,8617,8392,8393,5744
026960,2005-12-29,8392,8766,8107,8602,36161
026960,2006-01-02,8631,8691,8392,8693,18196
026960,2006-01-03,8586,8691,8542,8542,6772
026960,2006-01-04,8542,8677,8482,8617,19405
026960,2006-01-05,8691,8691,8392,8422,10204
026960,2006-01-06,8332,8571,8332,8482,13300
026960,2006-01-09,8392,8617,8392,8617,13653
026960,2006-01-10,8482,8557,8392,8393,27616
026960,2006-01-11,8392,8571,8332,8513,26188
026960,2006-01-12,8392,8542,8392,8542,9173
026960,2006-01-13,8422,8467,8392,8408,3863
026960,2006-01-16,8392,8482,8347,8453,7740
026960,2006-01-17,8467,8482,8272,8467,12451
026960,2006-01-18,8437,8437,8302,8318,23324
026960,2006-01-19,8302,8332,8212,8333,18047
026960,2006-01-20,8227,8332,8227,8273,9602
026960,2006-01-23,8077,8092,7927,7973,28113
026960,2006-01-24,8017,8092,7777,7973,19154
026960,2006-01-25,8047,8047,7837,7913,8164
026960,2006-01-26,7822,7912,7777,7913,10313
026960,2006-01-27,7927,8242,7927,8093,38904
026960,2006-01-31,7912,8107,7882,8078,30731
026960,2006-02-01,7972,8062,7792,7793,21180
026960,2006-02-02,7807,7852,7687,7793,37093
026960,2006-02-03,7792,7897,7642,7643,47969
026960,2006-02-06,7627,7777,7433,7629,5536
026960,2006-02-07,7538,7762,7478,7613,7307
026960,2006-02-08,7507,7702,7507,7583,2611
026960,2006-02-09,7702,7792,7462,7793,7632
026960,2006-02-10,7777,7777,7582,7748,3479
026960,2006-02-13,7777,7792,7448,7793,15905
026960,2006-02-14,7792,7792,7567,7703,2036
026960,2006-02-15,7673,7702,7493,7493,8672
026960,2006-02-16,7462,7613,7358,7613,6347
026960,2006-02-17,7613,7627,7388,7629,6771
026960,2006-02-20,7462,7777,7433,7778,3113
026960,2006-02-21,7777,7777,7522,7569,3465
026960,2006-02-22,7567,7673,7433,7523,5028
026960,2006-02-23,7462,7553,7268,7344,38923
026960,2006-02-24,7373,7402,7268,7403,7627
026960,2006-02-27,7298,7433,7298,7313,5470
026960,2006-02-28,7342,7493,7342,7493,6199
026960,2006-03-02,7538,7538,7373,7373,6733
026960,2006-03-03,7328,7462,7328,7403,2392
026960,2006-03-06,7373,7493,7342,7493,4135
026960,2006-03-07,7493,7493,7313,7493,7094
026960,2006-03-08,7567,7567,7342,7433,1827
026960,2006-03-09,7418,7462,7313,7389,1385
026960,2006-03-10,7282,7493,7282,7493,4177
026960,2006-03-13,7493,7493,7358,7478,2511
026960,2006-03-14,7478,7507,7358,7373,3149
026960,2006-03-15,7358,7402,7328,7358,1813
026960,2006-03-16,7342,7448,7282,7418,4082
026960,2006-03-17,7433,7462,7223,7403,10988
026960,2006-03-20,7298,7388,7282,7389,3967
026960,2006-03-21,7328,7388,7313,7389,3135
026960,2006-03-22,7388,7478,7328,7478,3144
026960,2006-03-23,7478,7478,7282,7344,6444
026960,2006-03-24,7238,7388,7238,7373,570
026960,2006-03-27,7462,7553,7328,7553,9236
026960,2006-03-28,7478,7493,7448,7463,6293
026960,2006-03-29,7462,7493,7358,7493,2662
026960,2006-03-30,7493,7493,7433,7449,4035
026960,2006-03-31,7448,7493,7358,7493,17623
026960,2006-04-03,7493,7702,7462,7478,6200
026960,2006-04-04,7493,7522,7433,7463,3725
026960,2006-04-05,7462,7462,7358,7373,5378
026960,2006-04-06,7388,7448,7193,7433,15316
026960,2006-04-07,7388,7462,7342,7373,4144
026960,2006-04-10,7433,7448,7342,7358,6240
026960,2006-04-11,7373,7373,7193,7344,7959
026960,2006-04-12,7342,7342,7163,7329,15617
026960,2006-04-13,7328,7342,7238,7344,3985
026960,2006-04-14,7342,7342,7178,7254,64629
026960,2006-04-17,7238,7253,7043,7059,28005
026960,2006-04-18,7148,7148,7013,7029,12741
026960,2006-04-19,7043,7118,6953,7014,19813
026960,2006-04-20,7013,7043,6803,6804,17573
026960,2006-04-21,6893,7043,6818,7044,20721
026960,2006-04-24,7043,7103,6773,7014,40958
026960,2006-04-25,6863,6998,6818,6894,26092
026960,2006-04-26,6998,7253,6968,7074,22281
026960,2006-04-27,7043,7148,6983,6999,22121
026960,2006-04-28,6923,7013,6863,6894,9136
026960,2006-05-02,6908,7103,6908,7044,16848
026960,2006-05-03,7133,7133,7058,7074,2942
026960,2006-05-04,6998,7073,6998,7044,11500
026960,2006-05-08,7193,7193,6998,7029,5468
026960,2006-05-09,7163,7163,6908,6954,11660
026960,2006-05-10,6848,6938,6818,6864,12994
026960,2006-05-11,6863,6923,6833,6879,12272
026960,2006-05-12,6863,6893,6773,6879,11942
026960,2006-05-15,6878,6878,6758,6789,13204
026960,2006-05-16,6788,6863,6713,6774,8223
026960,2006-05-17,6713,6758,6623,6684,11144
026960,2006-05-18,6683,6683,6623,6654,7072
026960,2006-05-19,6623,6623,6503,6564,14274
026960,2006-05-22,6533,6713,6533,6714,6655
026960,2006-05-23,6593,6653,6578,6624,4477
026960,2006-05-24,6623,6623,6443,6564,11842
026960,2006-05-25,6473,6593,6473,6534,2009
026960,2006-05-26,6473,6923,6473,6774,13389
026960,2006-05-29,6773,6773,6533,6714,5529
026960,2006-05-30,6623,6653,6489,6594,9734
026960,2006-06-01,6503,6593,6429,6519,2358
026960,2006-06-02,6429,6593,6294,6399,9224
026960,2006-06-05,6234,6324,6189,6265,13713
026960,2006-06-07,6144,6158,6084,6145,16588
026960,2006-06-08,6069,6278,6069,6265,7484
026960,2006-06-09,6294,6503,6158,6354,11005
026960,2006-06-12,6354,6354,6234,6294,12124
026960,2006-06-13,6234,6338,6218,6294,3583
026960,2006-06-14,6158,6398,6158,6385,7762
026960,2006-06-15,6384,6384,6158,6354,6743
026960,2006-06-16,6384,6503,6324,6385,7811
026960,2006-06-19,6384,6429,6294,6429,3225
026960,2006-06-20,6458,6458,6354,6399,3272
026960,2006-06-21,6398,6414,6324,6414,2960
026960,2006-06-22,6354,6533,6218,6280,7241
026960,2006-06-23,6294,6294,6174,6294,16862
026960,2006-06-26,6294,6324,6189,6294,2012
026960,2006-06-27,6204,6309,6204,6294,1669
026960,2006-06-28,6234,6429,6234,6294,44565
026960,2006-06-29,6414,6414,6264,6414,3071
026960,2006-06-30,6414,6533,6414,6504,2623
026960,2006-07-03,6414,6563,6414,6534,16691
026960,2006-07-04,6593,6593,6369,6445,17648
026960,2006-07-05,6533,6533,6309,6519,9493
026960,2006-07-06,6518,6549,6369,6549,3449
026960,2006-07-07,6458,6638,6458,6594,1680
026960,2006-07-10,6443,6623,6443,6594,2193
026960,2006-07-11,6683,6683,6549,6639,6697
026960,2006-07-12,6593,6803,6593,6804,3210
026960,2006-07-13,6773,6953,6743,6924,5889
026960,2006-07-14,6938,6938,6683,6684,3643
026960,2006-07-18,6669,6728,6623,6684,3231
026960,2006-07-19,6578,6683,6578,6669,3833
026960,2006-07-20,6683,6683,6623,6684,2374
026960,2006-07-21,6593,6623,6518,6594,1816
026960,2006-07-24,6669,6669,6384,6385,1979
026960,2006-07-25,6473,6533,6354,6385,1948
026960,2006-07-26,6324,6384,6324,6339,1384
026960,2006-07-27,6338,6414,6338,6339,1752
026960,2006-07-28,6443,6443,6309,6309,1887
026960,2006-07-31,6518,6518,6384,6474,1365
026960,2006-08-01,6338,6518,6338,6474,1137
026960,2006-08-02,6443,6503,6354,6445,2075
026960,2006-08-03,6309,6429,6309,6354,10490
026960,2006-08-04,6324,6458,6294,6309,6062
026960,2006-08-07,6414,6414,6189,6234,4302
026960,2006-08-08,6158,6249,6114,6189,3396
026960,2006-08-09,6174,6189,6129,6174,2597
026960,2006-08-10,6114,6174,6099,6160,3352
026960,2006-08-11,6144,6234,6144,6234,1655
026960,2006-08-14,6294,6489,6294,6385,19277
026960,2006-08-16,6473,6473,6338,6385,2230
026960,2006-08-17,6473,6473,6338,6429,2017
026960,2006-08-18,6458,6758,6384,6429,3340
026960,2006-08-21,6503,6503,6398,6429,52631
026960,2006-08-22,6384,6503,6384,6445,2641
026960,2006-08-23,6443,6503,6398,6489,1624
026960,2006-08-24,6458,6743,6384,6414,2301
026960,2006-08-25,6503,6503,6398,6459,1977
026960,2006-08-28,6473,6473,6384,6474,1332
026960,2006-08-29,6593,6593,6458,6504,3169
026960,2006-08-30,6503,6503,6384,6474,2349
026960,2006-08-31,6473,6518,6414,6504,3257
026960,2006-09-01,6593,6593,6489,6564,965
026960,2006-09-04,6563,6638,6563,6639,1249
026960,2006-09-05,6638,6728,6578,6714,1507
026960,2006-09-06,6773,6773,6593,6654,2328
026960,2006-09-07,6489,6623,6489,6579,1319
026960,2006-09-08,6503,6653,6503,6579,1630
026960,2006-09-11,6653,6653,6533,6579,502
026960,2006-09-12,6563,6623,6443,6594,1772
026960,2006-09-13,6549,6593,6549,6579,12759
026960,2006-09-14,6473,6653,6473,6594,1198
026960,2006-09-15,6549,6638,6503,6624,2505
026960,2006-09-18,6638,6638,6593,6609,1109
026960,2006-09-19,6593,6609,6549,6609,3277
026960,2006-09-20,6609,6609,6503,6609,3391
026960,2006-09-21,6728,6728,6593,6594,2804
026960,2006-09-22,6593,6623,6384,6504,2855
026960,2006-09-25,6384,6593,6384,6579,2579
026960,2006-09-26,6473,6503,6429,6445,3762
026960,2006-09-27,6369,6443,6369,6429,3148
026960,2006-09-28,6384,6443,6144,6145,185708
026960,2006-09-29,6218,6264,6099,6205,46367
026960,2006-10-02,6204,6249,6114,6205,18696
026960,2006-10-04,6189,6189,6039,6145,8852
026960,2006-10-09,6084,6174,5904,6100,16154
026960,2006-10-10,6114,6218,6069,6129,19356
026960,2006-10-11,6204,6218,6084,6145,7012
026960,2006-10-12,6218,6218,6024,6174,19093
026960,2006-10-13,6189,6218,6084,6174,76835
026960,2006-10-16,6294,6294,6114,6205,25063
026960,2006-10-17,6249,6249,6129,6249,7925
026960,2006-10-18,6249,6354,6234,6325,4748
026960,2006-10-19,6384,6398,6234,6325,9510
026960,2006-10-20,6414,6429,6354,6414,5225
026960,2006-10-23,6473,6473,6174,6414,8464
026960,2006-10-24,6398,6414,6338,6354,3832
026960,2006-10-25,6354,6414,6234,6339,2037
026960,2006-10-26,6384,6384,6278,6294,2538
026960,2006-10-27,6294,6354,6264,6280,2610
026960,2006-10-30,6369,6369,6264,6265,3869
026960,2006-10-31,6234,6414,6218,6354,8531
026960,2006-11-01,6398,6698,6384,6699,36259
026960,2006-11-02,6698,6698,6518,6594,17851
026960,2006-11-03,6593,6713,6458,6474,8489
026960,2006-11-06,6563,6563,6354,6399,3951
026960,2006-11-07,6429,6429,6354,6399,17399
026960,2006-11-08,6384,6489,6234,6399,43537
026960,2006-11-09,6429,6429,6369,6399,2982
026960,2006-11-10,6398,6443,6324,6339,26957
026960,2006-11-13,6338,6398,6294,6354,8587
026960,2006-11-14,6384,6593,6369,6594,38808
026960,2006-11-15,6489,6593,6489,6579,4628
026960,2006-11-16,6563,6609,6458,6594,12012
026960,2006-11-17,6549,6653,6549,6624,6028
026960,2006-11-20,6638,6743,6593,6654,12954
026960,2006-11-21,6623,6788,6623,6759,18744
026960,2006-11-22,6743,6863,6698,6864,8718
026960,2006-11-23,6863,6878,6653,6834,8311
026960,2006-11-24,6788,6848,6743,6744,65822
026960,2006-11-27,6743,6833,6743,6819,4939
026960,2006-11-28,6743,6923,6669,6894,6660
026960,2006-11-29,6773,6938,6773,6894,5988
026960,2006-11-30,6773,7088,6773,6984,6486
026960,2006-12-01,6983,7342,6983,7209,18019
026960,2006-12-04,7193,7313,7178,7194,7184
026960,2006-12-05,7253,7253,7133,7178,8773
026960,2006-12-06,7178,7223,7133,7178,7315
026960,2006-12-07,7193,7282,7118,7178,7999
026960,2006-12-08,7163,7582,7043,7149,1143660
026960,2006-12-11,7133,7133,6953,7044,5755
026960,2006-12-12,7103,7163,6489,6939,10331
026960,2006-12-13,6938,7043,6743,6789,5012
026960,2006-12-14,6788,6968,6713,6774,9041
026960,2006-12-15,6893,6953,6818,6894,9116
026960,2006-12-18,7043,7043,6803,6939,17969
026960,2006-12-19,6938,6983,6803,6819,132056
026960,2006-12-20,6893,7013,6743,6834,134495
026960,2006-12-21,6833,6968,6713,6774,83055
026960,2006-12-22,6713,6788,6698,6774,21886
026960,2006-12-26,6743,6803,6683,6729,18888
026960,2006-12-27,6563,6713,6503,6714,21781
026960,2006-12-28,6758,6908,6593,6864,13093
026960,2007-01-02,6803,6893,6653,6669,12077
026960,2007-01-03,6623,6683,6563,6579,47145
026960,2007-01-04,6578,6683,6443,6564,18779
026960,2007-01-05,6489,6578,6354,6564,19833
026960,2007-01-08,6593,6593,6369,6399,10086
026960,2007-01-09,6384,6533,6294,6369,6807
026960,2007-01-10,6429,6458,6294,6354,14300
026960,2007-01-11,6324,6429,6324,6354,5865
026960,2007-01-12,6309,6669,6309,6594,12155
026960,2007-01-15,6533,6593,6473,6579,3846
026960,2007-01-16,6563,6563,6429,6564,6757
026960,2007-01-17,6489,6563,6443,6489,2448
026960,2007-01-18,6503,6518,6429,6445,3373
026960,2007-01-19,6443,6489,6369,6474,7271
026960,2007-01-22,6398,6458,6384,6429,3763
026960,2007-01-23,6443,6443,6354,6445,5921
026960,2007-01-24,6533,6728,6473,6669,13147
026960,2007-01-25,6669,6773,6609,6774,10383
026960,2007-01-26,6788,6983,6669,6924,20601
026960,2007-01-29,6788,6968,6773,6789,9215
026960,2007-01-30,6788,6893,6743,6774,3694
026960,2007-01-31,6653,6743,6638,6639,4552
026960,2007-02-01,6669,6758,6669,6699,5052
026960,2007-02-02,6713,6773,6669,6774,9406
026960,2007-02-05,6803,6863,6698,6804,4820
026960,2007-02-06,6863,6863,6713,6714,4754
026960,2007-02-07,6683,6713,6653,6684,9477
026960,2007-02-08,6698,6728,6623,6714,5874
026960,2007-02-09,6713,6728,6638,6699,2183
026960,2007-02-12,6653,6698,6549,6594,11302
026960,2007-02-13,6473,6713,6473,6714,7144
026960,2007-02-14,6653,6848,6653,6744,15145
026960,2007-02-15,6728,6758,6669,6714,8833
026960,2007-02-16,6713,6743,6653,6714,5187
026960,2007-02-20,6653,7133,6653,6894,12252
026960,2007-02-21,6803,6938,6803,6924,9777
026960,2007-02-22,6833,7208,6833,7074,13534
026960,2007-02-23,7043,7073,6983,7014,8261
026960,2007-02-26,6878,7028,6878,6894,7605
026960,2007-02-27,6893,6923,6788,6864,4707
026960,2007-02-28,6803,6863,6653,6834,8289
026960,2007-03-02,6863,6863,6698,6834,5721
026960,2007-03-05,6773,6818,6653,6654,5750
026960,2007-03-06,6743,6803,6713,6804,5197
026960,2007-03-07,6833,6878,6743,6774,7166
026960,2007-03-08,6773,6833,6728,6729,5629
026960,2007-03-09,6758,6803,6578,6729,19845
026960,2007-03-12,6728,6728,6489,6519,16323
026960,2007-03-13,6563,6563,6489,6564,9077
026960,2007-03-14,6549,6549,6503,6504,7582
026960,2007-03-15,6503,6728,6503,6729,22657
026960,2007-03-16,6713,6848,6549,6729,14019
026960,2007-03-19,6788,6788,6638,6759,24127
026960,2007-03-20,6758,6758,6669,6669,4280
026960,2007-03-21,6773,6773,6593,6684,13844
026960,2007-03-22,6623,6728,6533,6579,15557
026960,2007-03-23,6623,6623,6443,6474,25742
026960,2007-03-26,6489,6518,6443,6459,11220
026960,2007-03-27,6938,6938,6414,6429,21706
026960,2007-03-28,6429,6458,6369,6385,13389
026960,2007-03-29,6294,6429,6264,6339,24206
026960,2007-03-30,6443,6443,6369,6399,4960
026960,2007-04-02,6354,6429,6354,6414,16986
026960,2007-04-03,6414,6443,6324,6399,9233
026960,2007-04-04,6338,6429,6324,6369,13772
026960,2007-04-05,6309,6414,6309,6325,12886
026960,2007-04-06,6309,6443,6294,6429,37626
026960,2007-04-09,6369,6533,6369,6489,41840
026960,2007-04-10,6518,6609,6429,6534,21569
026960,2007-04-11,6503,6578,6443,6534,14971
026960,2007-04-12,6489,6549,6443,6474,13773
026960,2007-04-13,6443,6473,6354,6369,20923
026960,2007-04-16,6369,6458,6369,6429,8486
026960,2007-04-17,6503,6518,6414,6474,11335
026960,2007-04-18,6473,6698,6473,6639,18722
026960,2007-04-19,6743,6953,6638,6699,35020
026960,2007-04-20,6713,6773,6578,6624,15602
026960,2007-04-23,6669,6893,6653,6774,16403
026960,2007-04-24,6788,6863,6713,6759,11441
026960,2007-04-25,6803,6803,6593,6684,15626
026960,2007-04-26,6638,6743,6638,6714,9163
026960,2007-04-27,6713,6713,6593,6594,9550
026960,2007-04-30,6533,6593,6503,6549,29504
026960,2007-05-02,6503,6743,6503,6729,16457
026960,2007-05-03,6743,6803,6743,6774,26670
026960,2007-05-04,6803,6833,6713,6744,8117
026960,2007-05-07,6743,6803,6698,6774,22905
026960,2007-05-08,6833,7163,6743,7044,65998
026960,2007-05-09,7028,7058,6833,6879,28466
026960,2007-05-10,6878,6983,6803,6804,17485
026960,2007-05-11,6743,6878,6609,6834,22908
026960,2007-05-14,6848,6968,6788,6909,19383
026960,2007-05-15,6968,7253,6878,7178,37216
026960,2007-05-16,7178,7238,7043,7149,14762
026960,2007-05-17,7238,7238,7013,7134,14581
026960,2007-05-18,7238,7238,7043,7164,10259
026960,2007-05-21,7043,7148,7028,7059,15018
026960,2007-05-22,7073,7282,6908,7284,37337
026960,2007-05-23,7282,7613,7282,7493,28155
026960,2007-05-25,7358,7522,7298,7433,15579
026960,2007-05-28,7478,7478,7298,7389,15872
026960,2007-05-29,7642,7897,7642,7688,44454
026960,2007-05-30,7792,8062,7642,7673,50748
026960,2007-05-31,7942,8107,7822,7883,48263
026960,2007-06-01,7942,7942,7627,7629,34875
026960,2007-06-04,7627,7673,7402,7463,30278
026960,2007-06-05,7493,7702,7313,7313,29299
026960,2007-06-07,7792,7972,7538,7673,92876
026960,2007-06-08,7627,7658,7373,7583,35688
026960,2007-06-11,7598,7613,7433,7493,24332
026960,2007-06-12,7493,7762,7402,7569,15705
026960,2007-06-13,7642,7792,7538,7703,31581
026960,2007-06-14,7777,7777,7567,7569,47433
026960,2007-06-15,7642,8002,7553,7943,42427
026960,2007-06-18,8032,8272,7912,7943,82903
026960,2007-06-19,7942,8032,7762,7883,67053
026960,2007-06-20,7822,8122,7822,7958,43444
026960,2007-06-21,8047,8092,7897,8093,11350
026960,2007-06-22,8092,8092,7882,8063,13077
026960,2007-06-25,7912,8047,7822,7943,20356
026960,2007-06-26,7957,8017,7912,7988,13712
026960,2007-06-27,8002,8062,7927,7973,12304
026960,2007-06-28,8002,8032,7912,8018,9983
026960,2007-06-29,8032,8257,8002,8093,53469
026960,2007-07-02,8152,8302,8017,8228,100422
026960,2007-07-03,8182,8931,8182,8542,96301
026960,2007-07-04,8662,8691,8287,8422,32042
026960,2007-07-05,8407,8407,8152,8182,44483
026960,2007-07-06,8377,8617,8227,8393,22082
026960,2007-07-09,8422,8662,8422,8542,6979
026960,2007-07-10,8452,8691,8437,8677,19679
026960,2007-07-11,8677,8691,8557,8602,7279
026960,2007-07-12,8602,8602,8182,8542,22311
026960,2007-07-13,8542,8691,8422,8647,16098
026960,2007-07-16,8662,8901,8422,8902,32804
026960,2007-07-18,8901,9081,8842,8962,36597
026960,2007-07-19,9051,9051,8722,8737,12564
026960,2007-07-20,8737,8871,8617,8693,20021
026960,2007-07-23,8631,8706,8526,8693,9774
026960,2007-07-24,8751,8976,8526,8977,21789
026960,2007-07-25,8931,8961,8691,8797,6721
026960,2007-07-26,8976,8976,8722,8887,6619
026960,2007-07-27,8842,8871,8542,8677,16160
026960,2007-07-30,8646,8677,8242,8573,8978
026960,2007-07-31,8571,8677,8422,8662,12915
026960,2007-08-01,8662,8662,8407,8542,12242
026960,2007-08-02,8542,8691,8422,8542,8880
026960,2007-08-03,8422,8961,8422,8647,25779
026960,2007-08-06,8437,8631,8392,8602,6736
026960,2007-08-07,8602,8691,8482,8527,6288
026960,2007-08-08,8452,8631,8242,8422,37067
026960,2007-08-09,8482,8482,8302,8333,5928
026960,2007-08-10,8107,8272,8062,8063,24138
026960,2007-08-13,8002,8092,7642,8033,21904
026960,2007-08-14,8032,8152,7837,7913,8563
026960,2007-08-16,7522,7882,7522,7658,30587
026960,2007-08-17,7912,7942,6518,7523,23824
026960,2007-08-20,7553,7897,7493,7763,9306
026960,2007-08-21,7598,7927,7507,7703,16785
026960,2007-08-22,7822,7942,7792,7868,7755
026960,2007-08-23,7897,8077,7792,8078,30797
026960,2007-08-24,8077,8092,7822,7883,15557
026960,2007-08-27,7957,8062,7882,8048,17601
026960,2007-08-28,8092,8107,7972,8033,3984
026960,2007-08-29,7792,8032,7792,8018,3638
026960,2007-08-30,8092,8512,8092,8393,20603
026960,2007-08-31,8257,8662,8257,8662,16006
026960,2007-09-03,8691,8751,8497,8662,16565
026960,2007-09-04,8691,8751,8557,8647,23437
026960,2007-09-05,8691,8797,8602,8647,14455
026960,2007-09-06,8691,8691,8497,8693,17142
026960,2007-09-07,8691,8751,8542,8677,16887
026960,2007-09-10,8437,8691,8437,8542,20829
026960,2007-09-11,8557,8766,8557,8752,19896
026960,2007-09-12,8842,8886,8542,8542,10247
026960,2007-09-13,8542,8706,8542,8557,2751
026960,2007-09-14,8677,8691,8542,8587,5107
026960,2007-09-17,8602,8737,8557,8693,9509
026960,2007-09-18,8706,8706,8542,8557,7921
026960,2007-09-19,8691,8691,8512,8527,7194
026960,2007-09-20,8526,8617,8362,8393,14796
026960,2007-09-21,8392,8497,8182,8333,24259
026960,2007-09-27,8557,8557,8317,8438,6841
026960,2007-09-28,8377,8467,8302,8393,9197
026960,2007-10-01,8526,8526,8362,8362,5529
026960,2007-10-02,8512,8617,8377,8393,8215
026960,2007-10-04,8557,8557,8377,8393,12989
026960,2007-10-05,8422,8571,8362,8393,13765
026960,2007-10-08,8392,8482,8182,8258,13618
026960,2007-10-09,8257,8362,8227,8333,12992
026960,2007-10-10,8332,8482,8332,8482,20674
026960,2007-10-11,8437,8586,8242,8318,7218
026960,2007-10-12,8317,8437,8152,8378,6385
026960,2007-10-15,8377,8392,8197,8378,4297
026960,2007-10-16,8452,8631,8332,8378,47775
026960,2007-10-17,8392,8437,8167,8273,9210
026960,2007-10-18,8482,8512,8272,8513,6345
026960,2007-10-19,8631,8631,8392,8453,7944
026960,2007-10-22,8302,8332,8107,8273,9858
026960,2007-10-23,8242,8392,8212,8288,3604
026960,2007-10-24,8452,8452,8077,8153,8493
026960,2007-10-25,8152,8302,8092,8213,14698
026960,2007-10-26,8347,8362,8182,8288,3235
026960,2007-10-29,8332,8437,8302,8378,11579
026960,2007-10-30,8392,8392,8197,8258,10532
026960,2007-10-31,8332,8347,8227,8273,9907
026960,2007-11-01,8272,8332,8242,8302,9102
026960,2007-11-02,8032,8542,8032,8378,11695
026960,2007-11-05,8437,8437,8287,8378,5952
026960,2007-11-06,8392,8392,8137,8228,23925
026960,2007-11-07,8212,8332,7927,8033,20262
026960,2007-11-08,8122,8122,7687,7838,15683
026960,2007-11-09,7837,7897,7777,7808,5698
026960,2007-11-12,8017,8017,7553,7658,11789
026960,2007-11-13,7658,7747,7522,7598,8420
026960,2007-11-14,7717,7912,7717,7898,4209
026960,2007-11-15,7912,8092,7912,8063,3688
026960,2007-11-16,7972,8152,7867,8078,6197
026960,2007-11-19,8197,8197,8002,8078,4670
026960,2007-11-20,8077,8077,7807,8003,10273
026960,2007-11-21,8062,8062,7733,7733,5939
026960,2007-11-22,7733,7897,7642,7823,3600
026960,2007-11-23,7687,7852,7613,7823,4543
026960,2007-11-26,7852,7852,7658,7703,3224
026960,2007-11-27,7702,7702,7493,7643,6876
026960,2007-11-28,7642,7687,7462,7583,12188
026960,2007-11-29,7582,7627,7493,7538,14469
026960,2007-11-30,7567,7598,7478,7553,23531
026960,2007-12-03,7658,7658,7462,7643,16501
026960,2007-12-04,7642,7642,7433,7433,25948
026960,2007-12-05,7433,7613,7373,7373,7674
026960,2007-12-06,7433,7478,7373,7449,3940
026960,2007-12-07,7493,7522,7342,7449,6771
026960,2007-12-10,7462,7522,7342,7403,7284
026960,2007-12-11,7402,7478,7342,7478,6771
026960,2007-12-12,7342,7462,7342,7403,4581
026960,2007-12-13,7402,7462,7282,7433,6940
026960,2007-12-14,7402,7402,7328,7403,5839
026960,2007-12-17,7373,7373,7163,7254,5024
026960,2007-12-18,7193,7313,7088,7313,5370
026960,2007-12-20,7313,7373,7282,7313,4181
026960,2007-12-21,7313,7388,7238,7373,4960
026960,2007-12-24,7313,7507,7282,7433,29090
026960,2007-12-26,7433,7642,7402,7613,10292
026960,2007-12-27,7493,7493,7328,7449,5532
026960,2007-12-28,7462,7462,7298,7329,861
026960,2008-01-02,7328,7358,7223,7269,2712
026960,2008-01-03,7193,7342,6549,7224,3927
026960,2008-01-04,7193,7208,7073,7164,3963
026960,2008-01-07,6938,7118,6938,7029,1913
026960,2008-01-08,7043,7163,6968,7104,565
026960,2008-01-09,7103,7118,6893,7104,4581
026960,2008-01-10,7073,7118,6968,7044,2224
026960,2008-01-11,7043,7058,6893,6969,1431
026960,2008-01-14,6893,6893,6728,6894,5130
026960,2008-01-15,6983,6998,6609,6939,6776
026960,2008-01-16,6863,6878,6683,6699,3608
026960,2008-01-17,6698,6893,6609,6609,5351
026960,2008-01-18,6728,6728,6489,6549,9048
026960,2008-01-21,6549,6593,6354,6369,10825
026960,2008-01-22,6384,6458,6174,6249,13460
026960,2008-01-23,6458,6683,6189,6354,11259
026960,2008-01-24,6623,6623,6204,6309,8026
026960,2008-01-25,6324,6369,6174,6309,5783
026960,2008-01-28,6294,6758,6174,6205,32723
026960,2008-01-29,6204,6249,6054,6100,20112
026960,2008-01-30,6158,6158,5979,6054,11017
026960,2008-01-31,5994,6234,5934,6174,23971
026960,2008-02-01,6174,6204,6054,6174,16220
026960,2008-02-04,6174,6609,6174,6504,23389
026960,2008-02-05,6294,6473,6294,6459,9526
026960,2008-02-11,6414,6414,6218,6294,15423
026960,2008-02-12,6249,6309,6069,6205,23897
026960,2008-02-13,6158,6414,6144,6385,38261
026960,2008-02-14,6578,6578,6458,6504,3571
026960,2008-02-15,6384,6578,6384,6549,2443
026960,2008-02-18,6458,6578,6398,6519,7078
026960,2008-02-19,6593,6683,6503,6594,8720
026960,2008-02-20,6653,6683,6518,6594,25605
026960,2008-02-21,6593,6668,6578,6654,13688
026960,2008-02-22,6713,6713,6549,6549,25249
026960,2008-02-25,6593,6683,6593,6609,18346
026960,2008-02-26,6713,6713,6593,6624,10618
026960,2008-02-27,6593,6698,6593,6684,7749
026960,2008-02-28,6683,6683,6563,6624,9173
026960,2008-02-29,6623,6713,6609,6684,9978
026960,2008-03-03,6683,6698,6563,6699,16568
026960,2008-03-04,6698,6713,6683,6714,6905
026960,2008-03-05,6743,6743,6593,6714,5075
026960,2008-03-06,6788,6788,6713,6729,4429
026960,2008-03-07,6593,6758,6578,6744,22811
026960,2008-03-10,6743,6743,6578,6699,8905
026960,2008-03-11,6713,6788,6698,6774,5401
026960,2008-03-12,6818,6818,6743,6759,3091
026960,2008-03-13,6758,6758,6669,6714,5177
026960,2008-03-14,6713,6743,6593,6714,22539
026960,2008-03-17,6549,6713,6533,6684,8956
026960,2008-03-18,6593,6698,6593,6699,3000
026960,2008-03-19,6728,6728,6609,6699,3024
026960,2008-03-20,6503,6698,6503,6684,39278
026960,2008-03-21,6758,6758,6609,6684,4567
026960,2008-03-24,6698,6698,6609,6684,14111
026960,2008-03-25,6623,6698,6623,6699,8418
026960,2008-03-26,6773,6848,6638,6714,3608
026960,2008-03-27,6788,6848,6593,6819,36548
026960,2008-03-28,6833,6908,6743,6864,4116
026960,2008-03-31,6893,6953,6863,6939,2745
026960,2008-04-01,7028,7058,6938,6939,4053
026960,2008-04-02,6983,7133,6953,7059,1364
026960,2008-04-03,7103,7103,6953,6954,2080
026960,2008-04-04,7058,7058,6863,6954,2392
026960,2008-04-07,6983,6983,6848,6864,1538
026960,2008-04-08,6893,6893,6728,6804,4977
026960,2008-04-10,6833,6833,6609,6654,14781
026960,2008-04-11,6683,6743,6653,6669,2247
026960,2008-04-14,6683,6818,6669,6819,2463
026960,2008-04-15,6818,6818,6713,6774,2172
026960,2008-04-16,6773,6833,6669,6834,6215
026960,2008-04-17,6908,6908,6773,6804,1921
026960,2008-04-18,6833,6878,6788,6879,3111
026960,2008-04-21,6878,7013,6878,6954,4477
026960,2008-04-22,6983,7673,6908,7044,4937
026960,2008-04-23,6983,7043,6893,6954,6023
026960,2008-04-24,7103,7103,6893,6909,3400
026960,2008-04-25,6878,7043,6863,7044,5270
026960,2008-04-28,6908,7013,6863,6954,4892
026960,2008-04-29,6998,6998,6893,6894,3793
026960,2008-04-30,6893,6998,6893,6969,4192
026960,2008-05-02,6953,7073,6953,7074,10316
026960,2008-05-06,7163,7163,6983,7074,3058
026960,2008-05-07,7013,7103,7013,7044,4716
026960,2008-05-08,7073,7133,7043,7134,2732
026960,2008-05-09,7148,7193,7103,7194,7061
026960,2008-05-13,7253,7553,7253,7433,8308
026960,2008-05-14,7538,7567,7462,7523,10594
026960,2008-05-15,7598,7972,7522,7913,14754
026960,2008-05-16,7912,7912,7792,7913,3851
026960,2008-05-19,7837,7927,7673,7778,2918
026960,2008-05-20,7867,7867,7598,7793,8452
026960,2008-05-21,7792,7792,7507,7793,5355
026960,2008-05-22,7897,8092,7538,8093,7974
026960,2008-05-23,8092,8227,7867,8213,10709
026960,2008-05-26,8092,8092,7867,7973,2406
026960,2008-05-27,7957,8092,7822,8033,3327
026960,2008-05-28,8092,8092,7927,8063,1396
026960,2008-05-29,8092,8092,7912,7943,3029
026960,2008-05-30,8002,8002,7493,7493,5962
026960,2008-06-02,7792,7852,7553,7853,4734
026960,2008-06-03,7673,8092,7673,8093,7014
026960,2008-06-04,8062,8092,8032,8093,6395
026960,2008-06-05,8092,8092,7942,7988,3789
026960,2008-06-09,7867,8092,7553,7988,3845
026960,2008-06-10,8062,8092,7762,7793,2586
026960,2008-06-11,7777,7822,7673,7703,1980
026960,2008-06-12,7687,8092,7642,8093,6489
026960,2008-06-13,7942,8092,7852,8093,8361
026960,2008-06-16,8062,8182,7942,8093,6218
026960,2008-06-17,7987,8092,7942,8003,885
026960,2008-06-18,8017,8017,7882,7898,4265
026960,2008-06-19,7942,8002,7792,7943,16749
026960,2008-06-20,7987,8092,7942,8003,8224
026960,2008-06-23,7553,7987,7553,7943,1370
026960,2008-06-24,7942,7972,7747,7868,2499
026960,2008-06-25,7762,7897,7687,7883,26359
026960,2008-06-26,8092,8092,7792,8003,3865
026960,2008-06-27,8002,8032,7882,8033,8164
026960,2008-06-30,8017,8017,7792,7958,607
026960,2008-07-01,7972,7972,7807,7958,3055
026960,2008-07-02,7852,7942,7733,7898,1097
026960,2008-07-03,7777,7912,7702,7763,8338
026960,2008-07-04,7792,7882,7762,7793,20433
026960,2008-07-07,7792,8002,7673,8003,8813
026960,2008-07-08,8002,8362,7582,8333,48830
026960,2008-07-09,8332,8332,8062,8242,8143
026960,2008-07-10,7852,8167,7852,8153,6170
026960,2008-07-11,8152,8152,7882,8123,3196
026960,2008-07-14,7927,8107,7927,7958,1702
026960,2008-07-15,7867,7942,7837,7853,1133
026960,2008-07-16,7852,8017,7792,7913,5443
026960,2008-07-17,8032,8032,7897,7943,3646
026960,2008-07-18,7942,7942,7642,7643,16064
026960,2008-07-21,7927,7927,7792,7793,1571
026960,2008-07-22,7897,7897,7673,7793,1272
026960,2008-07-23,7912,7912,7762,7793,6261
026960,2008-07-24,7882,7882,7642,7643,7247
026960,2008-07-25,7762,7927,7642,7928,4141
026960,2008-07-28,7957,8242,7807,7943,7392
026960,2008-07-29,7942,8182,7867,7943,52102
026960,2008-07-30,8092,8212,7927,7928,35319
026960,2008-07-31,7942,8032,7852,7943,5944
026960,2008-08-01,8062,8062,7882,7943,1387
026960,2008-08-04,7957,7987,7852,7958,7320
026960,2008-08-05,7867,8062,7867,8048,13266
026960,2008-08-06,8062,8167,8047,8168,9513
026960,2008-08-07,8167,8212,8032,8182,5667
026960,2008-08-08,8167,8212,8092,8168,5574
026960,2008-08-11,8092,8242,8092,8093,3147
026960,2008-08-12,8137,8242,8092,8153,7448
026960,2008-08-13,8152,8272,8077,8168,3861
026960,2008-08-14,8242,8302,8002,8258,17036
026960,2008-08-18,8257,8272,8092,8213,1148
026960,2008-08-19,8212,8212,7942,8093,7633
026960,2008-08-20,8062,8302,7987,8302,23327
026960,2008-08-21,8302,8392,8242,8362,13695
026960,2008-08-22,8212,8392,8137,8242,10390
026960,2008-08-25,8242,8362,8122,8362,7621
026960,2008-08-26,8362,8362,8197,8302,6232
026960,2008-08-27,8302,8392,8242,8302,19330
026960,2008-08-28,8302,8302,8182,8182,611
026960,2008-08-29,8302,8302,8137,8168,1270
026960,2008-09-01,8167,8167,7942,8033,4710
026960,2008-09-02,8032,8062,7897,8033,5233
026960,2008-09-03,7882,8002,7522,7943,5844
026960,2008-09-04,7972,7972,7792,7928,4848
026960,2008-09-05,7792,8092,7792,8063,9135
026960,2008-09-08,8092,8092,7987,8078,2824
026960,2008-09-09,8077,8212,8062,8093,5937
026960,2008-09-10,8092,8242,7912,8168,5067
026960,2008-09-11,8092,8332,7972,8093,19548
026960,2008-09-12,8242,8377,8017,8318,9482
026960,2008-09-16,8107,8242,7942,8093,22123
026960,2008-09-17,8242,8242,7987,7988,5965
026960,2008-09-18,7792,8062,7223,7988,32464
026960,2008-09-19,7987,8182,7882,8153,10904
026960,2008-09-22,8242,8242,7942,8093,1739
026960,2008-09-23,8092,8257,8077,8108,977
026960,2008-09-24,8152,8152,8047,8153,956
026960,2008-09-25,7957,8182,7957,8123,4501
026960,2008-09-26,8092,8212,8092,8153,11850
026960,2008-09-29,8152,8152,8062,8123,16319
026960,2008-09-30,8092,8242,7972,8242,11250
026960,2008-10-01,8242,8242,7987,8228,7530
026960,2008-10-02,8212,8212,8092,8168,1254
026960,2008-10-06,8167,8167,7837,8123,9825
026960,2008-10-07,8002,8107,8002,8093,15368
026960,2008-10-08,8092,8092,7642,8003,12482
026960,2008-10-09,7642,8062,7642,7913,4263
026960,2008-10-10,7912,7912,7328,7329,14408
026960,2008-10-13,7193,7702,7193,7703,4172
026960,2008-10-14,8092,8092,7852,8003,4564
026960,2008-10-15,8002,8092,7792,8033,2394
026960,2008-10-16,7493,7882,7493,7793,6147
026960,2008-10-17,7493,7792,7493,7748,2266
026960,2008-10-20,7747,7747,7538,7748,489
026960,2008-10-21,7762,7792,7433,7583,3588
026960,2008-10-22,7598,7598,7478,7569,3280
026960,2008-10-23,6803,7342,6803,7178,5285
026960,2008-10-24,6848,7193,6278,6654,3462
026960,2008-10-27,6713,7642,5964,7463,13605
026960,2008-10-28,6518,7582,6518,6639,19109
026960,2008-10-29,7148,7298,6563,7298,14653
026960,2008-10-30,7193,7462,6893,7089,23745
026960,2008-10-31,7088,7163,6953,6984,10080
026960,2008-11-03,6908,7133,6593,6594,9567
026960,2008-11-04,6653,6863,6623,6864,14004
026960,2008-11-05,6893,7163,6893,7164,6685
026960,2008-11-06,7193,7193,7028,7134,13723
026960,2008-11-07,7133,7282,6609,7284,13168
026960,2008-11-10,7342,7433,7043,7418,2764
026960,2008-11-11,7582,7582,7043,7344,1025
026960,2008-11-12,7433,7493,7193,7463,1202
026960,2008-11-13,7342,7462,7193,7463,7425
026960,2008-11-14,7462,7493,7282,7433,1735
026960,2008-11-17,7433,7433,6758,7254,7410
026960,2008-11-18,7418,7418,7103,7194,9323
026960,2008-11-19,7193,7223,7043,7194,9480
026960,2008-11-20,7163,7313,7133,7164,13966
026960,2008-11-21,7462,7912,7282,7418,24439
026960,2008-11-24,7462,7507,7268,7478,12878
026960,2008-11-25,7538,7538,7342,7478,5755
026960,2008-11-26,7493,7493,7268,7463,2882
026960,2008-11-27,7462,7493,7313,7493,5690
026960,2008-11-28,7358,8032,7358,8033,9291
026960,2008-12-01,7658,8032,7658,7883,4265
026960,2008-12-02,7642,7867,7642,7793,5414
026960,2008-12-03,7792,7882,7687,7793,964
026960,2008-12-04,7777,7927,7642,7898,3570
026960,2008-12-05,7792,8032,7658,8033,9008
026960,2008-12-08,7882,8092,7852,7853,5553
026960,2008-12-09,7897,7987,7807,7898,1066
026960,2008-12-10,7792,7942,7762,7763,5869
026960,2008-12-11,7822,7852,7717,7748,2644
026960,2008-12-12,7673,7747,7658,7658,2110
026960,2008-12-15,7687,7807,7642,7673,7943
026960,2008-12-16,7673,7717,7493,7493,1582
026960,2008-12-17,7598,7642,7433,7433,7280
026960,2008-12-18,7373,7642,7373,7643,7122
026960,2008-12-19,7642,7687,7462,7643,9826
026960,2008-12-22,7582,7642,7567,7598,1380
026960,2008-12-23,7792,7792,7507,7523,7953
026960,2008-12-24,7777,7777,7522,7583,418
026960,2008-12-26,7553,7747,7433,7733,5636
026960,2008-12-29,7493,7762,7328,7763,5314
026960,2008-12-30,7762,7762,7582,7613,2691
026960,2009-01-02,7733,7747,7373,7538,26307
026960,2009-01-05,7538,7613,7522,7583,7837
026960,2009-01-06,7582,7642,7433,7433,7846
026960,2009-01-07,7433,7448,7282,7329,9477
026960,2009-01-08,7223,7402,7193,7194,6006
026960,2009-01-09,7313,7493,7313,7329,7407
026960,2009-01-12,7268,7507,7223,7449,7092
026960,2009-01-13,7507,7507,7282,7344,25169
026960,2009-01-14,7253,7493,7253,7493,5943
026960,2009-01-15,7342,7478,7342,7478,6967
026960,2009-01-16,7478,7598,7342,7553,4755
026960,2009-01-19,7582,7762,7553,7643,2881
026960,2009-01-20,7702,7762,7493,7688,4657
026960,2009-01-21,7762,7762,7493,7703,3751
026960,2009-01-22,7762,7762,7613,7733,1380
026960,2009-01-23,7733,7792,7553,7703,4402
026960,2009-01-28,7733,8062,7538,8033,11101
026960,2009-01-29,8077,8077,7867,8003,8569
026960,2009-01-30,7852,8032,7852,8018,1275
026960,2009-02-02,8047,8047,7852,7928,2039
026960,2009-02-03,7927,7927,7733,7733,5975
026960,2009-02-04,7733,7792,7717,7793,4139
026960,2009-02-05,7822,7942,7642,7928,2118
026960,2009-02-06,7942,7942,7807,7928,3193
026960,2009-02-09,8062,8062,7702,7748,5051
026960,2009-02-10,7792,7792,7627,7778,3951
026960,2009-02-11,7687,7897,7687,7868,4528
026960,2009-02-12,7942,7942,7762,7868,1241
026960,2009-02-13,7942,7942,7717,7778,1303
026960,2009-02-16,7792,7792,7642,7673,5758
026960,2009-02-17,7642,7822,7613,7793,26975
026960,2009-02-18,7792,7852,7448,7793,20270
026960,2009-02-19,7822,7822,7762,7808,18296
026960,2009-02-20,7762,7807,7658,7748,9661
026960,2009-02-23,7747,7762,7522,7733,3938
026960,2009-02-24,7613,7733,7507,7733,9125
026960,2009-02-25,7747,7747,7642,7718,2389
026960,2009-02-26,7717,7717,7493,7598,3707
026960,2009-02-27,7538,7553,7418,7493,16966
026960,2009-03-02,7493,7493,7342,7389,4140
026960,2009-03-03,7313,7418,7282,7418,3431
026960,2009-03-04,7507,7507,7253,7403,2853
026960,2009-03-05,7507,7627,7298,7389,2235
026960,2009-03-06,7462,7462,7103,7209,7222
026960,2009-03-09,7282,7282,7178,7194,27650
026960,2009-03-10,7163,7402,7163,7344,7470
026960,2009-03-11,7402,7582,7342,7449,5856
026960,2009-03-12,7448,7553,7253,7284,2981
026960,2009-03-13,7373,7478,7282,7284,2374
026960,2009-03-16,7792,7792,7298,7358,1619
026960,2009-03-17,7448,7493,7342,7373,13707
026960,2009-03-18,7373,7733,7298,7344,10589
026960,2009-03-19,7358,7627,7358,7583,6916
026960,2009-03-20,7388,8062,7388,7823,12386
026960,2009-03-23,7792,7792,7553,7688,6355
026960,2009-03-24,7807,7807,7507,7808,5432
026960,2009-03-25,7807,8062,7613,8048,8684
026960,2009-03-26,8047,8092,7837,8078,5968
026960,2009-03-27,8122,8122,7792,7793,5050
026960,2009-03-30,7792,7792,7642,7673,1651
026960,2009-03-31,7717,7882,7658,7703,1973
026960,2009-04-01,7807,8062,7702,8063,25371
026960,2009-04-02,8062,8062,7837,7838,7967
026960,2009-04-03,8092,8137,7882,8063,7948
026960,2009-04-06,8062,8332,7882,8318,10304
026960,2009-04-07,8197,8482,8197,8393,15230
026960,2009-04-08,8332,8332,8092,8093,8693
026960,2009-04-09,8347,8362,8002,8228,9286
026960,2009-04-10,8242,8392,8137,8393,11872
026960,2009-04-13,8392,8392,8077,8078,16998
026960,2009-04-14,8182,8317,8077,8213,8875
026960,2009-04-15,8092,8287,8047,8108,6858
026960,2009-04-16,8227,8272,7837,8003,20264
026960,2009-04-17,8002,8392,7942,8393,12888
026960,2009-04-20,8152,8272,8062,8182,2284
026960,2009-04-21,8017,8182,8002,8033,2097
026960,2009-04-22,8077,8242,7987,8182,12510
026960,2009-04-23,8107,8362,8092,8333,14504
026960,2009-04-24,8377,8377,8182,8182,3968
026960,2009-04-27,8272,8272,8092,8093,9916
026960,2009-04-28,8092,8257,8077,8078,3849
026960,2009-04-29,8077,8182,8077,8093,5443
026960,2009-04-30,8062,8212,8062,8093,17092
026960,2009-05-04,8077,8197,7987,8182,29493
026960,2009-05-06,8182,8302,8092,8108,5793
026960,2009-05-07,8092,8182,8092,8123,17338
026960,2009-05-08,8122,8227,8017,8093,16124
026960,2009-05-11,8092,8227,8092,8123,14688
026960,2009-05-12,8137,8467,8032,8422,30419
026960,2009-05-13,8422,8452,8287,8393,31672
026960,2009-05-14,8287,8377,8197,8228,3763
026960,2009-05-15,8197,8332,8122,8123,2187
026960,2009-05-18,8137,8392,8137,8378,13803
026960,2009-05-19,8377,8422,8257,8393,7265
026960,2009-05-20,8377,8437,8317,8438,6133
026960,2009-05-21,8377,8452,8317,8393,9794
026960,2009-05-22,8287,8467,8287,8378,5465
026960,2009-05-25,8242,8542,8242,8438,10503
026960,2009-05-26,8452,9021,8452,8797,37385
026960,2009-05-27,8842,9081,8557,8693,20630
026960,2009-05-28,8691,8706,8377,8602,13965
026960,2009-05-29,8691,8737,8422,8677,8678
026960,2009-06-01,8677,8991,8422,8992,9073
026960,2009-06-02,9111,9141,8782,8917,22170
026960,2009-06-03,8991,8991,8602,8693,8652
026960,2009-06-04,8602,8691,8512,8693,11829
026960,2009-06-05,8797,8797,8452,8497,4472
026960,2009-06-08,8422,8602,8407,8497,8491
026960,2009-06-09,8497,8512,8152,8168,18382
026960,2009-06-10,8317,8362,8152,8168,14741
026960,2009-06-11,8272,8317,8167,8213,6919
026960,2009-06-12,8227,8332,8152,8302,6982
026960,2009-06-15,8302,8347,8242,8273,5256
026960,2009-06-16,8242,8257,8152,8258,2439
026960,2009-06-17,8257,8392,8152,8333,2972
026960,2009-06-18,8242,8452,8242,8302,3590
026960,2009-06-19,8302,8407,8152,8242,8845
026960,2009-06-22,8182,8302,8167,8273,5619
026960,2009-06-23,8272,8482,8182,8438,15561
026960,2009-06-24,8452,8526,8257,8527,7947
026960,2009-06-25,8542,8617,8422,8602,3583
026960,2009-06-26,8662,8662,8497,8617,3072
026960,2009-06-29,8646,8646,8497,8497,3769
026960,2009-06-30,8602,8631,8377,8602,9838
026960,2009-07-01,8586,8797,8542,8752,6727
026960,2009-07-02,8602,8797,8602,8722,2549
026960,2009-07-03,8542,8722,8257,8722,7943
026960,2009-07-06,8586,8722,8526,8542,6724
026960,2009-07-07,8631,8631,8467,8542,2143
026960,2009-07-08,8482,8571,8452,8557,3100
026960,2009-07-09,8557,8571,8407,8408,2739
026960,2009-07-10,8392,8482,8362,8467,2265
026960,2009-07-13,8467,8467,8302,8302,4632
026960,2009-07-14,8302,8422,8212,8318,2791
026960,2009-07-15,8317,8542,8272,8482,5053
026960,2009-07-16,8542,8602,8317,8422,4919
026960,2009-07-17,8377,8542,8332,8482,2419
026960,2009-07-20,8407,8482,8362,8453,7985
026960,2009-07-21,8542,8542,8362,8362,3998
026960,2009-07-22,8302,8512,8302,8348,4294
026960,2009-07-23,8407,8407,8242,8408,12073
026960,2009-07-24,8452,8452,8332,8408,4458
026960,2009-07-27,8452,8452,8392,8453,6352
026960,2009-07-28,8452,8542,8452,8542,8103
026960,2009-07-29,8392,8526,8392,8527,3487
026960,2009-07-30,8526,8526,8407,8422,2110
026960,2009-07-31,8512,8617,8467,8467,6287
026960,2009-08-03,8586,8646,8497,8647,10136
026960,2009-08-04,8646,8677,8557,8573,2893
026960,2009-08-05,8631,8631,8482,8602,7772
026960,2009-08-06,8526,8631,8512,8602,6659
026960,2009-08-07,8526,8602,8497,8602,16187
026960,2009-08-10,8602,8677,8571,8573,5671
026960,2009-08-11,8751,8751,8452,8497,5461
026960,2009-08-12,8497,8512,8392,8497,5553
026960,2009-08-13,8526,8526,8392,8453,4971
026960,2009-08-14,8452,8542,8377,8542,10370
026960,2009-08-17,8542,8646,8392,8497,8768
026960,2009-08-18,8407,8571,8407,8573,8858
026960,2009-08-19,8571,8662,8571,8602,3232
026960,2009-08-20,8662,8662,8557,8602,5138
026960,2009-08-21,8617,8646,8571,8617,2825
026960,2009-08-24,8617,8662,8526,8633,9158
026960,2009-08-25,8631,8691,8631,8633,4460
026960,2009-08-26,8631,8811,8631,8812,5692
026960,2009-08-27,8811,8811,8691,8722,4530
026960,2009-08-28,8782,9111,8691,8947,23499
026960,2009-08-31,9021,9186,8991,9067,9636
026960,2009-09-01,9066,9261,8931,9127,12654
026960,2009-09-02,9096,9126,8871,8992,8359
026960,2009-09-03,8991,9081,8842,8887,3244
026960,2009-09-04,9036,9036,8886,8917,2390
026960,2009-09-07,8946,9081,8916,8932,4001
026960,2009-09-08,8991,9096,8931,9052,83132
026960,2009-09-09,9036,9441,8991,9262,18703
026960,2009-09-10,9291,9291,9021,9082,10494
026960,2009-09-11,9096,9246,8916,9157,15263
026960,2009-09-14,9156,9261,9051,9157,9276
026960,2009-09-15,9261,9261,9066,9142,15134
026960,2009-09-16,9546,10460,9381,9801,66268
026960,2009-09-17,10010,10160,9621,9651,39760
026960,2009-09-18,9695,10520,9651,10221,51133
026960,2009-09-21,10520,11090,10175,10176,139380
026960,2009-09-22,10325,10490,9935,9981,49637
026960,2009-09-23,10250,10250,9651,9861,28187
026960,2009-09-24,9710,10010,9710,9757,19257
026960,2009-09-25,9695,9830,9531,9831,28853
026960,2009-09-28,9846,10430,9606,10341,46970
026960,2009-09-29,10460,10625,10160,10191,29927
026960,2009-09-30,10325,10625,10250,10595,55305
026960,2009-10-01,10670,10670,10445,10521,16715
026960,2009-10-05,10490,10520,10115,10326,26028
026960,2009-10-06,10610,10610,10415,10521,15195
026960,2009-10-07,10550,10745,10520,10686,11032
026960,2009-10-08,10670,10685,10355,10431,18086
026960,2009-10-09,10430,10595,10370,10581,17156
026960,2009-10-12,10505,10610,10445,10491,6958
026960,2009-10-13,10340,10550,10295,10536,11968
026960,2009-10-14,10595,10655,10490,10655,9489
026960,2009-10-15,10730,11119,10505,10581,33041
026960,2009-10-16,10580,10730,10460,10491,16807
026960,2009-10-19,10490,10535,10400,10506,14361
026960,2009-10-20,10520,10655,10490,10506,23781
026960,2009-10-21,10400,10610,10400,10536,9063
026960,2009-10-22,10520,10520,10235,10341,17382
026960,2009-10-23,10250,10490,10250,10431,7020
026960,2009-10-26,10445,10520,10265,10266,10806
026960,2009-10-27,10250,10385,10205,10266,9691
026960,2009-10-28,10235,10280,9966,9996,17285
026960,2009-10-29,9890,10070,9741,10056,13197
026960,2009-10-30,10055,10280,9980,9981,9124
026960,2009-11-02,9980,9995,9381,9996,10843
026960,2009-11-03,10040,10130,9861,9981,4797
026960,2009-11-04,9980,10040,9786,9936,3848
026960,2009-11-05,10010,10010,9710,9936,12126
026960,2009-11-06,10010,10130,9801,9861,6970
026960,2009-11-09,10055,10055,9801,9846,7114
026960,2009-11-10,10026,10026,9786,9786,7633
026960,2009-11-11,9801,9861,9726,9786,3818
026960,2009-11-12,9786,9920,9681,9801,10516
026960,2009-11-13,9815,9875,9695,9786,12493
026960,2009-11-16,9815,9966,9786,9891,8074
026960,2009-11-17,9920,10026,9786,9816,13170
026960,2009-11-18,9906,9906,9591,9666,8212
026960,2009-11-19,9681,9815,9576,9591,17047
026960,2009-11-20,9546,9950,9426,9951,19342
026960,2009-11-23,9890,9890,9681,9741,6423
026960,2009-11-24,9741,9815,9666,9682,9737
026960,2009-11-25,9681,9755,9576,9682,5175
026960,2009-11-26,9741,9741,9561,9591,16190
026960,2009-11-27,9591,9621,9306,9426,12597
026960,2009-11-30,9606,9606,9381,9426,13422
026960,2009-12-01,9426,9591,9426,9442,4521
026960,2009-12-02,9591,9786,9501,9637,4844
026960,2009-12-03,9681,9770,9501,9771,203950
026960,2009-12-04,9830,9890,9755,9801,9900
026960,2009-12-07,9920,9920,9726,9906,8100
026960,2009-12-08,9906,9920,9770,9861,4656
026960,2009-12-09,9846,9950,9741,9876,3626
026960,2009-12-10,9846,9890,9755,9891,5776
026960,2009-12-11,9801,9920,9710,9906,20315
026960,2009-12-14,9906,10086,9726,10056,13688
026960,2009-12-15,9980,10145,9980,10146,5585
026960,2009-12-16,10040,10400,9980,10281,8282
026960,2009-12-17,10190,10430,10190,10371,12819
026960,2009-12-18,10055,10400,10055,10371,6160
026960,2009-12-21,10370,10370,9995,10011,28894
026960,2009-12-22,9950,10040,9890,10026,8853
026960,2009-12-23,10010,10070,9950,10056,5255
026960,2009-12-24,10100,10250,9980,10251,8550
026960,2009-12-28,10190,10190,10026,10086,7814
026960,2009-12-29,10070,10086,9741,9757,8397
026960,2009-12-30,9875,9875,9695,9831,1906
026960,2010-01-04,9681,9875,9606,9831,104221
026960,2010-01-05,9591,9755,9591,9741,23195
026960,2010-01-06,9681,9726,9591,9682,22689
026960,2010-01-07,9710,9755,9501,9562,16652
026960,2010-01-08,9635,9666,9351,9666,26149
026960,2010-01-11,9621,9815,9606,9741,6810
026960,2010-01-12,9741,9861,9606,9741,15272
026960,2010-01-13,9726,9726,9576,9651,10276
026960,2010-01-14,9741,9741,9516,9622,5467
026960,2010-01-15,9681,9681,9606,9651,5481
026960,2010-01-18,9651,9770,9561,9741,6105
026960,2010-01-19,9681,9861,9606,9801,8749
026960,2010-01-20,9861,9890,9755,9846,6776
026960,2010-01-21,9651,9875,9651,9786,4802
026960,2010-01-22,9591,9801,9591,9786,13504
026960,2010-01-25,9201,9830,9201,9801,12772
026960,2010-01-26,9681,9801,9651,9741,4391
026960,2010-01-27,9635,9741,9501,9682,6955
026960,2010-01-28,9606,9726,9561,9666,8781
026960,2010-01-29,9666,9666,9471,9591,8470
026960,2010-02-01,9471,9591,9351,9426,171911
026960,2010-02-02,9501,9546,9366,9442,10503
026960,2010-02-03,9621,9710,9501,9577,32590
026960,2010-02-04,9576,9710,9426,9562,9835
026960,2010-02-05,9546,9546,9381,9472,5570
026960,2010-02-08,9561,9591,9336,9472,10495
026960,2010-02-09,9456,9561,9441,9472,7904
026960,2010-02-10,9471,9531,9426,9442,8010
026960,2010-02-11,9441,9591,9426,9591,9896
026960,2010-02-12,9591,9621,9486,9577,10110
026960,2010-02-16,9651,9651,9471,9577,6346
026960,2010-02-17,9635,9635,9501,9517,3816
026960,2010-02-18,9561,9606,9441,9486,9674
026960,2010-02-19,9531,9531,9426,9502,9765
026960,2010-02-22,9635,9635,9426,9457,6816
026960,2010-02-23,9456,9501,9411,9502,9677
026960,2010-02-24,9516,9516,9306,9442,19294
026960,2010-02-25,9411,9441,9276,9306,9961
026960,2010-02-26,9291,9381,9261,9366,4439
026960,2010-03-02,9381,9381,9306,9306,5064
026960,2010-03-03,9441,9441,9201,9262,8386
026960,2010-03-04,9321,9396,9201,9337,17855
026960,2010-03-05,9396,9441,9276,9322,6773
026960,2010-03-08,9261,9426,9261,9426,8974
026960,2010-03-09,9291,9501,9291,9426,28224
026960,2010-03-10,9426,9471,9336,9426,6435
026960,2010-03-11,9426,9486,9366,9426,8691
026960,2010-03-12,9441,9546,9426,9442,6981
026960,2010-03-15,9441,9546,9426,9442,115666
026960,2010-03-16,9441,9546,9441,9442,63970
026960,2010-03-17,9531,9531,9441,9502,5835
026960,2010-03-18,9501,9531,9441,9472,5144
026960,2010-03-19,9531,9546,9456,9457,3516
026960,2010-03-22,9411,9531,9411,9486,4360
026960,2010-03-23,9456,9635,9456,9637,6925
026960,2010-03-24,9801,10040,9681,9816,16107
026960,2010-03-25,9815,9966,9741,9861,2567
026960,2010-03-26,9861,9966,9755,9921,4012
026960,2010-03-29,9950,9980,9890,9951,6086
026960,2010-03-30,9995,10055,9801,9816,4696
026960,2010-03-31,9815,10040,9741,9891,6382
026960,2010-04-01,9890,10040,9890,10011,5629
026960,2010-04-02,9980,10040,9815,10026,6341
026960,2010-04-05,10040,10040,9830,10011,5022
026960,2010-04-06,9890,10055,9890,10026,8328
026960,2010-04-07,10026,10086,9950,10041,7278
026960,2010-04-08,10040,10040,9906,10011,4214
026960,2010-04-09,9980,10010,9861,9966,6192
026960,2010-04-12,9966,9966,9890,9906,5276
026960,2010-04-13,9906,9950,9846,9891,9650
026960,2010-04-14,9950,9966,9861,9906,8825
026960,2010-04-15,10026,10026,9741,9906,9157
026960,2010-04-16,9950,9950,9830,9921,5403
026960,2010-04-19,9890,9950,9861,9891,12098
026960,2010-04-20,9906,9950,9861,9891,4388
026960,2010-04-21,9906,9920,9861,9876,8042
026960,2010-04-22,9906,9950,9875,9951,6835
026960,2010-04-23,9980,9980,9890,9981,3501
026960,2010-04-26,9950,10040,9920,9996,4210
026960,2010-04-27,10010,10175,10010,10176,7224
026960,2010-04-28,10100,10220,10070,10191,5855
026960,2010-04-29,10220,10280,10130,10146,8797
026960,2010-04-30,10190,10220,10130,10131,8764
026960,2010-05-03,10220,10715,10086,10641,29834
026960,2010-05-04,10655,10730,10400,10506,7959
026960,2010-05-06,10490,10505,10340,10491,9243
026960,2010-05-07,10340,10445,10190,10416,15664
026960,2010-05-10,10340,10490,10340,10446,5790
026960,2010-05-11,10445,10535,10445,10491,4931
026960,2010-05-12,10505,10550,10430,10550,4967
026960,2010-05-13,10610,10610,10385,10581,6343
026960,2010-05-14,10580,10610,10490,10550,6425
026960,2010-05-17,10370,10595,10325,10461,8375
026960,2010-05-18,10490,10490,9351,10341,13279
026960,2010-05-19,10430,10640,10205,10641,14701
026960,2010-05-20,10625,10640,10010,10416,40297
026960,2010-05-24,10370,10370,10115,10221,22795
026960,2010-05-25,10220,10220,9801,9891,40184
026960,2010-05-26,9890,9980,9861,9891,14070
026960,2010-05-27,9770,9995,9770,9921,11632
026960,2010-05-28,10040,10040,9846,9861,6203
026960,2010-05-31,10040,10040,9861,9891,18926
026960,2010-06-01,9890,9980,9846,9876,25089
026960,2010-06-03,9890,10010,9830,9891,74339
026960,2010-06-04,10010,10070,9846,9891,67541
026960,2010-06-07,9815,9920,9726,9741,61622
026960,2010-06-08,9861,9875,9726,9741,39966
026960,2010-06-09,9830,9830,9546,9591,25970
026960,2010-06-10,9591,9755,9576,9591,75646
026960,2010-06-11,9741,9741,9426,9426,164928
026960,2010-06-14,9501,9531,9141,9142,237697
026960,2010-06-15,9231,9801,9141,9741,296405
026960,2010-06-16,9681,9741,9411,9442,114419
026960,2010-06-17,9516,9846,9441,9726,319780
026960,2010-06-18,9726,10160,9726,10026,80694
026960,2010-06-21,10070,10205,10070,10131,312478
026960,2010-06-22,10175,10205,9846,9861,41430
026960,2010-06-23,9890,10010,9861,9936,17730
026960,2010-06-24,9815,9906,9770,9786,141030
026960,2010-06-25,9890,9935,9801,9936,17442
026960,2010-06-28,9966,10070,9890,9921,14615
026960,2010-06-29,9920,9980,9755,9786,17973
026960,2010-06-30,9741,9815,9635,9801,16292
026960,2010-07-01,9801,9801,9666,9801,11672
026960,2010-07-02,9695,9801,9651,9771,27571
026960,2010-07-05,9666,9770,9666,9757,8668
026960,2010-07-06,9635,9770,9546,9757,16905
026960,2010-07-07,9755,9755,9591,9682,10951
026960,2010-07-08,9770,9770,9666,9711,5799
026960,2010-07-09,9710,9801,9621,9697,88545
026960,2010-07-12,9726,9741,9531,9531,51748
026960,2010-07-13,9561,9635,9561,9637,27536
026960,2010-07-14,9635,9695,9531,9606,83752
026960,2010-07-15,9681,9681,9471,9531,32493
026960,2010-07-16,9591,9591,9336,9486,114484
026960,2010-07-19,9441,9621,9366,9622,70318
026960,2010-07-20,9621,9621,9441,9502,39110
026960,2010-07-21,9501,9501,9411,9502,44410
026960,2010-07-22,9501,9531,9426,9442,55874
026960,2010-07-23,9441,9546,9426,9517,38840
026960,2010-07-26,9516,9815,9516,9801,23684
026960,2010-07-27,9815,9815,9681,9711,12630
026960,2010-07-28,9710,9786,9666,9771,12311
026960,2010-07-29,9786,9815,9710,9757,16274
026960,2010-07-30,9755,9801,9755,9786,9795
026960,2010-08-02,9815,9846,9786,9816,18079
026960,2010-08-03,9861,9875,9755,9801,15219
026960,2010-08-04,9846,9861,9741,9846,19237
026960,2010-08-05,9770,9980,9770,9936,19901
026960,2010-08-06,9935,10130,9935,10071,29188
026960,2010-08-09,10130,10130,9995,10086,8552
026960,2010-08-10,10086,10086,9875,9876,12753
026960,2010-08-11,9935,9935,9815,9921,6270
026960,2010-08-12,9890,10175,9830,10071,19047
026960,2010-08-13,10086,10130,9995,10071,15867
026960,2010-08-16,10160,10235,10026,10236,33507
026960,2010-08-17,10235,10430,10160,10416,30642
026960,2010-08-18,10415,10520,10310,10491,21920
026960,2010-08-19,10490,10535,10385,10491,23811
026960,2010-08-20,10460,10520,10280,10431,15226
026960,2010-08-23,10580,10580,10340,10416,10858
026960,2010-08-24,10430,10430,10280,10341,10524
026960,2010-08-25,10340,10370,10235,10311,12441
026960,2010-08-26,10310,10370,10115,10296,34590
026960,2010-08-27,10280,10340,10190,10281,14952
026960,2010-08-30,10280,10340,10235,10341,5950
026960,2010-08-31,10340,10340,10205,10281,7136
026960,2010-09-01,10295,10370,10040,10371,42209
026960,2010-09-02,10355,10505,10355,10401,33120
026960,2010-09-03,10400,10790,10400,10550,54813
026960,2010-09-06,10550,10595,10430,10461,12663
026960,2010-09-07,10595,10595,10340,10431,18706
026960,2010-09-08,10490,10490,10310,10416,4486
026960,2010-09-09,10400,10460,10265,10266,7843
026960,2010-09-10,10265,10325,10160,10176,30486
026960,2010-09-13,10325,10355,10055,10116,19847
026960,2010-09-14,10190,10220,10055,10161,12984
026960,2010-09-15,10265,10265,10130,10161,20024
026960,2010-09-16,10160,10250,10130,10161,18187
026960,2010-09-17,10250,10280,10145,10281,14497
026960,2010-09-20,10295,10295,10130,10221,10365
026960,2010-09-24,10235,10310,10160,10311,18762
026960,2010-09-27,10430,10550,10415,10491,33381
026960,2010-09-28,10550,10670,10430,10626,17717
026960,2010-09-29,10640,10819,10610,10670,53766
026960,2010-09-30,10610,10865,10535,10761,21056
026960,2010-10-01,10850,10850,10730,10746,14014
026960,2010-10-04,10850,10925,10759,10850,23901
026960,2010-10-05,10925,11030,10670,10790,29276
026960,2010-10-06,10879,10910,10730,10790,19402
026960,2010-10-07,10790,11014,10759,10985,19209
026960,2010-10-08,10999,11539,10999,11075,37517
026960,2010-10-11,11210,11210,11014,11090,8767
026960,2010-10-12,11090,11090,10879,10970,10407
026960,2010-10-13,10970,11059,10895,10970,10062
026960,2010-10-14,11090,11090,10910,11060,9612
026960,2010-10-15,11059,11059,10835,10925,13675
026960,2010-10-18,10925,10939,10759,10940,12147
026960,2010-10-19,11030,11030,10835,10925,15521
026960,2010-10-20,10910,10925,10790,10925,14546
026960,2010-10-21,10835,11389,10835,11390,7797
026960,2010-10-22,11344,11344,11179,11285,6832
026960,2010-10-25,11329,11329,11134,11285,14054
026960,2010-10-26,11329,11599,11314,11570,33089
026960,2010-10-27,11689,12363,11659,12139,38850
026960,2010-10-28,12138,12138,11854,12050,16346
026960,2010-10-29,12048,12288,11899,12289,7498
026960,2010-11-01,12348,12378,12034,12199,12211
026960,2010-11-02,12048,12348,11883,11959,10199
026960,2010-11-03,11959,12048,11869,11990,6209
026960,2010-11-04,11989,12138,11629,11870,16058
026960,2010-11-05,11869,11989,11599,11750,19605
026960,2010-11-08,11599,11749,11539,11690,12204
026960,2010-11-09,11689,11779,11524,11690,26170
026960,2010-11-10,11689,11794,11629,11659,6826
026960,2010-11-11,11629,11689,11539,11570,16654
026960,2010-11-12,11539,11629,11359,11360,12691
026960,2010-11-15,11539,11629,11389,11450,5262
026960,2010-11-16,11448,11568,11224,11300,7438
026960,2010-11-17,11164,11284,11164,11285,6390
026960,2010-11-18,11284,11284,10925,11180,24469
026960,2010-11-19,11210,11389,11179,11390,9841
026960,2010-11-22,11389,11779,11374,11675,27560
026960,2010-11-23,11629,11749,11464,11630,11659
026960,2010-11-24,11210,11659,11210,11540,13617
026960,2010-11-25,11539,11763,11539,11659,8504
026960,2010-11-26,11794,11809,11539,11570,8148
026960,2010-11-29,11569,11749,11404,11510,4040
026960,2010-11-30,11869,11869,11150,11150,23032
026960,2010-12-01,11210,11389,11134,11390,16597
026960,2010-12-02,11389,11449,11224,11240,18438
026960,2010-12-03,11254,11524,11254,11525,26660
026960,2010-12-06,11524,11689,11404,11659,16063
026960,2010-12-07,11734,11839,11629,11645,28934
026960,2010-12-08,11689,11689,11419,11630,35771
026960,2010-12-09,11704,11809,11674,11794,29543
026960,2010-12-10,11823,11914,11794,11914,11130
026960,2010-12-13,11883,12123,11883,11914,15965
026960,2010-12-14,12019,12079,11929,11959,12286
026960,2010-12-15,11959,11989,11584,11690,21706
026960,2010-12-16,11689,11689,11374,11405,25568
026960,2010-12-17,11389,11449,11329,11360,17627
026960,2010-12-20,11329,11374,10999,11135,30698
026960,2010-12-21,11389,11389,11239,11360,18956
026960,2010-12-22,11359,11419,11104,11270,21160
026960,2010-12-23,11329,11449,11239,11390,15444
026960,2010-12-24,11434,11629,11404,11540,20932
026960,2010-12-27,11539,11839,11524,11765,18766
026960,2010-12-28,11809,11839,11524,11555,28283
026960,2010-12-29,11299,11434,11284,11315,9900
026960,2010-12-30,11314,11554,11224,11360,8243
026960,2011-01-03,11359,11359,11150,11210,20498
026960,2011-01-04,11539,11539,11269,11390,24332
026960,2011-01-05,11404,11479,11210,11270,17915
026960,2011-01-06,11269,11434,11164,11435,19935
026960,2011-01-07,11434,11509,11284,11360,11363
026960,2011-01-10,11359,11359,11193,11300,17919
026960,2011-01-11,11299,11299,11059,11120,24116
026960,2011-01-12,11119,11150,11030,11120,24684
026960,2011-01-13,11119,11164,11014,11120,25212
026960,2011-01-14,11119,11119,10925,10985,15746
026960,2011-01-17,11059,11194,10939,11060,26524
026960,2011-01-18,11059,11119,10970,11060,10663
026960,2011-01-19,11134,11134,10910,10940,23834
026960,2011-01-20,10939,11030,10819,10880,37150
026960,2011-01-21,10970,10970,10610,10610,37400
026960,2011-01-24,10685,10790,10595,10686,14330
026960,2011-01-25,10715,10819,10685,10715,19935
026960,2011-01-26,10745,10775,10640,10715,26582
026960,2011-01-27,10790,10790,10625,10730,20401
026960,2011-01-28,10730,10910,10730,10910,13617
026960,2011-01-31,10895,10954,10805,10880,15426
026960,2011-02-01,10879,11014,10879,10985,7717
026960,2011-02-07,10984,11044,10790,11030,9712
026960,2011-02-08,11059,11210,11030,11180,14707
026960,2011-02-09,11224,11239,10970,11090,7820
026960,2011-02-10,11090,11134,10865,10910,21461
026960,2011-02-11,10910,10970,10670,10701,12155
026960,2011-02-14,10655,10670,10175,10416,36804
026960,2011-02-15,10475,10655,10415,10626,8925
026960,2011-02-16,10460,10699,10445,10655,3581
026960,2011-02-17,10655,10745,10490,10581,5518
026960,2011-02-18,10580,10670,10490,10550,7491
026960,2011-02-21,10550,10670,10490,10670,3520
026960,2011-02-22,10640,10640,10505,10550,4659
026960,2011-02-23,10550,10595,10460,10521,11903
026960,2011-02-24,10535,10850,10445,10790,16501
026960,2011-02-25,10879,10879,10790,10835,4673
026960,2011-02-28,10835,10865,10670,10866,6237
026960,2011-03-02,10865,10939,10835,10866,9243
026960,2011-03-03,10939,10939,10790,10866,4727
026960,2011-03-04,10910,10939,10730,10866,15162
026960,2011-03-07,10879,10879,10685,10835,10911
026960,2011-03-08,10805,10939,10610,10835,16046
026960,2011-03-09,10835,10879,10775,10790,10342
026960,2011-03-10,10790,10850,10625,10701,10870
026960,2011-03-11,10730,10730,10520,10670,3768
026960,2011-03-14,10505,10715,10370,10491,13135
026960,2011-03-15,10385,10535,10040,10191,23059
026960,2011-03-16,10190,10340,10190,10341,10911
026960,2011-03-17,10235,10295,10086,10191,5190
026960,2011-03-18,10415,10460,10340,10401,5599
026960,2011-03-21,10370,10460,10370,10446,7009
026960,2011-03-22,10490,10625,10460,10610,7902
026960,2011-03-23,10640,10759,10640,10701,7328
026960,2011-03-24,10640,10790,10640,10715,7061
026960,2011-03-25,10730,10819,10699,10790,11804
026960,2011-03-28,10805,10970,10805,10880,10665
026960,2011-03-29,10939,10939,10775,10880,6291
026960,2011-03-30,10790,10879,10790,10821,4700
026960,2011-03-31,10819,10925,10759,10925,4590
026960,2011-04-01,10910,10925,10835,10910,4193
026960,2011-04-04,10910,10910,10790,10880,6424
026960,2011-04-05,10925,11030,10865,10880,14078
026960,2011-04-06,10805,10910,10640,10641,8048
026960,2011-04-07,10670,10850,10670,10835,6299
026960,2011-04-08,10850,10925,10670,10670,7431
026960,2011-04-11,10715,10819,10505,10581,16967
026960,2011-04-12,10670,10715,10520,10581,4697
026960,2011-04-13,10550,10580,10370,10401,13171
026960,2011-04-14,10400,10685,10400,10566,5377
026960,2011-04-15,10610,10685,10595,10655,4419
026960,2011-04-18,10655,10699,10490,10701,15227
026960,2011-04-19,10699,10699,10550,10701,4732
026960,2011-04-20,10715,10790,10655,10701,11123
026960,2011-04-21,10699,10865,10699,10821,16121
026960,2011-04-22,10910,11044,10819,10821,19122
026960,2011-04-25,10850,11014,10835,10880,9177
026960,2011-04-26,10879,10999,10685,10715,16705
026960,2011-04-27,10879,10910,10730,10850,7104
026960,2011-04-28,10850,10850,10655,10850,24865
026960,2011-04-29,10850,10999,10759,11000,8691
026960,2011-05-02,11030,11134,10970,11045,17516
026960,2011-05-03,11119,11314,11074,11165,18134
026960,2011-05-04,11239,11389,11044,11240,50265
026960,2011-05-06,11239,11239,11090,11090,9660
026960,2011-05-09,10999,11150,10910,11090,11463
026960,2011-05-11,11239,11239,11074,11090,18294
026960,2011-05-12,10999,11104,10790,10910,72507
026960,2011-05-13,10939,10939,10775,10790,5392
026960,2011-05-16,10790,10850,10759,10850,10345
026960,2011-05-17,10850,10879,10759,10806,3531
026960,2011-05-18,10865,10865,10745,10835,4232
026960,2011-05-19,10790,10835,10625,10626,5029
026960,2011-05-20,10610,10790,10610,10790,2713
026960,2011-05-23,10759,10790,10550,10701,6939
026960,2011-05-24,10699,10699,10610,10641,2119
026960,2011-05-25,10670,10699,10490,10595,6892
026960,2011-05-26,10625,10699,10580,10701,14109
026960,2011-05-27,10685,10910,10670,10910,15023
026960,2011-05-30,10879,10939,10835,10835,10841
026960,2011-05-31,10970,10970,10879,10955,11141
026960,2011-06-01,10954,10999,10865,10970,11816
026960,2011-06-02,10970,11014,10805,10940,8611
026960,2011-06-03,10984,10984,10939,10970,9885
026960,2011-06-07,10970,11179,10865,11180,37372
026960,2011-06-08,11090,11179,10984,11180,6874
026960,2011-06-09,11179,11224,10954,10955,8385
026960,2011-06-10,10970,11074,10954,10985,4609
026960,2011-06-13,10970,11074,10850,10970,3432
026960,2011-06-14,10999,11059,10850,10955,6373
026960,2011-06-15,10954,11059,10865,10910,1762
026960,2011-06-16,10910,10939,10850,10925,3302
026960,2011-06-17,11014,11044,10865,10955,3256
026960,2011-06-20,10999,11179,10850,11105,17624
026960,2011-06-21,11239,11254,11179,11225,12641
026960,2011-06-22,11254,11449,11254,11375,22832
026960,2011-06-23,11374,11374,11269,11345,1934
026960,2011-06-24,11344,11359,11150,11255,6088
026960,2011-06-27,11254,11329,10999,11105,6206
026960,2011-06-28,11329,11329,11104,11180,10498
026960,2011-06-29,11269,11269,11164,11240,13349
026960,2011-06-30,11239,11239,11090,11180,6997
026960,2011-07-01,11224,11239,11119,11180,5678
026960,2011-07-04,11224,11224,11030,11030,7747
026960,2011-07-05,11044,11150,10970,11000,8218
026960,2011-07-06,11074,11179,10999,11180,3550
026960,2011-07-07,11179,11179,10939,10940,11133
026960,2011-07-08,11090,11090,10939,11000,3297
026960,2011-07-11,11090,11090,10970,11060,3951
026960,2011-07-12,11090,11090,10939,11000,4632
026960,2011-07-13,10999,11119,10970,11120,3631
026960,2011-07-14,11090,11119,11030,11090,2903
026960,2011-07-15,11090,11150,10999,11150,8171
026960,2011-07-18,11224,11254,11134,11165,4473
026960,2011-07-19,11164,11269,11044,11240,16415
026960,2011-07-20,11269,11329,11210,11315,17085
026960,2011-07-21,11314,11554,11269,11390,14648
026960,2011-07-22,11419,11554,11389,11555,10886
026960,2011-07-25,11539,11839,11509,11705,19701
026960,2011-07-26,11809,11839,11449,11570,10223
026960,2011-07-27,11509,11509,11314,11375,7114
026960,2011-07-28,11359,11524,11210,11525,24737
026960,2011-07-29,11389,11389,11210,11255,17065
026960,2011-08-01,11119,11344,11119,11270,9715
026960,2011-08-02,11329,11329,11119,11120,6032
026960,2011-08-03,11119,11119,10790,10910,19447
026960,2011-08-04,10910,10999,10790,10866,14979
026960,2011-08-05,10640,10775,10490,10715,21114
026960,2011-08-08,10610,10685,10100,10431,37991
026960,2011-08-09,10160,10430,9681,10431,52015
026960,2011-08-10,10445,10759,10175,10311,59311
026960,2011-08-11,10040,10220,10040,10161,26527
026960,2011-08-12,10490,10490,10190,10296,21893
026960,2011-08-16,10490,10655,10385,10655,18762
026960,2011-08-17,10685,10939,10595,10746,39378
026960,2011-08-18,10910,10910,10415,10790,10158
026960,2011-08-19,10505,10505,10415,10476,11899
026960,2011-08-22,10550,10610,9890,10041,25478
026960,2011-08-23,10175,10325,10145,10326,12657
026960,2011-08-24,10370,10490,10265,10401,16862
026960,2011-08-25,10400,10460,10280,10416,4802
026960,2011-08-26,10400,10400,10220,10221,9105
026960,2011-08-29,10220,10310,10220,10281,7653
026960,2011-08-30,10310,10340,10235,10311,11029
026960,2011-08-31,10385,10430,10280,10431,14042
026960,2011-09-01,10475,10625,10385,10491,18178
026960,2011-09-02,10475,10475,10415,10461,1560
026960,2011-09-05,10205,10355,10205,10311,8987
026960,2011-09-06,10205,10220,10086,10116,6162
026960,2011-09-07,10130,10190,10130,10161,2509
026960,2011-09-08,10160,10250,10070,10161,8321
026960,2011-09-09,10190,10235,10115,10161,6775
026960,2011-09-14,10175,10175,10070,10101,3306
026960,2011-09-15,10086,10190,10086,10176,9335
026960,2011-09-16,10190,10355,10160,10356,11717
026960,2011-09-19,10490,10490,10175,10176,3629
026960,2011-09-20,10190,10250,10130,10191,14190
026960,2011-09-21,10160,10190,10115,10131,7200
026960,2011-09-22,10070,10100,9995,10011,4215
026960,2011-09-23,9846,9861,9531,9741,11548
026960,2011-09-26,9980,9980,9426,9801,42229
026960,2011-09-27,9710,9906,9710,9891,21235
026960,2011-09-28,9875,9950,9770,9831,8989
026960,2011-09-29,9830,9906,9741,9891,11855
026960,2011-09-30,9966,10010,9635,9666,10134
026960,2011-10-04,9591,9591,8976,9172,45649
026960,2011-10-05,9171,9441,9006,9292,49863
026960,2011-10-06,9366,9471,9321,9366,9788
026960,2011-10-07,9411,9695,9381,9682,10012
026960,2011-10-10,9501,9801,9501,9757,6898
026960,2011-10-11,9861,10026,9591,9622,11366
026960,2011-10-12,9635,9786,9456,9606,4129
026960,2011-10-13,9501,9666,9501,9577,3447
026960,2011-10-14,9635,9635,9441,9577,7664
026960,2011-10-17,9591,9741,9456,9531,8587
026960,2011-10-18,9441,9441,9201,9232,22324
026960,2011-10-19,9171,9351,9141,9202,22007
026960,2011-10-20,9231,9366,9201,9232,35719
026960,2011-10-21,9336,9336,9126,9262,24751
026960,2011-10-24,9351,9351,9171,9277,13488
026960,2011-10-25,9321,9591,9276,9472,32252
026960,2011-10-26,9486,9486,9291,9382,8858
026960,2011-10-27,9411,9441,9321,9352,8053
026960,2011-10-28,9456,9471,9321,9322,10822
026960,2011-10-31,9366,9441,9321,9366,9953
026960,2011-11-01,9246,9635,9246,9591,19685
026960,2011-11-02,9441,9651,9426,9591,34784
026960,2011-11-03,9516,9770,9486,9591,10692
026960,2011-11-04,9591,10040,9591,9891,34419
026960,2011-11-07,9890,9890,9710,9861,3660
026960,2011-11-08,9861,9890,9770,9831,7342
026960,2011-11-09,9906,9906,9621,9726,6605
026960,2011-11-10,9576,9591,9321,9322,13013
026960,2011-11-11,9336,9471,9231,9397,8777
026960,2011-11-14,9471,9591,9411,9591,5284
026960,2011-11-15,9591,9591,9471,9546,4937
026960,2011-11-16,9546,9546,9381,9397,12077
026960,2011-11-17,9381,9486,9351,9442,2084
026960,2011-11-18,9441,9456,9291,9366,8824
026960,2011-11-21,9501,9501,9336,9397,3435
026960,2011-11-22,9396,9396,9321,9397,3881
026960,2011-11-23,9396,9396,9066,9082,23736
026960,2011-11-24,9051,9156,9021,9142,13186
026960,2011-11-25,9156,9306,9096,9262,15499
026960,2011-11-28,9261,9381,9231,9382,4751
026960,2011-11-29,9411,9486,9381,9412,3400
026960,2011-11-30,9411,9441,9306,9412,2301
026960,2011-12-01,9501,9710,9486,9517,16606
026960,2011-12-02,9576,9591,9516,9562,2945
026960,2011-12-05,9591,9666,9456,9472,5137
026960,2011-12-06,9471,9606,9441,9562,5342
026960,2011-12-07,9635,9635,9546,9546,5060
026960,2011-12-08,9561,9651,9501,9502,9528
026960,2011-12-09,9591,9606,9456,9546,5647
026960,2011-12-12,9531,9635,9501,9502,7650
026960,2011-12-13,9621,9666,9471,9591,11995
026960,2011-12-14,9591,9695,9561,9682,10094
026960,2011-12-15,9681,9726,9591,9606,16178
026960,2011-12-16,9726,9906,9546,9546,12564
026960,2011-12-19,9546,9666,9081,9277,18219
026960,2011-12-20,9276,9441,9276,9366,6639
026960,2011-12-21,9546,9561,9411,9502,6469
026960,2011-12-22,9561,9561,9441,9546,5629
026960,2011-12-23,9561,9591,9531,9591,13975
026960,2011-12-26,9651,9651,9471,9577,10548
026960,2011-12-27,9591,9591,9546,9591,10096
026960,2011-12-28,9516,9516,9321,9472,6322
026960,2011-12-29,9471,9471,9246,9292,539393
026960,2012-01-02,9411,9411,9171,9277,5940
026960,2012-01-03,9261,9336,9171,9277,5795
026960,2012-01-04,9336,9336,9231,9292,4166
026960,2012-01-05,9201,9336,9201,9292,3080
026960,2012-01-06,9291,9336,9201,9292,4349
026960,2012-01-09,9321,9321,9201,9262,3595
026960,2012-01-10,9306,9306,9261,9306,4893
026960,2012-01-11,9336,9381,9261,9337,2987
026960,2012-01-12,9336,9336,9276,9292,9638
026960,2012-01-13,9291,9351,9276,9337,1787
026960,2012-01-16,9336,9366,9306,9337,2744
026960,2012-01-17,9366,9366,9321,9352,3501
026960,2012-01-18,9351,9351,9261,9337,6680
026960,2012-01-19,9366,9381,9321,9366,2325
026960,2012-01-20,9411,9411,9366,9397,5576
026960,2012-01-25,9411,9426,9336,9426,3065
026960,2012-01-26,9426,9486,9411,9472,11221
026960,2012-01-27,9441,9546,9426,9502,16697
026960,2012-01-30,9591,9726,9561,9591,23616
026960,2012-01-31,9710,9710,9591,9711,9457
026960,2012-02-01,9830,9830,9710,9786,6074
026960,2012-02-02,9890,9950,9786,9891,10392
026960,2012-02-03,9890,9890,9741,9816,14709
026960,2012-02-06,9830,9875,9801,9846,12448
026960,2012-02-07,9846,9906,9755,9861,8021
026960,2012-02-08,9861,9920,9815,9846,6895
026960,2012-02-09,9846,9906,9830,9891,3266
026960,2012-02-10,9846,9980,9846,9906,3880
026960,2012-02-13,9815,10130,9815,10131,8961
026960,2012-02-14,10130,10145,10026,10131,4549
026960,2012-02-15,10130,10130,10010,10101,3576
026960,2012-02-16,10100,10100,9995,10026,10648
026960,2012-02-17,10026,10100,9966,10071,9695
026960,2012-02-20,10160,10160,10026,10101,5615
026960,2012-02-21,10160,10160,10070,10146,5792
026960,2012-02-22,10160,10160,10010,10116,5779
026960,2012-02-23,10026,10115,9966,10086,7978
026960,2012-02-24,10086,10115,10010,10101,4568
026960,2012-02-27,10100,10160,9830,10071,16535
026960,2012-02-28,10115,10115,10010,10056,4226
026960,2012-02-29,10040,10145,10040,10146,5153
026960,2012-03-02,10115,10175,10026,10131,16536
026960,2012-03-05,10130,10130,10026,10131,2809
026960,2012-03-06,10130,10130,10055,10131,7368
026960,2012-03-07,10115,10190,10055,10116,6775
026960,2012-03-08,10100,10175,10055,10161,5538
026960,2012-03-09,10115,10205,10040,10146,8610
026960,2012-03-12,10160,10280,10130,10251,7640
026960,2012-03-13,10250,10340,10175,10266,5759
026960,2012-03-14,10340,10340,10190,10296,3153
026960,2012-03-15,10295,10295,10040,10116,19003
026960,2012-03-16,10115,10340,10086,10341,11977
026960,2012-03-19,10250,10370,10130,10221,6775
026960,2012-03-20,10280,10280,10205,10236,2852
026960,2012-03-21,10235,10235,10070,10191,5084
026960,2012-03-22,10190,10235,10130,10236,13132
026960,2012-03-23,10220,10220,10055,10101,5392
026960,2012-03-26,10205,10220,10100,10116,1623
026960,2012-03-27,10130,10175,9980,10026,7320
026960,2012-03-28,10026,10026,9861,9936,13410
026960,2012-03-29,9920,9950,9861,9891,7808
026960,2012-03-30,9950,9995,9906,9951,2846
026960,2012-04-02,9950,10040,9920,10011,6716
026960,2012-04-03,9980,10040,9906,9951,6997
026960,2012-04-04,9950,9950,9846,9876,4143
026960,2012-04-05,9741,9966,9726,9771,9586
026960,2012-04-06,9770,9920,9695,9697,7513
026960,2012-04-09,9770,9770,9666,9697,14632
026960,2012-04-10,9710,9950,9710,9891,8731
026960,2012-04-12,9890,9980,9830,9891,20893
026960,2012-04-13,10010,10010,9786,9891,2872
026960,2012-04-16,9950,9950,9681,9786,4935
026960,2012-04-17,9801,9830,9695,9697,4261
026960,2012-04-18,9710,9830,9681,9786,13907
026960,2012-04-19,9786,9935,9741,9921,11836
026960,2012-04-20,9950,9950,9755,9831,1743
026960,2012-04-23,9830,9846,9741,9771,3870
026960,2012-04-24,9710,9861,9561,9711,84257
026960,2012-04-25,9695,9861,9231,9711,40328
026960,2012-04-26,9726,9950,9710,9891,14602
026960,2012-04-27,9890,9920,9695,9921,7852
026960,2012-04-30,9980,9980,9741,9891,7192
026960,2012-05-02,9890,9920,9755,9891,6724
026960,2012-05-03,9890,9995,9741,9921,8759
026960,2012-05-04,9786,9980,9770,9891,11593
026960,2012-05-07,9890,9995,9786,9951,6751
026960,2012-05-08,9890,9950,9890,9891,4805
026960,2012-05-09,9890,9950,9801,9861,5016
026960,2012-05-10,9950,9950,9710,9757,8440
026960,2012-05-11,9755,9890,9681,9771,13189
026960,2012-05-14,9681,9846,9681,9816,5188
026960,2012-05-15,9801,9801,9666,9786,2260
026960,2012-05-16,9770,9786,9606,9651,7093
026960,2012-05-17,9501,9651,9501,9577,35129
026960,2012-05-18,9576,9710,9471,9472,3957
026960,2012-05-21,9681,9681,9366,9562,2741
026960,2012-05-22,9666,9666,9396,9442,3781
026960,2012-05-23,9441,9441,9321,9322,2351
026960,2012-05-24,9441,9456,9261,9322,3778
026960,2012-05-25,9321,9546,9291,9382,5337
026960,2012-05-29,9411,9486,9291,9472,3638
026960,2012-05-30,9471,9621,9381,9397,3060
026960,2012-05-31,9396,9531,9141,9142,6091
026960,2012-06-01,9216,9471,9216,9397,2089
026960,2012-06-04,9501,9501,9261,9262,2803
026960,2012-06-05,9366,9411,9261,9292,2757
026960,2012-06-07,9456,9486,9261,9486,11995
026960,2012-06-08,9471,9501,9291,9322,49189
026960,2012-06-11,9276,9426,9186,9187,15406
026960,2012-06-12,9081,9276,9081,9217,5966
026960,2012-06-13,9276,9276,9126,9172,5000
026960,2012-06-14,9156,9156,8931,9082,141863
026960,2012-06-15,9081,9111,9006,9082,13501
026960,2012-06-18,9066,9186,9066,9187,18181
026960,2012-06-19,9171,9216,9141,9217,1671
026960,2012-06-20,9246,9291,9111,9292,4571
026960,2012-06-21,9216,9306,9216,9292,12548
026960,2012-06-22,9216,9321,9156,9292,8382
026960,2012-06-25,9291,9351,9261,9292,40807
026960,2012-06-26,9291,9291,9201,9232,7580
026960,2012-06-27,9246,9321,9156,9157,2530
026960,2012-06-28,9186,9246,9156,9202,1904
026960,2012-06-29,9171,9411,9171,9412,10689
026960,2012-07-02,9411,9411,9276,9352,4607
026960,2012-07-03,9321,9426,9201,9277,7222
026960,2012-07-04,9291,9336,9246,9292,2217
026960,2012-07-05,9261,9291,9201,9232,6371
026960,2012-07-06,9231,9276,9171,9202,7376
026960,2012-07-09,9201,9291,9141,9217,8161
026960,2012-07-10,9261,9261,9111,9217,5090
026960,2012-07-11,9126,9291,9126,9262,4178
026960,2012-07-12,9261,9291,9216,9262,4467
026960,2012-07-13,9261,9321,9216,9292,5697
026960,2012-07-16,9291,9336,9201,9292,12882
026960,2012-07-17,9291,9351,9291,9337,3406
026960,2012-07-18,9336,9336,9321,9322,16141
026960,2012-07-19,9321,9336,9246,9292,35690
026960,2012-07-20,9291,9291,9246,9247,8876
026960,2012-07-23,9261,9291,9201,9292,10051
026960,2012-07-24,9156,9276,9156,9262,11006
026960,2012-07-25,9201,9261,9201,9217,12339
026960,2012-07-26,9216,9291,9201,9247,12362
026960,2012-07-27,9351,9351,9246,9262,5917
026960,2012-07-30,9291,9291,9231,9262,7220
026960,2012-07-31,9261,9321,9261,9322,19473
026960,2012-08-01,9321,9366,9306,9322,6238
026960,2012-08-02,9381,9381,9321,9352,6289
026960,2012-08-03,9291,9366,9291,9322,1914
026960,2012-08-06,9321,9396,9321,9382,2803
026960,2012-08-07,9351,9426,9351,9412,5087
026960,2012-08-08,9366,9441,9366,9442,4611
026960,2012-08-09,9441,9501,9441,9502,25567
026960,2012-08-10,9426,9546,9426,9502,4867
026960,2012-08-13,9531,9591,9501,9546,5565
026960,2012-08-14,9576,9606,9501,9517,2870
026960,2012-08-16,9471,9546,9456,9517,29077
026960,2012-08-17,9501,9681,9501,9577,13138
026960,2012-08-20,9591,9710,9576,9682,12877
026960,2012-08-21,9741,9741,9635,9697,10068
026960,2012-08-22,9651,9710,9651,9697,10921
026960,2012-08-23,9576,9695,9561,9591,6379
026960,2012-08-24,9591,9621,9531,9577,12811
026960,2012-08-27,9575,9635,9546,9577,4481
026960,2012-08-28,9546,9621,9546,9577,17854
026960,2012-08-29,9621,9651,9561,9562,7237
026960,2012-08-30,9531,9591,9351,9472,6974
026960,2012-08-31,9441,9531,9441,9502,24756
026960,2012-09-03,9531,9546,9456,9486,6572
026960,2012-09-04,9486,9501,9441,9472,13689
026960,2012-09-05,9471,9486,9441,9472,10316
026960,2012-09-06,9486,9516,9456,9486,10468
026960,2012-09-07,9516,9546,9501,9502,11170
026960,2012-09-10,9516,9531,9426,9502,8787
026960,2012-09-11,9471,9516,9441,9517,14645
026960,2012-09-12,9516,9531,9456,9502,12802
026960,2012-09-13,9471,9501,9456,9457,10933
026960,2012-09-14,9501,9561,9501,9531,15687
026960,2012-09-17,9531,9546,9471,9517,13280
026960,2012-09-18,9546,9546,9486,9517,8683
026960,2012-09-19,9516,9516,9426,9457,24735
026960,2012-09-20,9501,9501,9426,9442,11141
026960,2012-09-21,9441,9501,9426,9457,50632
026960,2012-09-24,9441,9501,9441,9472,26396
026960,2012-09-25,9486,9531,9471,9517,12313
026960,2012-09-26,9501,9576,9411,9502,31499
026960,2012-09-27,9471,9501,9426,9442,22765
026960,2012-09-28,9471,9531,9441,9531,8574
026960,2012-10-02,9575,9575,9471,9486,6604
026960,2012-10-04,9531,9561,9456,9546,9769
026960,2012-10-05,9546,9666,9516,9637,20614
026960,2012-10-08,9635,9651,9591,9637,9508
026960,2012-10-09,9606,9741,9606,9666,12945
026960,2012-10-10,9651,9846,9635,9816,18277
026960,2012-10-11,9815,9830,9710,9786,9661
026960,2012-10-12,9815,9906,9710,9861,18085
026960,2012-10-15,9830,9935,9801,9861,29842
026960,2012-10-16,9890,9980,9770,9921,18819
026960,2012-10-17,9935,10115,9920,10056,26153
026960,2012-10-18,10055,10205,10026,10071,24127
026960,2012-10-19,10205,10265,10100,10101,26981
026960,2012-10-22,10100,10250,10026,10221,35954
026960,2012-10-23,10220,10235,10145,10191,37082
026960,2012-10-24,10280,10280,10115,10191,34124
026960,2012-10-25,10086,10250,10086,10206,28199
026960,2012-10-26,10220,10220,10160,10191,20785
026960,2012-10-29,10190,10250,10086,10146,22824
026960,2012-10-30,10115,10130,9606,10041,19522
026960,2012-10-31,10040,10130,9861,9936,14913
026960,2012-11-01,10040,10190,9815,10176,19829
026960,2012-11-02,10190,10250,10026,10191,4974
026960,2012-11-05,10190,10190,9906,10071,10788
026960,2012-11-06,10130,10250,9950,10011,13829
026960,2012-11-07,9980,10190,9980,10071,11273
026960,2012-11-08,10055,10130,9890,9966,11154
026960,2012-11-09,9846,10250,9846,10251,27478
026960,2012-11-12,10115,10235,10115,10191,9092
026960,2012-11-13,10250,11449,10040,10790,173631
026960,2012-11-14,10790,10790,10400,10550,62443
026960,2012-11-15,10640,10819,10400,10476,60329
026960,2012-11-16,10310,10475,10250,10281,27577
026960,2012-11-19,10280,10460,10280,10371,20854
026960,2012-11-20,10490,10595,10475,10595,25039
026960,2012-11-21,10730,10790,10685,10730,63229
026960,2012-11-22,10790,10790,10580,10655,32955
026960,2012-11-23,10640,10790,10640,10701,17073
026960,2012-11-26,10759,10925,10670,10790,39937
026960,2012-11-27,10805,10939,10759,10895,62837
026960,2012-11-28,11251,11281,10509,10777,59805
026960,2012-11-29,10925,10925,10420,10628,37619
026960,2012-11-30,10806,10806,10420,10628,24144
026960,2012-12-03,10509,10687,10509,10569,18141
026960,2012-12-04,10628,10657,10509,10569,7710
026960,2012-12-05,10628,10687,10539,10598,6467
026960,2012-12-06,10568,10746,10568,10688,35844
026960,2012-12-07,10746,10776,10598,10747,20405
026960,2012-12-10,10835,11251,10806,10955,59280
026960,2012-12-11,11162,11162,10954,11014,18937
026960,2012-12-12,11073,11103,10925,11014,17992
026960,2012-12-13,11073,11103,10895,10984,17071
026960,2012-12-14,10984,11756,10925,11756,67905
026960,2012-12-17,11607,11607,11310,11459,54904
026960,2012-12-18,11221,11281,11043,11163,32217
026960,2012-12-20,11251,11429,11162,11341,38919
026960,2012-12-21,11162,11251,10628,11252,152474
026960,2012-12-24,11162,11162,10865,10925,48207
026960,2012-12-26,10835,11043,10835,10955,74130
026960,2012-12-27,10806,10984,10509,10806,45980
026960,2012-12-28,10865,11014,10717,10925,94283
026960,2013-01-02,10954,11043,10776,10836,31773
026960,2013-01-03,10895,10895,10628,10688,31447
026960,2013-01-04,10746,10865,10539,10806,57204
026960,2013-01-07,10806,10865,10717,10806,69531
026960,2013-01-08,10806,11132,10806,10925,212750
026960,2013-01-09,11043,11043,10657,10747,90187
026960,2013-01-10,10776,10806,10657,10806,43603
026960,2013-01-11,10746,10895,10687,10866,64132
026960,2013-01-14,10954,11073,10687,10836,73411
026960,2013-01-15,10925,11103,10835,10925,109577
026960,2013-01-16,11043,11400,11014,11222,257527
026960,2013-01-17,11251,11281,11073,11103,196538
026960,2013-01-18,11162,11221,10925,10984,58961
026960,2013-01-21,11043,11043,10746,10836,91774
026960,2013-01-22,10895,10895,10746,10777,60577
026960,2013-01-23,10865,11103,10865,10955,129773
026960,2013-01-24,11014,11043,10746,10806,122439
026960,2013-01-25,10895,10984,10776,10984,106528
026960,2013-01-28,11103,11162,10984,11073,76942
026960,2013-01-29,11132,11132,10954,11044,48056
026960,2013-01-30,11043,11073,10835,10925,45359
026960,2013-01-31,10984,11132,10835,11133,64001
026960,2013-02-01,11162,11221,10865,11163,107740
026960,2013-02-04,11103,11162,10925,11014,51056
026960,2013-02-05,10984,11162,10954,11073,58835
026960,2013-02-06,11132,11192,11073,11163,42924
026960,2013-02-07,11162,11162,11014,11103,22945
026960,2013-02-08,11043,11103,10895,10984,33629
026960,2013-02-12,11073,11073,10865,10866,32376
026960,2013-02-13,10865,11103,10835,11103,86325
026960,2013-02-14,11103,11132,10925,10955,49588
026960,2013-02-15,11043,11043,10925,11044,22751
026960,2013-02-18,11014,11103,10984,11073,18889
026960,2013-02-19,11103,11103,11014,11073,43364
026960,2013-02-20,11162,11192,11073,11163,118754
026960,2013-02-21,11103,11192,11014,11163,70679
026960,2013-02-22,11103,11667,11103,11519,140273
026960,2013-02-25,11578,11578,11400,11489,36733
026960,2013-02-26,11459,11815,11429,11727,91614
026960,2013-02-27,11756,12884,11607,12766,750756
026960,2013-02-28,12854,13092,12468,12617,265368
026960,2013-03-04,12617,12914,12587,12825,212604
026960,2013-03-05,12914,13329,12914,13063,198165
026960,2013-03-06,12943,13448,12795,13419,186657
026960,2013-03-07,13418,13537,13240,13538,105503
026960,2013-03-08,13478,13626,13062,13122,107987
026960,2013-03-11,13121,14071,12884,13716,301366
026960,2013-03-12,13715,13893,13300,13419,126718
026960,2013-03-13,13448,13567,13270,13567,115992
026960,2013-03-14,13656,13834,13389,13656,96053
026960,2013-03-15,13864,13864,13656,13805,82954
026960,2013-03-18,13864,13864,13507,13627,80076
026960,2013-03-19,13804,13804,13389,13478,65720
026960,2013-03-20,13596,13626,13270,13508,93759
026960,2013-03-21,13507,13685,13389,13478,47609
026960,2013-03-22,13478,13953,13389,13834,134121
026960,2013-03-25,13923,13923,13715,13775,44339
026960,2013-03-26,13775,13893,13567,13627,53874
026960,2013-03-27,13596,13834,13507,13627,62928
026960,2013-03-28,13864,13953,13537,13864,87331
026960,2013-03-29,13953,14517,13804,14458,208273
026960,2013-04-01,14428,14665,14160,14280,68122
026960,2013-04-02,14131,14576,14131,14398,108304
026960,2013-04-03,14546,14606,14368,14428,92812
026960,2013-04-04,14309,14487,13893,14488,97257
026960,2013-04-05,14487,14487,13804,13923,92690
026960,2013-04-08,13685,13864,13418,13478,93364
026960,2013-04-09,12795,13656,12765,13656,278708
026960,2013-04-10,13596,13834,13478,13745,94312
026960,2013-04-11,13685,13864,13389,13656,118637
026960,2013-04-12,13626,13685,13270,13478,94769
026960,2013-04-15,13478,13775,13418,13656,59706
026960,2013-04-16,13359,14339,13359,14250,169402
026960,2013-04-17,14249,14546,14042,14369,157910
026960,2013-04-18,14368,14606,14071,14191,140602
026960,2013-04-19,14131,14368,13864,14339,95356
026960,2013-04-22,14309,14576,14220,14488,94072
026960,2013-04-23,14665,15318,14576,15111,307390
026960,2013-04-24,15110,15734,14992,15705,300634
026960,2013-04-25,16120,16506,15615,15734,249054
026960,2013-04-26,15734,16239,15615,16239,108683
026960,2013-04-29,16060,16535,15912,16298,109476
026960,2013-04-30,16298,16625,16031,16269,112618
026960,2013-05-02,16209,16476,15764,15972,96795
026960,2013-05-03,15971,16328,15704,16328,89120
026960,2013-05-06,16446,17040,16150,17011,187462
026960,2013-05-07,17129,17753,16921,17516,276322
026960,2013-05-08,17693,18376,17337,17931,296292
026960,2013-05-09,18109,18406,17100,17338,181856
026960,2013-05-10,17367,17693,16862,17159,154640
026960,2013-05-13,17159,17396,16684,16922,129417
026960,2013-05-14,16684,16803,16209,16625,132800
026960,2013-05-15,16625,17040,16417,16803,86174
026960,2013-05-16,16803,16803,16268,16447,86040
026960,2013-05-20,16328,16921,16120,16833,121654
026960,2013-05-21,16921,17100,16625,16952,93647
026960,2013-05-22,16951,17100,16684,16744,83111
026960,2013-05-23,16625,17100,16625,16714,80445
026960,2013-05-24,16743,16981,16595,16625,71929
026960,2013-05-27,16565,16565,16149,16506,95185
026960,2013-05-28,16506,16625,16268,16566,54256
026960,2013-05-29,16535,16565,16298,16328,87311
026960,2013-05-30,16387,17100,16328,16833,160494
026960,2013-05-31,16832,16862,16387,16506,112980
026960,2013-06-03,16506,16862,16209,16269,118156
026960,2013-06-04,16357,16446,15853,15942,107780
026960,2013-06-05,15882,16150,15496,16091,74406
026960,2013-06-07,16150,16328,15704,16328,57785
026960,2013-06-10,16328,16892,16150,16863,90495
026960,2013-06-11,16892,16921,16476,16863,55646
026960,2013-06-12,16565,16981,16565,16803,57850
026960,2013-06-13,16892,16892,16239,16328,70458
026960,2013-06-14,16328,16625,16239,16536,34997
026960,2013-06-17,16595,16684,16357,16625,50413
026960,2013-06-18,16535,16803,16328,16625,42987
026960,2013-06-19,16625,16654,16298,16625,56290
026960,2013-06-20,16328,16921,16298,16892,112501
026960,2013-06-21,16565,16743,16179,16328,86557
026960,2013-06-24,16565,16773,16239,16595,68068
026960,2013-06-25,16565,16565,15615,15764,106439
026960,2013-06-26,16001,16090,15348,15764,100841
026960,2013-06-27,16031,16090,15437,16091,67866
026960,2013-06-28,16209,16417,15971,16388,23215
026960,2013-07-01,16328,16625,16150,16625,28889
026960,2013-07-02,16625,16625,16209,16209,56049
026960,2013-07-03,16209,16476,16031,16209,28559
026960,2013-07-04,16268,16298,15942,16031,38721
026960,2013-07-05,16150,16328,16060,16239,17616
026960,2013-07-08,16328,16387,15764,15972,22405
026960,2013-07-09,15912,16090,15704,15764,46349
026960,2013-07-10,15912,16120,15734,15734,21178
026960,2013-07-11,15764,16239,15764,16209,29882
026960,2013-07-12,16209,16328,15942,16180,16534
026960,2013-07-15,16179,16209,15912,16091,34042
026960,2013-07-16,16090,16120,15526,15913,71317
026960,2013-07-17,15734,16120,15734,16091,40848
026960,2013-07-18,15971,16090,15764,15853,34428
026960,2013-07-19,15853,15971,15645,15913,33876
026960,2013-07-22,15823,15942,15764,15883,17786
026960,2013-07-23,15942,16120,15764,16120,46213
026960,2013-07-24,16120,16446,16001,16388,52291
026960,2013-07-25,16328,17604,16328,17278,171190
026960,2013-07-26,17456,17723,17040,17338,63933
026960,2013-07-29,17337,17485,16714,16863,44441
026960,2013-07-30,17010,17456,16654,17456,35416
026960,2013-07-31,17278,17485,16832,17070,35045
026960,2013-08-01,17159,17248,16684,16714,21188
026960,2013-08-02,17040,17337,16565,16566,70203
026960,2013-08-05,16862,17278,16684,16863,62717
026960,2013-08-06,17040,17278,16803,17041,71131
026960,2013-08-07,17040,17278,16743,17189,91118
026960,2013-08-08,17189,17396,16951,17130,55929
026960,2013-08-09,17129,17218,16981,17159,25831
026960,2013-08-12,17248,17693,17159,17516,101492
026960,2013-08-13,17396,18020,17396,17931,106604
026960,2013-08-14,17931,18139,17575,17723,65786
026960,2013-08-16,17664,17842,17070,17367,66478
026960,2013-08-19,17634,17664,17307,17664,52015
026960,2013-08-20,17664,17723,17010,17011,59007
026960,2013-08-21,16832,17218,16654,16773,49347
026960,2013-08-22,16565,16714,16328,16447,59296
026960,2013-08-23,16476,16892,16476,16773,40800
026960,2013-08-26,16951,16951,16595,16773,34250
026960,2013-08-27,16743,16773,16268,16298,78848
026960,2013-08-28,15912,16476,15853,16209,107964
026960,2013-08-29,16090,16714,16090,16417,53916
026960,2013-08-30,16565,17218,16476,17219,71422
026960,2013-09-02,17218,17218,16951,17070,20572
026960,2013-09-03,16981,17100,16684,16773,29416
026960,2013-09-04,16921,16951,16446,16447,58833
026960,2013-09-05,16565,16684,16387,16447,25209
026960,2013-09-06,16625,16803,16506,16625,81193
026960,2013-09-09,16625,16625,16565,16625,64669
026960,2013-09-10,16595,16921,16417,16625,42609
026960,2013-09-11,16625,16654,16387,16625,41536
026960,2013-09-12,16506,16684,16446,16625,38607
026960,2013-09-13,16625,16684,16357,16595,51730
026960,2013-09-16,16684,16684,16328,16477,65573
026960,2013-09-17,16446,16654,16357,16536,21323
026960,2013-09-23,16506,16921,16476,16744,42744
026960,2013-09-24,16625,17010,16535,16922,34846
026960,2013-09-25,16803,16921,16476,16477,42982
026960,2013-09-26,16476,16535,16298,16358,77095
026960,2013-09-27,16387,16803,16357,16803,43993
026960,2013-09-30,16862,16862,16565,16744,12690
026960,2013-10-01,16565,16773,16506,16684,20226
026960,2013-10-02,16595,16714,16387,16477,24537
026960,2013-10-04,16387,16535,16328,16447,26868
026960,2013-10-07,16595,16595,16387,16388,21167
026960,2013-10-08,16387,16476,16179,16269,27357
026960,2013-10-10,16268,16476,16209,16269,40446
026960,2013-10-11,16357,16476,16268,16358,48533
026960,2013-10-14,16328,16328,16150,16150,34771
026960,2013-10-15,16150,16268,15942,15942,56174
026960,2013-10-16,16150,16150,15734,15913,47169
026960,2013-10-17,15971,16031,15229,15556,86565
026960,2013-10-18,15556,15793,15318,15734,25911
026960,2013-10-21,15734,16209,15675,16002,61744
026960,2013-10-22,15942,16060,15704,16061,47072
026960,2013-10-23,16060,16090,15734,16002,53240
026960,2013-10-24,16001,16239,15882,16180,61859
026960,2013-10-25,16209,16625,16209,16417,36207
026960,2013-10-28,16535,16684,16298,16506,26441
026960,2013-10-29,16446,16595,16357,16506,29050
026960,2013-10-30,16565,16773,16446,16655,40645
026960,2013-10-31,16654,16714,16417,16506,29888
026960,2013-11-01,16387,16417,16031,16328,57298
026960,2013-11-04,16150,16328,16090,16239,25250
026960,2013-11-05,16328,16328,16090,16120,18459
026960,2013-11-06,16060,16446,16060,16417,38488
026960,2013-11-07,16298,16862,16298,16714,89246
026960,2013-11-08,16714,16803,16535,16714,27219
026960,2013-11-11,16714,17337,16506,16981,179728
026960,2013-11-12,17278,17456,17010,17159,95933
026960,2013-11-13,17248,17723,17040,17248,88978
026960,2013-11-14,17307,17515,16921,17130,90396
026960,2013-11-15,17248,17307,16981,17189,50450
026960,2013-11-18,17248,17782,17248,17634,95796
026960,2013-11-19,17575,17931,17396,17634,100696
026960,2013-11-20,17723,17842,17485,17605,49947
026960,2013-11-21,17575,18020,17485,17902,90145
026960,2013-11-22,18020,18109,17871,17931,71256
026960,2013-11-25,18079,18346,17931,18288,81168
026960,2013-11-26,18109,19000,18050,19000,210653
026960,2013-11-27,19100,19100,18500,18700,172553
026960,2013-11-28,18850,19100,18500,18800,84015
026960,2013-11-29,19000,19000,18150,18400,133365
026960,2013-12-02,18450,18600,18150,18200,54242
026960,2013-12-03,18250,18350,17950,18050,54760
026960,2013-12-04,18100,18400,17900,18050,56477
026960,2013-12-05,18100,18250,17850,17900,61964
026960,2013-12-06,17900,18100,17800,18050,44372
026960,2013-12-09,18200,18200,17800,17900,40740
026960,2013-12-10,17800,18000,17750,17900,40714
026960,2013-12-11,17700,17900,17600,17850,45261
026960,2013-12-12,17650,17850,17450,17500,44625
026960,2013-12-13,17500,17600,17000,17000,79183
026960,2013-12-16,17000,17450,16750,17300,163116
026960,2013-12-17,17500,17500,16950,17000,46333
026960,2013-12-18,17200,17250,16750,17200,38641
026960,2013-12-19,17200,17350,16800,17100,67478
026960,2013-12-20,16750,16950,16600,16850,151584
026960,2013-12-23,16900,17200,16850,17200,63881
026960,2013-12-24,17250,17250,16950,17100,150141
026960,2013-12-26,17100,17250,16950,17050,106649
026960,2013-12-27,16850,16950,16650,16700,69161
026960,2013-12-30,16600,16950,16600,16850,73949
026960,2014-01-02,16850,16900,16550,16650,49553
026960,2014-01-03,16600,16700,16300,16650,72404
026960,2014-01-06,16500,16750,16450,16450,54784
026960,2014-01-07,16350,16550,16250,16300,44875
026960,2014-01-08,16400,16700,16350,16700,72553
026960,2014-01-09,16800,16800,16450,16550,36849
026960,2014-01-10,16600,16700,16450,16600,50584
026960,2014-01-13,16550,16700,16500,16600,37359
026960,2014-01-14,16500,16650,16300,16600,75999
026960,2014-01-15,16500,16700,16450,16700,53345
026960,2014-01-16,16750,16800,16500,16500,65364
026960,2014-01-17,16550,16600,16450,16550,90539
026960,2014-01-20,16600,16650,16450,16550,80616
026960,2014-01-21,16550,16900,16500,16850,104573
026960,2014-01-22,16950,17050,16650,16900,139392
026960,2014-01-23,16900,16950,16450,16750,128684
026960,2014-01-24,16750,16750,15950,16300,315324
026960,2014-01-27,16100,16350,15750,16350,93522
026960,2014-01-28,16200,16400,16000,16250,60418
026960,2014-01-29,16100,16300,16100,16250,121686
026960,2014-02-03,16250,16300,16000,16150,83018
026960,2014-02-04,16050,16050,15500,15700,171499
026960,2014-02-05,15600,15650,14950,15200,241562
026960,2014-02-06,15250,15650,15200,15450,71846
026960,2014-02-07,15550,16350,15350,15500,253346
026960,2014-02-10,15750,16100,15650,15900,116987
026960,2014-02-11,16150,16200,15650,15800,62636
026960,2014-02-12,16000,16000,15700,15800,66490
026960,2014-02-13,15750,16000,15750,15850,52693
026960,2014-02-14,15850,16000,15700,15700,59267
026960,2014-02-17,16000,16000,15400,15650,105802
026960,2014-02-18,15600,15750,15500,15700,84908
026960,2014-02-19,15700,16150,15600,16100,202479
026960,2014-02-20,16200,16200,15600,15750,138342
026960,2014-02-21,15850,15900,15650,15750,51277
026960,2014-02-24,15800,15900,15700,15700,44001
026960,2014-02-25,15700,15800,15500,15600,68820
026960,2014-02-26,15600,15650,15400,15600,96848
026960,2014-02-27,15600,15800,15500,15650,73345
026960,2014-02-28,15650,15750,15500,15650,43838
026960,2014-03-03,15650,15650,15450,15500,34186
026960,2014-03-04,15400,15650,15400,15600,39212
026960,2014-03-05,15600,15850,15600,15750,43163
026960,2014-03-06,15750,15850,15550,15700,99077
026960,2014-03-07,15800,15800,15400,15400,118772
026960,2014-03-10,15400,15500,15000,15200,199279
026960,2014-03-11,15200,15550,15100,15450,89616
026960,2014-03-12,15250,15800,15250,15500,83550
026960,2014-03-13,15600,15600,15300,15500,63678
026960,2014-03-14,15450,15650,15300,15650,58380
026960,2014-03-17,15700,15750,15600,15750,53738
026960,2014-03-18,15750,16000,15600,15650,105148
026960,2014-03-19,15750,15750,15300,15400,119101
026960,2014-03-20,15350,15500,15250,15300,57214
026960,2014-03-21,15300,15650,15200,15450,143817
026960,2014-03-24,15400,15500,15300,15450,68221
026960,2014-03-25,15500,15550,15250,15400,56025
026960,2014-03-26,15450,15700,15300,15700,102726
026960,2014-03-27,15650,16050,15550,15850,103158
026960,2014-03-28,15850,15950,15700,15950,57064
026960,2014-03-31,15950,16250,15700,15800,106354
026960,2014-04-01,15800,16050,15700,15900,64409
026960,2014-04-02,15950,16450,15900,16300,118518
026960,2014-04-03,16300,16300,15900,15950,74084
026960,2014-04-04,16050,16050,15650,15800,73565
026960,2014-04-07,15850,16000,15750,15800,37781
026960,2014-04-08,15800,16050,15700,16050,40804
026960,2014-04-09,16200,16200,15900,16200,40942
026960,2014-04-10,16200,16250,15950,16150,54947
026960,2014-04-11,16000,16200,15950,16050,61026
026960,2014-04-14,16050,16300,16000,16300,85947
026960,2014-04-15,16250,16300,16000,16000,66093
026960,2014-04-16,16050,16150,16000,16150,33739
026960,2014-04-17,16200,16200,16000,16150,47866
026960,2014-04-18,16050,16150,15900,16050,91206
026960,2014-04-21,16150,16150,15900,15950,57125
026960,2014-04-22,15950,16100,15900,16000,44210
026960,2014-04-23,16100,16100,15800,16000,80740
026960,2014-04-24,15950,16000,15600,15800,136068
026960,2014-04-25,15750,15800,15450,15650,146090
026960,2014-04-28,15550,15800,15550,15800,32095
026960,2014-04-29,15850,15900,15650,15750,52190
026960,2014-04-30,15850,15850,15650,15800,52357
026960,2014-05-02,15800,15950,15650,15900,32752
026960,2014-05-07,15950,15950,15650,15700,44081
026960,2014-05-08,15800,15800,15550,15600,62294
026960,2014-05-09,15600,15850,15600,15850,36414
026960,2014-05-12,15850,15850,15650,15750,35555
026960,2014-05-13,15750,15950,15650,15950,45966
026960,2014-05-14,15900,16250,15800,16150,91739
026960,2014-05-15,16150,16300,16000,16200,68166
026960,2014-05-16,16200,16200,15800,15900,54146
026960,2014-05-19,15800,16100,15800,16100,42425
026960,2014-05-20,16100,16150,15950,16000,44242
026960,2014-05-21,15900,16150,15900,16150,37638
026960,2014-05-22,16150,16200,15950,16100,50849
026960,2014-05-23,16100,16200,15850,16200,57807
026960,2014-05-26,16200,16250,16050,16150,29346
026960,2014-05-27,16100,16150,16000,16100,49507
026960,2014-05-28,16100,16150,15950,16100,45916
026960,2014-05-29,16150,17050,15800,16750,321346
026960,2014-05-30,16750,16750,16400,16400,135493
026960,2014-06-02,16500,17050,16400,16750,173204
026960,2014-06-03,16900,17100,16650,16850,211151
026960,2014-06-05,16800,16950,16600,16700,170636
026960,2014-06-09,16700,16800,16150,16150,132207
026960,2014-06-10,16150,16500,16150,16400,93504
026960,2014-06-11,16300,16550,16250,16400,109628
026960,2014-06-12,16450,16550,15900,15900,224516
026960,2014-06-13,16000,16250,15900,16000,229128
026960,2014-06-16,16050,16250,15950,16250,59348
026960,2014-06-17,16200,16450,16150,16450,67190
026960,2014-06-18,16500,16550,16350,16400,177818
026960,2014-06-19,16450,16550,16350,16500,137572
026960,2014-06-20,16500,16550,16350,16550,130305
026960,2014-06-23,16550,16700,16500,16550,117088
026960,2014-06-24,16500,16600,16300,16300,89658
026960,2014-06-25,16450,16650,16300,16500,61289
026960,2014-06-26,16500,16650,16400,16650,41591
026960,2014-06-27,16650,16750,16550,16650,58827
026960,2014-06-30,16700,16800,16600,16800,60516
026960,2014-07-01,16850,17300,16800,17150,186858
026960,2014-07-02,17150,17250,16950,17050,109808
026960,2014-07-03,17150,17150,16850,16950,68124
026960,2014-07-04,17050,17100,16700,16800,85390
026960,2014-07-07,16700,16950,16600,16700,96900
026960,2014-07-08,16700,16750,16300,16700,116724
026960,2014-07-09,16650,16700,16350,16550,64825
026960,2014-07-10,16700,16900,16600,16800,163371
026960,2014-07-11,16900,16950,16500,16550,110134
026960,2014-07-14,16600,16850,16500,16600,122314
026960,2014-07-15,16600,16700,16500,16550,123253
026960,2014-07-16,16600,16700,16450,16550,94109
026960,2014-07-17,16650,17100,16600,17000,192739
026960,2014-07-18,17050,18100,17050,17600,641364
026960,2014-07-21,17800,18100,17450,17700,422040
026960,2014-07-22,17800,18000,17450,18000,249710
026960,2014-07-23,18000,18850,17850,18700,492374
026960,2014-07-24,18700,18750,18200,18400,214726
026960,2014-07-25,18400,19450,18000,19200,393797
026960,2014-07-28,19450,20050,18900,19200,411268
026960,2014-07-29,19250,19400,18650,19300,171387
026960,2014-07-30,19300,19850,19100,19450,200095
026960,2014-07-31,19450,19450,18800,19350,172139
026960,2014-08-01,19150,19450,18950,19200,81451
026960,2014-08-04,19200,19600,19100,19150,121340
026960,2014-08-05,19150,19500,19100,19200,116320
026960,2014-08-06,19300,19700,19250,19650,138090
026960,2014-08-07,19650,20600,19550,20500,470882
026960,2014-08-08,20300,20750,19950,20300,272843
026960,2014-08-11,20600,21300,20350,20650,253105
026960,2014-08-12,20550,20800,20250,20550,119272
026960,2014-08-13,20600,20650,20150,20550,137415
026960,2014-08-14,20550,20550,20300,20550,182231
026960,2014-08-18,20500,20550,19950,20000,223150
026960,2014-08-19,20050,20300,19600,20300,175544
026960,2014-08-20,20300,20750,20050,20100,134854
026960,2014-08-21,19950,20300,19950,20300,93727
026960,2014-08-22,20300,20400,19950,20000,95405
026960,2014-08-25,19950,20350,19900,20350,105523
026960,2014-08-26,20300,20350,19950,20000,126968
026960,2014-08-27,20050,20300,19850,20300,136108
026960,2014-08-28,20500,20500,20150,20350,69556
026960,2014-08-29,20300,20400,20000,20150,65595
026960,2014-09-01,20200,20300,19900,20000,92441
026960,2014-09-02,20000,20350,20000,20300,114696
026960,2014-09-03,20300,21800,20300,21600,484272
026960,2014-09-04,21700,21750,21050,21450,243786
026960,2014-09-05,21500,21550,21100,21550,160295
026960,2014-09-11,21600,22200,21600,21800,161497
026960,2014-09-12,21950,21950,21050,21050,220995
026960,2014-09-15,21050,22000,21050,21850,190762
026960,2014-09-16,22000,24000,21950,23000,523404
026960,2014-09-17,23000,24150,22700,23400,450863
026960,2014-09-18,23600,24200,23400,23600,308114
026960,2014-09-19,23500,24150,23500,24100,219237
026960,2014-09-22,24500,24850,23900,24500,209722
026960,2014-09-23,24550,25300,23450,24300,303594
026960,2014-09-24,24300,24800,23550,24000,190977
026960,2014-09-25,24000,24600,23800,24350,169123
026960,2014-09-26,24000,24050,23350,23750,214320
026960,2014-09-29,23550,23600,22900,23000,233731
026960,2014-09-30,23000,23750,23000,23750,227306
026960,2014-10-01,23750,23850,22950,23000,109206
026960,2014-10-02,22950,23150,22400,22950,187275
026960,2014-10-06,23250,24050,23000,23550,167410
026960,2014-10-07,23600,24000,23150,23150,96760
026960,2014-10-08,23100,23450,22700,23350,67428
026960,2014-10-10,23200,23850,23000,23650,125378
026960,2014-10-13,23400,23450,21800,21950,281043
026960,2014-10-14,19600,21450,19000,21200,1198871
026960,2014-10-15,20950,21850,20450,21250,618032
026960,2014-10-16,20950,21350,20150,20600,373889
026960,2014-10-17,20700,20700,18650,19500,882797
026960,2014-10-20,19650,20250,19650,20000,297563
026960,2014-10-21,20300,23000,19950,22700,696761
026960,2014-10-22,22450,23350,22200,22750,298859
026960,2014-10-23,22750,22850,22050,22100,144699
026960,2014-10-24,22150,22500,21700,21850,113923
026960,2014-10-27,22000,22000,20800,21050,158089
026960,2014-10-28,21050,21400,20900,21350,86134
026960,2014-10-29,21350,21500,20800,21500,131846
026960,2014-10-30,21400,21400,20550,20600,147254
026960,2014-10-31,20850,21050,20650,20800,79500
026960,2014-11-03,20600,21500,20600,21200,116870
026960,2014-11-04,21350,21600,20400,20450,139019
026960,2014-11-05,20500,21650,20300,21450,180327
026960,2014-11-06,21250,21650,20850,21150,127872
026960,2014-11-07,21400,21750,20900,21650,138067
026960,2014-11-10,21700,22300,21650,21900,173721
026960,2014-11-11,22450,24700,22150,23550,733734
026960,2014-11-12,23700,24000,23150,23500,262157
026960,2014-11-13,23450,24300,23300,23850,269384
026960,2014-11-14,23600,23800,23100,23450,120326
026960,2014-11-17,23450,23800,22250,22500,142368
026960,2014-11-18,22350,23150,22250,23000,110107
026960,2014-11-19,23100,23100,22400,23000,82238
026960,2014-11-20,23000,23050,22600,22850,57598
026960,2014-11-21,22650,23000,22500,22500,80574
026960,2014-11-24,21750,22650,21600,22450,241047
026960,2014-11-25,22700,23650,22450,23150,208520
026960,2014-11-26,23300,23400,22850,23400,53692
026960,2014-11-27,23400,23600,22800,23050,61337
026960,2014-11-28,22800,23250,22750,23150,38718
026960,2014-12-01,23150,23400,22700,23400,97871
026960,2014-12-02,23350,23500,22550,23050,144653
026960,2014-12-03,22800,23000,22400,22450,152572
026960,2014-12-04,22650,23200,22400,23050,98839
026960,2014-12-05,23050,23800,22800,23700,161824
026960,2014-12-08,23800,24000,23250,23450,85179
026960,2014-12-09,23300,23800,23300,23650,75440
026960,2014-12-10,23550,24000,23400,23850,116456
026960,2014-12-11,23900,23950,23550,23800,94740
026960,2014-12-12,23650,24000,23400,23700,92397
026960,2014-12-15,23700,23850,23400,23600,65627
026960,2014-12-16,23600,23950,23500,23900,100618
026960,2014-12-17,23950,24000,22900,23350,114358
026960,2014-12-18,23050,23550,22750,22800,108345
026960,2014-12-19,23000,23500,22900,23100,75116
026960,2014-12-22,23200,23800,22900,23700,69547
026960,2014-12-23,23700,23800,23400,23450,73960
026960,2014-12-24,23350,23650,23000,23300,83544
026960,2014-12-26,23200,23500,23200,23400,110173
026960,2014-12-29,23150,23200,22800,22950,62194
026960,2014-12-30,22550,22900,22550,22600,42258
026960,2015-01-02,22450,22750,22000,22500,58776
026960,2015-01-05,22650,22700,22100,22200,64765
026960,2015-01-06,22300,22400,21950,22300,76522
026960,2015-01-07,22300,22500,21750,21900,79780
026960,2015-01-08,22000,22000,21300,21700,94051
026960,2015-01-09,21600,21900,21000,21350,124001
026960,2015-01-12,21500,21500,20850,21000,133852
026960,2015-01-13,21000,21950,20800,21900,111959
026960,2015-01-14,21700,22150,21600,21950,62150
026960,2015-01-15,21750,23000,21750,22850,142022
026960,2015-01-16,22900,23200,22650,23150,97743
026960,2015-01-19,22800,23150,22800,23000,44972
026960,2015-01-20,23000,23250,22700,23250,54353
026960,2015-01-21,23250,23250,22800,22800,56911
026960,2015-01-22,23000,23200,22600,22950,114814
026960,2015-01-23,22900,23150,22650,23100,45838
026960,2015-01-26,22900,23300,22900,23200,73229
026960,2015-01-27,23100,23300,22900,23150,67407
026960,2015-01-28,22850,23200,22800,23200,88491
026960,2015-01-29,23300,24100,22900,23150,119449
026960,2015-01-30,23250,23650,22800,23200,65274
026960,2015-02-02,23000,23800,22950,23300,58606
026960,2015-02-03,23300,23800,23200,23750,113501
026960,2015-02-04,23800,24450,23500,23600,193793
026960,2015-02-05,23650,23850,23350,23400,66306
026960,2015-02-06,23400,24050,23250,23550,113027
026960,2015-02-09,23750,24500,23450,23500,201604
026960,2015-02-10,23700,24500,23500,23600,243449
026960,2015-02-11,23800,27100,23750,27000,706130
026960,2015-02-12,27500,28600,26700,28000,527864
026960,2015-02-13,27650,28100,27100,27850,259834
026960,2015-02-16,27850,28000,26850,26900,229220
026960,2015-02-17,27050,27050,25750,26500,304574
026960,2015-02-23,26400,26950,26250,26550,139228
026960,2015-02-24,26350,30500,26350,30500,786940
026960,2015-02-25,30500,30750,28950,29150,478536
026960,2015-02-26,29550,29800,28350,28350,476916
026960,2015-02-27,28700,29800,28350,28850,343518
026960,2015-03-02,28950,29350,28100,28450,159366
026960,2015-03-03,28350,28500,27600,28100,229099
026960,2015-03-04,28100,30550,28000,29050,409819
026960,2015-03-05,29100,30300,28850,29550,200974
026960,2015-03-06,29900,30000,29100,29650,263195
026960,2015-03-09,29650,30000,28500,28650,181297
026960,2015-03-10,28500,29100,28000,28500,150273
026960,2015-03-11,28150,28850,28100,28250,113763
026960,2015-03-12,28200,29050,28200,28750,96649
026960,2015-03-13,28750,29350,28600,28750,115591
026960,2015-03-16,28400,28600,26700,26700,644243
026960,2015-03-17,26600,27050,25850,26400,527207
026960,2015-03-18,26700,26800,26050,26650,259023
026960,2015-03-19,26800,27150,26300,27100,175173
026960,2015-03-20,27100,27200,26650,26700,181805
026960,2015-03-23,26700,27300,26200,26850,222371
026960,2015-03-24,26950,28000,26850,28000,238497
026960,2015-03-25,28500,28800,27600,28100,214849
026960,2015-03-26,28100,28650,28050,28500,178921
026960,2015-03-27,28900,29650,28650,28750,212095
026960,2015-03-30,28750,29400,28700,29200,114218
026960,2015-03-31,29450,31600,28850,30600,483189
026960,2015-04-01,30400,34500,30350,31800,742792
026960,2015-04-02,32300,32650,30850,31700,305271
026960,2015-04-03,31650,32950,31200,32050,196648
026960,2015-04-06,31700,33400,31500,32650,246051
026960,2015-04-07,33050,33500,32750,33400,291299
026960,2015-04-08,33450,33600,32400,32950,323087
026960,2015-04-09,33300,36000,32700,35000,799536
026960,2015-04-10,35100,35900,34200,34400,339336
026960,2015-04-13,34400,34750,32500,34000,530559
026960,2015-04-14,33200,33800,32250,32900,464797
026960,2015-04-15,32650,33050,31700,32550,525271
026960,2015-04-16,32650,34000,32200,33850,515854
026960,2015-04-17,33400,34100,32600,32600,442190
026960,2015-04-20,32100,32500,31300,31750,449397
026960,2015-04-21,31950,32200,31100,31300,279838
026960,2015-04-22,31850,32000,30350,31450,328683
026960,2015-04-23,31050,31750,30300,31150,291668
026960,2015-04-24,31450,33000,31150,31650,393183
026960,2015-04-27,31600,33150,31600,33050,370323
026960,2015-04-28,33400,33850,32800,33100,350845
026960,2015-04-29,32700,34200,32700,33950,333382
026960,2015-04-30,34050,34050,33050,33200,219179
026960,2015-05-04,32950,33400,32500,32500,129784
026960,2015-05-06,32300,32450,31550,31800,195836
026960,2015-05-07,31300,31900,30750,31700,169243
026960,2015-05-08,32000,32450,31450,31600,120891
026960,2015-05-11,32200,33600,32050,33500,269677
026960,2015-05-12,33400,33900,32500,32550,206624
026960,2015-05-13,32150,32800,31550,31550,262377
026960,2015-05-14,31600,32550,31450,32500,173412
026960,2015-05-15,32700,33050,32350,32700,136304
026960,2015-05-18,32550,32700,31650,32200,142359
026960,2015-05-19,32050,33600,31600,33100,247702
026960,2015-05-20,33100,33600,32850,33250,150581
026960,2015-05-21,33300,33550,32400,32400,176713
026960,2015-05-22,32750,33200,31900,32550,166506
026960,2015-05-26,32550,32950,31650,32400,195551
026960,2015-05-27,32400,32400,31650,31650,147526
026960,2015-05-28,31850,32200,31600,31600,133854
026960,2015-05-29,31500,32000,30950,30950,150095
026960,2015-06-01,31000,32050,30750,31900,164127
026960,2015-06-02,31900,32000,31050,31050,122597
026960,2015-06-03,31000,31750,30950,31300,110480
026960,2015-06-04,31300,31600,31150,31500,78374
026960,2015-06-05,31300,31500,30250,30600,185372
026960,2015-06-08,30150,30450,28850,29250,378550
026960,2015-06-09,29250,29500,28700,29150,193462
026960,2015-06-10,29400,30450,29250,29600,157043
026960,2015-06-11,29650,30850,29500,30850,186002
026960,2015-06-12,30850,31000,30000,30200,88944
026960,2015-06-15,30450,30450,29450,29550,149812
026960,2015-06-16,29750,31100,29300,30900,126749
026960,2015-06-17,30850,30900,30050,30250,74005
026960,2015-06-18,31000,31000,30150,30300,64969
026960,2015-06-19,30300,30300,29300,29300,184164
026960,2015-06-22,29600,30250,29300,30100,119600
026960,2015-06-23,30500,32900,30250,32300,422648
026960,2015-06-24,32650,34950,32450,34500,622984
026960,2015-06-25,34400,35450,34000,34250,359741
026960,2015-06-26,34250,35200,34050,34850,274711
026960,2015-06-29,34000,39000,33650,37450,744190
026960,2015-06-30,38000,39300,36400,38250,760634
026960,2015-07-01,38500,39100,37850,38600,243576
026960,2015-07-02,38550,39300,37800,39000,250055
026960,2015-07-03,39550,39700,38400,39000,204046
026960,2015-07-06,38600,39600,37150,37700,271607
026960,2015-07-07,37750,38800,37150,38150,282762
026960,2015-07-08,38200,38350,35400,35900,267929
026960,2015-07-09,35200,35600,34100,35100,342217
026960,2015-07-10,34950,36750,34950,36150,185649
026960,2015-07-13,36600,37650,36200,37350,144356
026960,2015-07-14,37550,38350,37100,38050,122925
026960,2015-07-15,37800,38750,37400,38500,144402
026960,2015-07-16,38800,41500,38150,40950,429138
026960,2015-07-17,40950,41100,39850,39900,226720
026960,2015-07-20,40000,40700,39500,39850,162558
026960,2015-07-21,39700,43800,39000,42900,267523
026960,2015-07-22,42900,44950,42900,43550,450447
026960,2015-07-23,43700,44450,42850,44300,233205
026960,2015-07-24,44800,45250,43800,45050,311713
026960,2015-07-27,45050,45050,42050,42450,308237
026960,2015-07-28,41850,42900,40600,41900,347635
026960,2015-07-29,41900,43500,41600,42000,290045
026960,2015-07-30,42050,44300,41850,42400,280457
026960,2015-07-31,42350,42350,41550,41600,170209
026960,2015-08-03,42100,42650,41600,41950,140341
026960,2015-08-04,41950,44800,41850,44350,414594
026960,2015-08-05,44300,46000,43750,43800,341964
026960,2015-08-06,44200,44300,42400,43000,331781
026960,2015-08-07,42300,44800,42300,44600,259945
026960,2015-08-10,45500,47000,44400,47000,482026
026960,2015-08-11,47200,47900,45050,45700,379352
026960,2015-08-12,44850,45150,41300,43200,557295
026960,2015-08-13,42700,43150,41400,42300,442986
026960,2015-08-17,43700,45950,42800,44350,786981
026960,2015-08-18,44100,44900,42700,44250,404263
026960,2015-08-19,43650,43750,40100,41900,573803
026960,2015-08-20,41000,43500,41000,42400,503928
026960,2015-08-21,40650,42000,40350,41150,410112
026960,2015-08-24,41000,42200,40200,41050,408134
026960,2015-08-25,41100,42900,39850,42000,533893
026960,2015-08-26,42050,45350,41400,45350,450307
026960,2015-08-27,45400,45950,43500,43650,496214
026960,2015-08-28,44250,44950,43950,44400,583282
026960,2015-08-31,44600,46750,43450,44800,2674184
026960,2015-09-01,44800,45700,42650,43000,520987
026960,2015-09-02,42000,43600,41800,43200,287972
026960,2015-09-03,43600,44350,41900,43300,288596
026960,2015-09-04,42750,43250,40200,40900,270580
026960,2015-09-07,40850,41650,39700,39900,224490
026960,2015-09-08,39350,40300,37500,38000,325639
026960,2015-09-09,39400,40300,38700,39650,219665
026960,2015-09-10,39650,40500,39200,39750,205218
026960,2015-09-11,40100,42000,40000,41200,185489
026960,2015-09-14,41900,41900,39850,41150,114601
026960,2015-09-15,40850,41200,40150,40650,127863
026960,2015-09-16,40400,41000,40300,40850,143028
026960,2015-09-17,41200,41350,39050,39650,359941
026960,2015-09-18,39600,40850,39150,39550,775458
026960,2015-09-21,39650,40100,39000,39150,262219
026960,2015-09-22,39050,39400,37700,37900,476177
026960,2015-09-23,37900,37900,35850,35900,626066
026960,2015-09-24,36350,36950,36050,36250,199939
026960,2015-09-25,36400,36400,35500,35600,142999
026960,2015-09-30,35500,36700,35250,36700,229882
026960,2015-10-01,37000,37050,35800,36050,174517
026960,2015-10-02,36100,36300,35600,35600,122830
026960,2015-10-05,35750,36550,35550,36550,150633
026960,2015-10-06,36700,36700,35600,36150,165318
026960,2015-10-07,36100,36100,34550,35200,246996
026960,2015-10-08,34900,35200,33650,34150,227336
026960,2015-10-12,34150,34450,32950,33500,250144
026960,2015-10-13,33550,34600,33550,34400,221484
026960,2015-10-14,34450,34500,33500,33750,128765
026960,2015-10-15,33300,33750,32300,32950,298687
026960,2015-10-16,33200,34500,32900,34500,213259
026960,2015-10-19,34550,34700,33800,34400,89592
026960,2015-10-20,34450,34700,33800,34700,124562
026960,2015-10-21,34700,35600,34500,34550,228234
026960,2015-10-22,34500,34800,33900,34100,100534
026960,2015-10-23,34100,34600,34000,34550,111231
026960,2015-10-26,34550,35450,34200,35250,188143
026960,2015-10-27,35250,35950,35000,35950,185707
026960,2015-10-28,36000,36000,35550,35750,107708
026960,2015-10-29,35750,35800,34200,34200,222663
026960,2015-10-30,33950,34850,33700,33750,100953
026960,2015-11-02,33100,33700,32650,33300,128521
026960,2015-11-03,33500,34600,33500,34600,101721
026960,2015-11-04,34650,34750,33800,34600,64888
026960,2015-11-05,34200,35900,34200,35850,190501
026960,2015-11-06,35950,36000,35200,35850,150773
026960,2015-11-09,35850,36750,35200,35300,138390
026960,2015-11-10,35300,35350,34000,34800,120536
026960,2015-11-11,34550,35350,34000,34000,98379
026960,2015-11-12,33800,35000,33800,35000,76145
026960,2015-11-13,34900,34900,34250,34500,55134
026960,2015-11-16,33950,34400,33500,33650,110369
026960,2015-11-17,34050,34500,33750,34300,97469
026960,2015-11-18,34700,35500,34500,35250,125350
026960,2015-11-19,35500,36400,35450,35850,193088
026960,2015-11-20,35600,36100,35400,35700,96222
026960,2015-11-23,35850,36000,35700,35850,130474
026960,2015-11-24,35850,36000,35450,35850,81305
026960,2015-11-25,35900,36400,35750,36150,147682
026960,2015-11-26,36300,36300,35850,36150,139991
026960,2015-11-27,36300,36550,35900,36400,170496
026960,2015-11-30,36400,36900,35550,36900,254239
026960,2015-12-01,36300,36650,35800,36200,120527
026960,2015-12-02,36100,36200,35050,35100,139518
026960,2015-12-03,35150,35250,34100,34150,146459
026960,2015-12-04,34000,34500,33700,34000,115365
026960,2015-12-07,34500,34500,33200,33200,170449
026960,2015-12-08,33000,33300,31500,32000,327371
026960,2015-12-09,31300,31700,29000,31650,355509
026960,2015-12-10,31650,31800,30850,30850,102358
026960,2015-12-11,31300,31500,30850,31100,54094
026960,2015-12-14,30800,30850,30000,30350,112684
026960,2015-12-15,30100,30950,30100,30950,82571
026960,2015-12-16,31650,31650,30200,30400,124919
026960,2015-12-17,31000,32100,30500,32100,155337
026960,2015-12-18,32050,32400,31150,32350,169140
026960,2015-12-21,32000,32400,31850,32350,82787
026960,2015-12-22,32250,32500,31550,31550,111129
026960,2015-12-23,31550,32400,31400,32000,111869
026960,2015-12-24,32000,32000,31450,31450,78025
026960,2015-12-28,31500,31800,30000,31400,184726
026960,2015-12-29,31400,31600,30850,31400,91246
026960,2015-12-30,31450,31800,31000,31150,107615
026960,2016-01-04,31150,31650,30500,30500,117972
026960,2016-01-05,30200,30750,30100,30750,120319
026960,2016-01-06,30950,31800,30400,31800,119119
026960,2016-01-07,31100,31800,30650,30700,134216
026960,2016-01-08,30400,30850,30100,30850,116069
026960,2016-01-11,30550,30550,29950,30250,121178
026960,2016-01-12,30200,30450,29950,30000,87006
026960,2016-01-13,30050,30400,30000,30400,105042
026960,2016-01-14,30000,30050,29600,29800,100684
026960,2016-01-15,30100,30100,28750,28750,186867
026960,2016-01-18,28100,28500,27700,27950,271884
026960,2016-01-19,27950,29650,27950,29300,184368
026960,2016-01-20,29350,31750,29350,31600,503219
026960,2016-01-21,32000,32750,30600,30600,154365
026960,2016-01-22,30500,31150,30100,30900,97787
026960,2016-01-25,31300,32300,31200,32300,131474
026960,2016-01-26,32000,32000,30750,31000,141519
026960,2016-01-27,31150,31750,30750,31100,85273
026960,2016-01-28,31100,31400,30750,31400,51251
026960,2016-01-29,31600,31600,30650,31350,140007
026960,2016-02-01,31400,31400,30250,30650,156115
026960,2016-02-02,30650,31300,30550,31050,87914
026960,2016-02-03,30600,30900,30100,30200,90421
026960,2016-02-04,30200,31400,30200,31300,69084
026960,2016-02-05,31400,31800,30900,31650,90476
026960,2016-02-11,30550,30900,30300,30450,117043
026960,2016-02-12,30300,30300,29100,29300,192390
026960,2016-02-15,28850,30250,28850,29550,84470
026960,2016-02-16,30000,30050,29650,29700,50582
026960,2016-02-17,29700,29950,29400,29500,97028
026960,2016-02-18,29650,30000,29350,29800,115983
026960,2016-02-19,29800,29850,29050,29300,127723
026960,2016-02-22,29300,29650,29300,29300,62612
026960,2016-02-23,29550,29700,29200,29300,50189
026960,2016-02-24,29100,29800,29000,29000,100613
026960,2016-02-25,29050,29550,29050,29150,55274
026960,2016-02-26,29350,29600,29000,29100,53016
026960,2016-02-29,29450,29500,29000,29500,86387
026960,2016-03-02,30050,31900,29900,31750,243344
026960,2016-03-03,32100,33100,32000,32150,191655
026960,2016-03-04,32250,32550,31400,31900,116263
026960,2016-03-07,32100,33000,32050,32300,111021
026960,2016-03-08,32350,33000,31900,32250,106093
026960,2016-03-09,32100,32300,31600,31600,87723
026960,2016-03-10,31650,32700,31650,32700,116701
026960,2016-03-11,32250,32850,32250,32650,96317
026960,2016-03-14,32700,33000,32500,32900,97849
026960,2016-03-15,33000,33100,32600,32900,78160
026960,2016-03-16,33000,34150,32700,33750,207465
026960,2016-03-17,33900,34250,33400,34000,145367
026960,2016-03-18,34000,34200,33550,34200,144369
026960,2016-03-21,34000,34200,32900,33300,89793
026960,2016-03-22,33350,33500,32900,33500,88672
026960,2016-03-23,33150,33550,32400,33050,99137
026960,2016-03-24,32800,33050,32300,32600,59400
026960,2016-03-25,32600,32700,32050,32100,55443
026960,2016-03-28,32100,32800,31500,32800,79565
026960,2016-03-29,32450,33300,32450,33050,99795
026960,2016-03-30,33350,33400,32600,33050,68847
026960,2016-03-31,33000,33050,31950,32150,136716
026960,2016-04-01,31650,32600,31650,32600,85519
026960,2016-04-04,32600,32850,32500,32750,55240
026960,2016-04-05,32850,32850,32100,32300,59162
026960,2016-04-06,32300,32700,31750,31850,78045
026960,2016-04-07,31850,33350,31850,32900,112665
026960,2016-04-08,32800,33850,32650,33850,111179
026960,2016-04-11,34000,34000,33150,33200,94294
026960,2016-04-12,33450,33550,32900,33050,46299
026960,2016-04-14,33100,33650,33050,33250,78726
026960,2016-04-15,33500,33500,32700,33000,76786
026960,2016-04-18,33150,33700,32600,33650,94187
026960,2016-04-19,33750,33750,33050,33100,73153
026960,2016-04-20,33350,33350,32450,32750,81400
026960,2016-04-21,32700,33300,32350,33200,84087
026960,2016-04-22,32850,33200,32850,32950,39348
026960,2016-04-25,33050,33400,33000,33400,84030
026960,2016-04-26,33200,33400,32900,33400,81797
026960,2016-04-27,33400,33450,32450,33150,82893
026960,2016-04-28,33000,33400,32700,33350,84139
026960,2016-04-29,33350,33350,32250,32250,103055
026960,2016-05-02,32300,32400,31300,32000,101258
026960,2016-05-03,32000,32650,32000,32500,70087
026960,2016-05-04,32650,32800,32200,32800,71652
026960,2016-05-09,32500,32850,32400,32850,70590
026960,2016-05-10,32500,32950,32450,32750,51866
026960,2016-05-11,32700,32900,32200,32250,56968
026960,2016-05-12,32500,32850,32250,32350,45873
026960,2016-05-13,32600,32600,32050,32150,55616
026960,2016-05-16,31950,32800,31950,32300,70517
026960,2016-05-17,32400,32800,32400,32550,66031
026960,2016-05-18,32600,32650,32000,32300,64065
026960,2016-05-19,32300,32550,31750,31800,63247
026960,2016-05-20,31800,32400,31600,32050,57955
026960,2016-05-23,32100,32600,32050,32450,43964
026960,2016-05-24,32500,32500,32250,32450,47239
026960,2016-05-25,32300,32800,32200,32550,59816
026960,2016-05-26,32550,32700,32450,32550,36059
026960,2016-05-27,32800,32800,32550,32700,57647
026960,2016-05-30,32750,32750,32400,32600,51160
026960,2016-05-31,32450,33350,32450,33300,177389
026960,2016-06-01,33500,34050,33350,33800,145154
026960,2016-06-02,33950,34250,33400,34000,124556
026960,2016-06-03,34150,34250,33300,33600,133197
026960,2016-06-07,33700,34950,33650,33700,220321
026960,2016-06-08,33700,34150,33500,34000,93738
026960,2016-06-09,33700,34200,33050,34200,119999
026960,2016-06-10,33800,33800,33350,33450,73337
026960,2016-06-13,33450,33850,32950,33450,90502
026960,2016-06-14,33200,33550,33100,33550,53445
026960,2016-06-15,33300,33450,33050,33150,59436
026960,2016-06-16,33400,33450,33000,33350,64127
026960,2016-06-17,33300,33550,32900,32900,79652
026960,2016-06-20,33300,33300,32750,33000,38777
026960,2016-06-21,33000,33150,32850,33150,44816
026960,2016-06-22,32900,33450,32900,33400,63732
026960,2016-06-23,33450,33500,33150,33150,42425
026960,2016-06-24,33500,33500,31650,32950,186877
026960,2016-06-27,32300,33650,31800,33550,170264
026960,2016-06-28,33250,33450,32850,33000,67478
026960,2016-06-29,33400,33450,33000,33250,91985
026960,2016-06-30,33500,33500,32900,33350,63335
026960,2016-07-01,33100,33400,33050,33250,42262
026960,2016-07-04,33600,33600,33100,33150,41257
026960,2016-07-05,33300,33300,33100,33200,38113
026960,2016-07-06,33200,33200,32450,32650,76210
026960,2016-07-07,32400,32900,32300,32600,70792
026960,2016-07-08,32600,32650,32200,32350,35954
026960,2016-07-11,32200,32650,32200,32500,42186
026960,2016-07-12,32250,33000,32250,32950,68771
026960,2016-07-13,33000,33350,32850,33300,75326
026960,2016-07-14,33350,34250,33050,34250,222795
026960,2016-07-15,34350,34700,33550,33750,89115
026960,2016-07-18,34000,34050,33350,33900,36404
026960,2016-07-19,33500,34050,33450,34050,70153
026960,2016-07-20,34050,34250,33500,33600,40893
026960,2016-07-21,33600,33700,32650,32950,87642
026960,2016-07-22,33150,33250,32750,32900,35676
026960,2016-07-25,32800,33050,32650,32900,52597
026960,2016-07-26,32800,33050,32500,33050,42963
026960,2016-07-27,32850,33100,32650,32700,34639
026960,2016-07-28,32750,32800,32450,32600,72169
026960,2016-07-29,32600,32650,32350,32600,57770
026960,2016-08-01,32600,32950,32450,32800,63184
026960,2016-08-02,32800,32800,32200,32200,65010
026960,2016-08-03,32250,32350,31700,31800,45771
026960,2016-08-04,31850,31950,31750,31800,53897
026960,2016-08-05,31750,32150,31650,32000,31811
026960,2016-08-08,32000,32000,31150,31200,77694
026960,2016-08-09,31400,31600,31200,31600,27561
026960,2016-08-10,31400,32500,31350,32500,43053
026960,2016-08-11,32500,32600,31750,32400,34178
026960,2016-08-12,32450,32450,31800,32150,47500
026960,2016-08-16,31900,32200,31750,32200,39131
026960,2016-08-17,32150,32150,31500,31700,49645
026960,2016-08-18,31800,31900,31400,31850,31171
026960,2016-08-19,31700,31750,31300,31350,61316
026960,2016-08-22,31300,31450,30900,31100,72090
026960,2016-08-23,31000,31300,30550,30550,45912
026960,2016-08-24,30550,30950,30550,30850,39736
026960,2016-08-25,30800,31150,30650,30750,62632
026960,2016-08-26,30700,30950,30650,30650,42101
026960,2016-08-29,30650,30900,29850,30050,71605
026960,2016-08-30,30000,30350,29750,30000,62906
026960,2016-08-31,30000,30850,29400,30850,165308
026960,2016-09-01,30100,30400,29600,29650,88970
026960,2016-09-02,29600,29900,29050,29350,119990
026960,2016-09-05,29450,30100,29400,29950,62422
026960,2016-09-06,29750,30400,29550,30400,41356
026960,2016-09-07,30400,30400,29550,30350,80926
026960,2016-09-08,30000,30250,29650,30250,75488
026960,2016-09-09,30150,30150,29650,29750,66766
026960,2016-09-12,29750,29900,29550,29550,24792
026960,2016-09-13,29500,29950,29300,29350,58669
026960,2016-09-19,29300,29700,29150,29400,51649
026960,2016-09-20,29200,29750,29200,29750,54775
026960,2016-09-21,29800,30150,29200,30150,83254
026960,2016-09-22,30150,30200,29500,29700,55150
026960,2016-09-23,29700,29950,29650,29850,58717
026960,2016-09-26,29900,29950,29450,29450,59324
026960,2016-09-27,29200,29750,29150,29750,51804
026960,2016-09-28,29700,29800,29450,29650,36785
026960,2016-09-29,29550,29900,29550,29700,29472
026960,2016-09-30,29500,29700,28950,29250,95878
026960,2016-10-04,29250,29450,29100,29200,44314
026960,2016-10-05,29200,29400,28900,28950,45463
026960,2016-10-06,28850,29200,28850,29150,42259
026960,2016-10-07,29150,29150,28600,28850,54665
026960,2016-10-10,28750,29100,28750,28800,28218
026960,2016-10-11,29050,29050,28800,29000,27577
026960,2016-10-12,28950,29100,28600,28800,44744
026960,2016-10-13,28900,29000,28600,29000,31957
026960,2016-10-14,28800,29050,28750,29000,26647
026960,2016-10-17,28850,29000,27500,28550,97938
026960,2016-10-18,28450,28650,27600,28650,53462
026960,2016-10-19,28700,28750,28150,28150,38220
026960,2016-10-20,28200,28200,27350,27350,95212
026960,2016-10-21,27350,27400,26400,26700,170867
026960,2016-10-24,26750,27250,26350,27250,81312
026960,2016-10-25,27250,27300,26700,27300,55760
026960,2016-10-26,27300,27350,26800,27200,36727
026960,2016-10-27,27000,27550,27000,27550,51345
026960,2016-10-28,27550,27550,27100,27200,41183
026960,2016-10-31,27100,27200,26800,27150,55676
026960,2016-11-01,27000,27150,26850,26850,58056
026960,2016-11-02,27000,27750,26600,26600,85350
026960,2016-11-03,26500,26900,26450,26650,45807
026960,2016-11-04,26750,27150,26600,27000,33096
026960,2016-11-07,27000,27250,26850,26850,28177
026960,2016-11-08,26850,27300,26850,27200,22612
026960,2016-11-09,27300,27400,26100,26650,84824
026960,2016-11-10,26950,27000,26650,26650,54656
026960,2016-11-11,26650,27000,26400,26650,45070
026960,2016-11-14,26750,27000,26700,26750,48239
026960,2016-11-15,26650,27300,26650,26700,54107
026960,2016-11-16,27000,27350,26900,27200,34158
026960,2016-11-17,27500,27950,27400,27800,58841
026960,2016-11-18,28000,28000,27200,27200,42398
026960,2016-11-21,27350,27350,26800,26800,38013
026960,2016-11-22,26800,27000,26750,26750,22846
026960,2016-11-23,27000,27000,26650,26700,22328
026960,2016-11-24,26800,27000,26100,26300,53896
026960,2016-11-25,26200,26500,26150,26250,18552
026960,2016-11-28,26250,26300,26000,26050,22692
026960,2016-11-29,26000,26550,25700,26300,65073
026960,2016-11-30,26550,26850,26200,26600,84446
026960,2016-12-01,26650,26900,26200,26200,34964
026960,2016-12-02,26500,26500,25900,25900,36519
026960,2016-12-05,25950,26150,25800,25900,23029
026960,2016-12-06,26100,26150,25600,25750,53976
026960,2016-12-07,25750,25950,25250,25250,48045
026960,2016-12-08,25450,26050,25450,25500,76583
026960,2016-12-09,25450,25600,25300,25550,38188
026960,2016-12-12,25350,25800,25350,25600,33204
026960,2016-12-13,25600,26100,25450,26100,44602
026960,2016-12-14,26150,26650,26150,26550,31533
026960,2016-12-15,26650,26650,25900,26050,41016
026960,2016-12-16,26550,26550,26100,26350,45042
026960,2016-12-19,26500,27150,26450,26850,51897
026960,2016-12-20,27400,27400,27000,27300,50517
026960,2016-12-21,27500,27500,27050,27250,38370
026960,2016-12-22,27250,27300,26850,27200,35544
026960,2016-12-23,27400,27400,26950,27150,30878
026960,2016-12-26,27250,27450,27250,27350,30552
026960,2016-12-27,27350,27800,27200,27550,44327
026960,2016-12-28,27100,27250,26850,27000,23108
026960,2016-12-29,27100,27550,26700,27550,33374
026960,2017-01-02,27200,27400,27000,27050,20358
026960,2017-01-03,26950,27150,26800,26900,22983
026960,2017-01-04,26850,27150,26600,26650,27854
026960,2017-01-05,26750,26950,26400,26650,40804
026960,2017-01-06,26800,26800,26400,26600,23746
026960,2017-01-09,26600,26600,26000,26050,35320
026960,2017-01-10,26050,26350,25650,26050,43493
026960,2017-01-11,26100,26150,25850,25950,31653
026960,2017-01-12,25800,26400,25800,26050,39993
026960,2017-01-13,26350,26450,26100,26350,26422
026960,2017-01-16,26300,26750,26300,26600,23155
026960,2017-01-17,26700,26750,26300,26400,24245
026960,2017-01-18,26200,26800,26150,26500,32932
026960,2017-01-19,26700,26700,26500,26650,35501
026960,2017-01-20,26700,26700,26350,26550,45730
026960,2017-01-23,26600,26750,26050,26050,39376
026960,2017-01-24,26050,26450,26050,26050,36372
026960,2017-01-25,26100,26400,26000,26000,23597
026960,2017-01-26,26200,26250,25500,26250,47263
026960,2017-01-31,26250,26250,25550,25600,90551
026960,2017-02-01,25800,25800,25200,25500,78746
026960,2017-02-02,25500,25650,25350,25350,64598
026960,2017-02-03,25300,25400,25000,25200,63159
026960,2017-02-06,25200,25300,24650,24800,53467
026960,2017-02-07,24700,25000,24650,24850,56305
026960,2017-02-08,24950,24950,24650,24950,29855
026960,2017-02-09,24950,24950,24700,24900,28783
026960,2017-02-10,24900,25100,24750,25100,61837
026960,2017-02-13,25200,25550,25000,25550,41303
026960,2017-02-14,25600,25700,25400,25650,40343
026960,2017-02-15,25900,26200,25750,26050,48515
026960,2017-02-16,26200,26200,25500,25900,38507
026960,2017-02-17,25900,25950,25550,25800,49741
026960,2017-02-20,25850,25950,25600,25650,25362
026960,2017-02-21,25800,25950,25600,25950,47835
026960,2017-02-22,25950,25950,25650,25750,40210
026960,2017-02-23,25800,25900,25650,25700,42504
026960,2017-02-24,25800,25850,25500,25700,61186
026960,2017-02-27,25700,25850,25450,25450,58558
026960,2017-02-28,25700,25750,25250,25500,91756
026960,2017-03-02,25550,25600,25350,25350,64828
026960,2017-03-03,25350,25650,25300,25550,33398
026960,2017-03-06,25500,25550,25350,25450,31025
026960,2017-03-07,25550,25550,25000,25050,51386
026960,2017-03-08,25050,25100,24900,24950,38641
026960,2017-03-09,25200,25450,24950,25250,44634
026960,2017-03-10,25400,25400,25000,25350,40074
026960,2017-03-13,25350,25700,25200,25700,29400
026960,2017-03-14,25700,26200,25600,25750,54866
026960,2017-03-15,25900,25900,25300,25350,34489
026960,2017-03-16,25750,25850,25400,25850,45507
026960,2017-03-17,25650,25950,25450,25800,92858
026960,2017-03-20,25800,25950,25600,25950,32353
026960,2017-03-21,26000,27400,25900,27300,268108
026960,2017-03-22,27300,27850,27100,27750,222576
026960,2017-03-23,27750,28350,27500,28350,131577
026960,2017-03-24,28300,28300,27400,27500,111978
026960,2017-03-27,27450,28150,27450,27800,48037
026960,2017-03-28,27450,28200,27450,28200,75712
026960,2017-03-29,28000,28600,27700,28550,107533
026960,2017-03-30,28650,29000,28450,28900,116630
026960,2017-03-31,29100,29800,28850,29700,162343
026960,2017-04-03,29650,30300,29450,30300,122136
026960,2017-04-04,30100,30250,29950,30000,79519
026960,2017-04-05,29950,31300,29800,31300,180116
026960,2017-04-06,31300,31650,30000,31500,159889
026960,2017-04-07,31500,31500,30700,30800,439786
026960,2017-04-10,30450,30900,29500,30250,155833
026960,2017-04-11,30000,30450,29850,30100,141655
026960,2017-04-12,30100,30150,29550,29950,130759
026960,2017-04-13,29700,29900,29050,29050,137689
026960,2017-04-14,29000,29750,28950,29500,76771
026960,2017-04-17,29500,29800,29250,29400,47990
026960,2017-04-18,29750,30150,29450,29900,99228
026960,2017-04-19,30100,30400,29800,30050,116972
026960,2017-04-20,30050,30300,29850,30100,78854
026960,2017-04-21,30400,30400,29850,30050,78900
026960,2017-04-24,30050,30100,29500,29550,77753
026960,2017-04-25,29850,30150,29600,30150,78595
026960,2017-04-26,30200,30900,30200,30600,138885
026960,2017-04-27,30800,30900,30250,30800,83601
026960,2017-04-28,30800,30900,30300,30850,67288
026960,2017-05-02,30850,31000,30600,30700,41199
026960,2017-05-04,30700,31600,30700,31600,121099
026960,2017-05-08,31600,31750,31350,31500,78751
026960,2017-05-10,31700,31700,31000,31600,110880
026960,2017-05-11,31600,31600,31200,31500,55543
026960,2017-05-12,31500,31550,31100,31550,65988
026960,2017-05-15,31550,31550,30900,30900,56881
026960,2017-05-16,30650,31250,30500,30850,119271
026960,2017-05-17,30700,31850,30700,31200,184691
026960,2017-05-18,30800,31850,30800,31800,330131
026960,2017-05-19,31800,31950,31650,31800,91756
026960,2017-05-22,31600,31950,31550,31900,105970
026960,2017-05-23,31650,32150,31650,31850,122620
026960,2017-05-24,31750,33450,31750,33450,292051
026960,2017-05-25,33200,33650,32700,32800,176857
026960,2017-05-26,32550,32650,31750,32050,172325
026960,2017-05-29,32000,32150,31100,31150,160442
026960,2017-05-30,31000,31850,31000,31400,96181
026960,2017-05-31,31300,32400,31300,32400,168265
026960,2017-06-01,31900,32250,31600,31750,113624
026960,2017-06-02,31500,32050,31500,31800,147937
026960,2017-06-05,31500,32300,31500,32100,149730
026960,2017-06-07,31700,31900,31150,31200,239280
026960,2017-06-08,31150,31700,30200,30550,1283780
026960,2017-06-09,30550,30900,30450,30700,281118
026960,2017-06-12,30500,30750,30050,30050,268168
026960,2017-06-13,30000,31150,30000,30700,193302
026960,2017-06-14,30500,30900,30350,30600,82395
026960,2017-06-15,30500,30900,30050,30050,91790
026960,2017-06-16,30150,30700,30150,30500,83159
026960,2017-06-19,30300,30600,30100,30550,82789
026960,2017-06-20,30350,30800,30050,30500,123043
026960,2017-06-21,30450,30750,30250,30500,83077
026960,2017-06-22,30400,31450,30250,31300,154088
026960,2017-06-23,31500,31500,30250,30250,108460
026960,2017-06-26,30350,30600,29850,29950,116211
026960,2017-06-27,30000,30700,29950,30500,75389
026960,2017-06-28,30500,30700,30100,30700,62243
026960,2017-06-29,30700,30900,30350,30400,53484
026960,2017-06-30,29950,30750,29950,30600,76332
026960,2017-07-03,30650,30700,30250,30700,44886
026960,2017-07-04,30700,30750,30350,30400,46437
026960,2017-07-05,30250,30650,30250,30250,43284
026960,2017-07-06,30200,30300,30050,30050,46426
026960,2017-07-07,30050,30650,30000,30250,58889
026960,2017-07-10,30100,30250,29000,29050,161095
026960,2017-07-11,29100,29450,28150,28250,168519
026960,2017-07-12,28250,28650,28000,28000,118219
026960,2017-07-13,28300,29100,28150,28800,122166
026960,2017-07-14,28800,29100,28500,28900,65620
026960,2017-07-17,29250,29250,28500,29000,109510
026960,2017-07-18,29000,29150,28700,28900,53699
026960,2017-07-19,29100,29650,28900,29400,101649
026960,2017-07-20,29450,29500,29150,29400,68300
026960,2017-07-21,29350,29450,28950,29100,68810
026960,2017-07-24,29350,29800,29100,29400,63596
026960,2017-07-25,29750,29900,29150,29350,90996
026960,2017-07-26,29750,29850,29400,29600,61335
026960,2017-07-27,29500,29950,29300,29550,61275
026960,2017-07-28,29450,29800,29400,29450,76341
026960,2017-07-31,29700,29750,29300,29550,62380
026960,2017-08-01,29500,29700,29350,29650,188876
026960,2017-08-02,29500,29650,29400,29400,90629
026960,2017-08-03,29350,29600,29200,29200,58093
026960,2017-08-04,29100,29500,28900,28900,49366
026960,2017-08-07,29250,29250,28700,28700,36276
026960,2017-08-08,28500,28850,28200,28350,87257
026960,2017-08-09,28250,28650,28150,28350,75271
026960,2017-08-10,28150,28650,28150,28250,96399
026960,2017-08-11,28250,28450,27850,28000,88841
026960,2017-08-14,28000,28300,27600,27850,92515
026960,2017-08-16,27850,28000,27350,27500,96454
026960,2017-08-17,27350,27600,27250,27500,63467
026960,2017-08-18,27250,27650,27250,27350,63161
026960,2017-08-21,27400,27400,26850,26950,78129
026960,2017-08-22,26750,27250,26750,27000,67543
026960,2017-08-23,26850,27350,26850,27350,42822
026960,2017-08-24,27350,27650,27250,27550,54642
026960,2017-08-25,27500,27500,27000,27250,71077
026960,2017-08-28,27050,27250,26950,27100,90849
026960,2017-08-29,27150,27150,26250,26650,170631
026960,2017-08-30,26800,27200,26600,27200,83211
026960,2017-08-31,27000,27050,26500,26500,138334
026960,2017-09-01,26500,26550,26100,26250,123249
026960,2017-09-04,26000,26550,25900,26350,76664
026960,2017-09-05,26400,26500,26050,26100,59148
026960,2017-09-06,26000,26600,26000,26450,62229
026960,2017-09-07,26550,26700,26100,26550,59647
026960,2017-09-08,26500,26600,26200,26350,58016
026960,2017-09-11,26250,27000,26250,26700,52345
026960,2017-09-12,26500,26600,26250,26300,64427
026960,2017-09-13,26300,26500,26200,26250,45206
026960,2017-09-14,26150,26850,26050,26850,102040
026960,2017-09-15,26850,26850,26250,26250,68481
026960,2017-09-18,26250,26350,26100,26200,54893
026960,2017-09-19,26050,26400,25950,26400,42207
026960,2017-09-20,26400,26500,26050,26150,53115
026960,2017-09-21,26000,26150,25800,25800,62076
026960,2017-09-22,25800,26050,25600,26000,48451
026960,2017-09-25,26000,26000,25250,25300,54723
026960,2017-09-26,24950,26500,24950,26200,72084
026960,2017-09-27,26200,26700,25950,26200,44120
026960,2017-09-28,26000,26500,25800,26450,58283
026960,2017-09-29,26750,26800,26250,26800,45127
026960,2017-10-10,26600,27200,26550,27000,94269
026960,2017-10-11,26950,27300,26600,26900,84674
026960,2017-10-12,26550,27250,26550,27150,74869
026960,2017-10-13,27150,27300,26900,27000,64502
026960,2017-10-16,27000,27250,26850,27200,59237
026960,2017-10-17,27250,27250,26700,27100,61338
026960,2017-10-18,26900,27250,26800,27150,36795
026960,2017-10-19,27000,27350,26900,27350,46121
026960,2017-10-20,27350,27400,27100,27400,48300
026960,2017-10-23,27400,27400,27000,27000,53952
026960,2017-10-24,26800,27850,26350,27850,86034
026960,2017-10-25,27800,28200,27600,28100,75201
026960,2017-10-26,28000,28250,28000,28000,37339
026960,2017-10-27,27750,28050,27600,27850,55361
026960,2017-10-30,27850,28000,27500,28000,56735
026960,2017-10-31,27950,28100,27500,27500,78154
026960,2017-11-01,27500,28000,27500,27950,90041
026960,2017-11-02,28000,28100,27750,27900,66986
026960,2017-11-03,28150,28500,28150,28350,69404
026960,2017-11-06,28400,28650,28100,28200,83889
026960,2017-11-07,28200,28350,28200,28250,73259
026960,2017-11-08,28250,28450,27800,28450,87752
026960,2017-11-09,28600,28900,28450,28750,118708
026960,2017-11-10,28650,29000,28500,28600,86609
026960,2017-11-13,28350,28800,28300,28500,87194
026960,2017-11-14,28300,28750,28250,28700,79307
026960,2017-11-15,28800,29000,28750,28900,103277
026960,2017-11-16,29000,29300,28850,29100,117956
026960,2017-11-17,29000,29200,28700,28850,125794
026960,2017-11-20,28750,30300,28600,30050,217031
026960,2017-11-21,30050,30150,29450,29650,84317
026960,2017-11-22,29600,29800,28850,29000,88530
026960,2017-11-23,29000,29250,28800,29150,88032
026960,2017-11-24,29200,29500,29050,29450,43604
026960,2017-11-27,29500,30000,29500,29500,76937
026960,2017-11-28,29400,29650,29200,29250,69565
026960,2017-11-29,29550,30000,29350,29750,68186
026960,2017-11-30,30100,30100,29550,29850,161802
026960,2017-12-01,29650,29950,29300,29300,63385
026960,2017-12-04,29650,29700,28850,28950,60478
026960,2017-12-05,28950,29200,28900,29050,60072
026960,2017-12-06,29050,29200,28900,28900,56157
026960,2017-12-07,29000,29100,28650,28750,77415
026960,2017-12-08,28600,28750,28450,28550,90531
026960,2017-12-11,28150,28850,28150,28500,63813
026960,2017-12-12,28250,28400,28050,28200,105779
026960,2017-12-13,28200,28600,28150,28450,109799
026960,2017-12-14,28500,28600,27700,27700,176035
026960,2017-12-15,27950,28950,27900,28950,188725
026960,2017-12-18,29050,29600,28950,29500,96544
026960,2017-12-19,29550,29750,28800,28950,70480
026960,2017-12-20,28950,29400,28850,29100,80602
026960,2017-12-21,29100,29250,28750,29100,77046
026960,2017-12-22,29500,29500,28850,29400,82434
026960,2017-12-26,29400,29700,29400,29550,97977
026960,2017-12-27,29050,29400,28450,29100,50735
026960,2017-12-28,29100,29100,28550,29100,59344
026960,2018-01-02,28850,29050,28550,28800,54514
026960,2018-01-03,28400,28900,28400,28500,79811
026960,2018-01-04,28400,28700,28200,28300,80171
026960,2018-01-05,28300,28400,27700,28150,87390
026960,2018-01-08,28150,28300,27800,28150,45824
026960,2018-01-09,28150,28350,27950,28300,61142
026960,2018-01-10,28150,28650,28150,28550,68225
026960,2018-01-11,28800,28800,28450,28700,60650
026960,2018-01-12,28700,29100,28600,28650,84837
026960,2018-01-15,28500,28800,28200,28700,51577
026960,2018-01-16,28450,29050,28300,28850,80691
026960,2018-01-17,28650,29250,28650,29100,77569
026960,2018-01-18,29200,29200,28350,28550,79327
026960,2018-01-19,28400,28500,28050,28150,68121
026960,2018-01-22,28150,28250,27900,28150,69419
026960,2018-01-23,28150,28500,27950,28500,77443
026960,2018-01-24,28400,29000,28350,28950,61889
026960,2018-01-25,28700,29400,28650,29250,73979
026960,2018-01-26,29250,29650,29250,29550,74337
026960,2018-01-29,29600,29700,29500,29600,63259
026960,2018-01-30,29450,29800,29350,29550,73467
026960,2018-01-31,29500,29550,28800,29250,84089
026960,2018-02-01,29050,29300,28900,28950,60162
026960,2018-02-02,28850,29050,28600,28600,58388
026960,2018-02-05,28600,28800,28250,28400,69842
026960,2018-02-06,28300,28300,27400,28150,119864
026960,2018-02-07,28150,28950,27950,28000,112672
026960,2018-02-08,28050,28500,28000,28350,95494
026960,2018-02-09,28000,28750,27700,28550,135943
026960,2018-02-12,28550,28900,28200,28700,61901
026960,2018-02-13,28450,29000,28200,28250,61045
026960,2018-02-14,28300,28650,27850,28000,63058
026960,2018-02-19,28550,28550,28050,28250,48290
026960,2018-02-20,28250,28250,27800,28000,51129
026960,2018-02-21,28050,28300,27750,28000,54682
026960,2018-02-22,27900,28300,27850,28000,38129
026960,2018-02-23,28300,28350,28000,28250,58224
026960,2018-02-26,28350,28350,28100,28350,37592
026960,2018-02-27,28300,28400,27850,28150,71694
026960,2018-02-28,27900,28200,27750,27850,102258
026960,2018-03-02,27400,27600,26900,27450,89261
026960,2018-03-05,27150,27450,27100,27100,42575
026960,2018-03-06,27150,27600,27050,27300,47741
026960,2018-03-07,27300,27350,26850,27200,59263
026960,2018-03-08,27150,27400,27000,27250,80340
026960,2018-03-09,27650,27650,27150,27200,59302
026960,2018-03-12,27600,27600,27200,27500,62280
026960,2018-03-13,27250,27900,27200,27650,71382
026960,2018-03-14,27350,27800,27300,27650,43404
026960,2018-03-15,27650,27650,27150,27200,75553
026960,2018-03-16,27200,27400,26950,27400,69519
026960,2018-03-19,27450,27500,27100,27300,37073
026960,2018-03-20,27100,27400,27050,27250,44339
026960,2018-03-21,27200,27650,27200,27550,89079
026960,2018-03-22,27550,27800,27300,27350,59551
026960,2018-03-23,27050,27100,26500,26500,119530
026960,2018-03-26,26500,26650,26150,26550,50259
026960,2018-03-27,26550,26950,26550,26800,57278
026960,2018-03-28,26600,26900,26500,26750,40654
026960,2018-03-29,26650,26850,26050,26050,91969
026960,2018-03-30,26200,27050,26150,26850,69062
026960,2018-04-02,26550,27050,26550,26700,31729
026960,2018-04-03,26950,27250,26400,27100,69446
026960,2018-04-04,26950,27400,26800,26950,67348
026960,2018-04-05,27000,27400,27000,27400,51405
026960,2018-04-06,27450,27850,27000,27450,60572
026960,2018-04-09,27200,27250,26600,27000,117790
026960,2018-04-10,26600,27200,26500,27000,88931
026960,2018-04-11,26600,27400,26600,27350,73896
026960,2018-04-12,27050,27600,27000,27200,56402
026960,2018-04-13,27000,27450,27000,27200,42323
026960,2018-04-16,27200,27350,26750,27000,42139
026960,2018-04-17,26900,27000,26550,26650,43937
026960,2018-04-18,26600,27200,26550,26800,51012
026960,2018-04-19,26700,27250,26550,27050,64028
026960,2018-04-20,26950,27300,26900,27200,38011
026960,2018-04-23,27200,27300,27050,27150,48523
026960,2018-04-24,27150,27650,27050,27650,264694
026960,2018-04-25,27750,27750,27150,27200,194947
026960,2018-04-26,27250,27550,26850,26850,85434
026960,2018-04-27,26850,27600,26850,27450,83643
026960,2018-04-30,27650,27650,26600,27550,45871
026960,2018-05-02,27550,27650,27300,27600,42002
026960,2018-05-03,27650,28000,27500,27800,73015
026960,2018-05-04,27650,27900,27300,27300,54742
026960,2018-05-08,27350,27600,26800,27300,85813
026960,2018-05-09,27000,27750,27000,27500,93888
026960,2018-05-10,27200,27700,27200,27600,61954
026960,2018-05-11,27300,27650,27300,27550,50935
026960,2018-05-14,27550,28200,27500,28050,110395
026960,2018-05-15,28000,28300,27800,27900,106261
026960,2018-05-16,27700,28000,27050,27450,104499
026960,2018-05-17,27300,27600,26900,26900,75206
026960,2018-05-18,26900,27100,26750,26850,40906
026960,2018-05-21,26850,27100,26800,26850,37138
026960,2018-05-23,26700,26750,26300,26450,68793
026960,2018-05-24,26400,26650,26400,26450,37092
026960,2018-05-25,26350,26500,26000,26150,95835
026960,2018-05-28,26350,26400,25950,26050,50149
026960,2018-05-29,26100,26400,25950,26200,39880
026960,2018-05-30,26050,26200,25350,25500,123039
026960,2018-05-31,25550,25950,25400,25950,168978
026960,2018-06-01,25900,26350,25750,25750,67927
026960,2018-06-04,25900,26000,25500,25900,70925
026960,2018-06-05,25800,26350,25800,26100,81219
026960,2018-06-07,26000,26500,26000,26300,78346
026960,2018-06-08,26500,26500,26200,26250,58769
026960,2018-06-11,26500,26500,26250,26400,66133
026960,2018-06-12,26250,26750,26250,26500,85008
026960,2018-06-14,26450,26750,26250,26450,124726
026960,2018-06-15,26350,26600,26000,26200,77853
026960,2018-06-18,26500,26550,26100,26400,78091
026960,2018-06-19,26100,26500,26100,26350,82928
026960,2018-06-20,26400,26600,26100,26200,76654
026960,2018-06-21,26100,26300,25500,26050,53519
026960,2018-06-22,25650,26200,25650,26150,46507
026960,2018-06-25,25850,26250,25700,26100,43461
026960,2018-06-26,26400,26450,26000,26250,66655
026960,2018-06-27,26100,26450,26050,26100,93249
026960,2018-06-28,26400,26400,26150,26250,43947
026960,2018-06-29,25850,26200,25800,26150,81136
026960,2018-07-02,25850,26150,25650,25650,61192
026960,2018-07-03,25550,26000,25500,25800,63757
026960,2018-07-04,25550,25800,25150,25250,63044
026960,2018-07-05,25100,25400,25000,25350,48842
026960,2018-07-06,25150,25650,25150,25350,38860
026960,2018-07-09,25150,25600,25150,25400,32457
026960,2018-07-10,25300,25600,25300,25450,47279
026960,2018-07-11,25100,25400,25100,25100,69491
026960,2018-07-12,25300,25850,25150,25300,73302
026960,2018-07-13,25500,25750,25300,25600,40279
026960,2018-07-16,25350,25650,25350,25450,39608
026960,2018-07-17,25300,25850,25300,25800,43216
026960,2018-07-18,25650,26000,25650,25950,52339
026960,2018-07-19,25700,26000,25650,25650,44370
026960,2018-07-20,25350,25950,25350,25900,40778
026960,2018-07-23,25600,26200,25600,26100,48000
026960,2018-07-24,25850,26150,25850,26000,27557
026960,2018-07-25,25850,26200,25850,25950,29383
026960,2018-07-26,25850,26050,25450,25550,52649
026960,2018-07-27,25450,25650,25200,25400,33659
026960,2018-07-30,25300,25550,25250,25450,20671
026960,2018-07-31,25350,25550,25350,25500,31635
026960,2018-08-01,25400,25550,25100,25200,93062
026960,2018-08-02,25200,25450,24700,24750,72488
026960,2018-08-03,24750,25300,24650,25300,61289
026960,2018-08-06,25300,25500,25150,25500,39067
026960,2018-08-07,25550,25600,25200,25600,40943
026960,2018-08-08,25350,25550,25250,25450,46715
026960,2018-08-09,25450,25500,25300,25450,37208
026960,2018-08-10,25450,25600,25250,25350,32182
026960,2018-08-13,25300,25550,25250,25400,37458
026960,2018-08-14,25500,25500,25200,25400,39876
026960,2018-08-16,25250,25400,25000,25100,39925
026960,2018-08-17,25000,25100,24450,24700,84150
026960,2018-08-20,24800,24900,24050,24050,63106
026960,2018-08-21,24050,24050,23250,23700,111489
026960,2018-08-22,23600,23900,23250,23350,84542
026960,2018-08-23,23400,23500,22900,23150,91781
026960,2018-08-24,23050,23400,23050,23300,53457
026960,2018-08-27,23350,23450,22550,22600,128763
026960,2018-08-28,22800,22900,22350,22900,123765
026960,2018-08-29,22950,23000,22550,22600,59244
026960,2018-08-30,22650,22750,22350,22450,95098
026960,2018-08-31,22550,22750,22450,22650,63270
026960,2018-09-03,22600,22750,22500,22600,39796
026960,2018-09-04,22600,22650,22000,22150,109521
026960,2018-09-05,22100,22400,21950,22150,65796
026960,2018-09-06,21950,22250,21900,21900,69234
026960,2018-09-07,22200,22250,21850,21900,134343
026960,2018-09-10,21900,22400,21850,21950,149341
026960,2018-09-11,21950,22150,21700,21800,125198
026960,2018-09-12,21650,22000,21300,21400,192342
026960,2018-09-13,21450,21650,21150,21150,212672
026960,2018-09-14,21250,21550,21250,21300,110609
026960,2018-09-17,21200,21350,20900,21000,134650
026960,2018-09-18,21000,21050,20600,20700,191621
026960,2018-09-19,20700,20900,20400,20600,154219
026960,2018-09-20,20500,22100,20500,22000,308189
026960,2018-09-21,22200,22200,21250,21700,142043
026960,2018-09-27,21500,21600,20950,21000,196243
026960,2018-09-28,20950,21250,20900,21000,135552
026960,2018-10-01,21000,21200,20900,20900,99198
026960,2018-10-02,20850,21150,20550,20750,192654
026960,2018-10-04,20750,21000,20300,20800,357681
026960,2018-10-05,20950,21100,20500,20850,247534
026960,2018-10-08,20950,20950,20400,20400,113644
026960,2018-10-10,20400,21100,20400,21000,153525
026960,2018-10-11,20750,20850,20400,20400,169836
026960,2018-10-12,20400,20400,19800,19850,155313
026960,2018-10-15,19650,20000,19600,19850,123387
026960,2018-10-16,19900,20100,19800,20050,77198
026960,2018-10-17,20100,20500,19950,20000,82097
026960,2018-10-18,19950,20100,19900,19950,85405
026960,2018-10-19,20000,20000,19600,19800,293149
026960,2018-10-22,19750,19800,19550,19600,107400
026960,2018-10-23,19600,19950,18900,19050,156620
026960,2018-10-24,19300,19900,19150,19700,202958
026960,2018-10-25,19000,19700,18800,19050,149856
026960,2018-10-26,19100,19250,18300,18500,197593
026960,2018-10-29,18000,18850,18000,18350,164159
026960,2018-10-30,18350,18600,17700,17900,188347
026960,2018-10-31,17850,18700,17850,18650,147437
026960,2018-11-01,18400,18650,18300,18300,98849
026960,2018-11-02,18300,18900,18300,18700,80889
026960,2018-11-05,18550,18750,18200,18450,84745
026960,2018-11-06,18650,18650,18300,18550,75281
026960,2018-11-07,18550,18750,18100,18100,88542
026960,2018-11-08,18250,18600,18250,18250,126443
026960,2018-11-09,18200,18550,18100,18100,77160
026960,2018-11-12,18050,18300,17750,17800,101983
026960,2018-11-13,17850,18000,17400,17850,116371
026960,2018-11-14,17800,17800,16500,16700,785522
026960,2018-11-15,16700,16750,16250,16550,353365
026960,2018-11-16,16600,16900,16400,16800,237559
026960,2018-11-19,16850,17450,16850,17200,283495
026960,2018-11-20,17200,18300,17200,18250,310881
026960,2018-11-21,18150,18150,17750,18100,121173
026960,2018-11-22,18200,18200,17650,18000,107567
026960,2018-11-23,18000,18100,17250,17300,213357
026960,2018-11-26,17450,18100,17200,17850,216458
026960,2018-11-27,17950,18300,17850,18050,190894
026960,2018-11-28,18100,18250,17950,18100,214899
026960,2018-11-29,18150,18300,17850,18100,178912
026960,2018-11-30,18000,18200,17700,17850,3452774
026960,2018-12-03,18050,18100,17550,17550,297377
026960,2018-12-04,17700,17800,17350,17400,206521
026960,2018-12-05,17450,18400,17350,17950,337484
026960,2018-12-06,17900,18100,17350,17600,260384
026960,2018-12-07,17700,17800,17500,17500,97536
026960,2018-12-10,17300,18000,17200,17950,147828
026960,2018-12-11,17900,18050,17650,17700,112111
026960,2018-12-12,17900,17900,17650,17750,106519
026960,2018-12-13,17850,18350,17600,18350,313647
026960,2018-12-14,18350,18400,17850,18050,203499
026960,2018-12-17,18100,19000,18050,18700,372411
026960,2018-12-18,18800,18950,18400,18650,253153
026960,2018-12-19,18650,19350,18400,19200,232803
026960,2018-12-20,19200,19600,18850,19150,191013
026960,2018-12-21,19300,19350,18850,19000,242482
026960,2018-12-24,19000,19300,18700,18850,147489
026960,2018-12-26,18500,18800,18200,18300,231860
026960,2018-12-27,18250,18250,17900,18000,101577
026960,2018-12-28,18000,18200,17650,17900,109181
026960,2019-01-02,17850,18100,17500,17650,115040
026960,2019-01-03,17550,17700,17200,17450,145773
026960,2019-01-04,17400,18250,17200,18150,142643
026960,2019-01-07,18200,18250,17800,18100,128049
026960,2019-01-08,18200,18900,18000,18650,176868
026960,2019-01-09,18650,18800,18400,18400,137391
026960,2019-01-10,18400,18550,18000,18400,127434
026960,2019-01-11,18550,19000,18250,18800,164703
026960,2019-01-14,18800,19200,18750,19050,168139
026960,2019-01-15,19050,19200,18700,18700,137208
026960,2019-01-16,18650,19350,18650,18950,134708
026960,2019-01-17,19000,19200,18750,18900,71311
026960,2019-01-18,18900,19150,18800,19000,74455
026960,2019-01-21,19000,19350,19000,19250,110653
026960,2019-01-22,19250,19350,19100,19100,95520
026960,2019-01-23,19200,19500,19100,19350,89088
026960,2019-01-24,19150,19500,19100,19400,88846
026960,2019-01-25,19400,19650,19200,19500,87750
026960,2019-01-28,19400,19550,19250,19450,79363
026960,2019-01-29,19350,19500,18950,19400,159592
026960,2019-01-30,19650,19650,19200,19400,103951
026960,2019-01-31,19500,19550,19050,19200,118991
026960,2019-02-01,19100,19300,19000,19000,82664
026960,2019-02-07,19050,19200,18850,19150,97435
026960,2019-02-08,19150,19250,18950,19100,55543
026960,2019-02-11,19100,19200,18550,18950,109240
026960,2019-02-12,18950,19050,18700,18900,66879
026960,2019-02-13,18900,19350,18800,19250,131892
026960,2019-02-14,19150,19450,18950,19450,77323
026960,2019-02-15,19150,19200,18900,19050,93821
026960,2019-02-18,19000,19200,18900,19000,67490
026960,2019-02-19,18900,19000,18850,18850,73744
026960,2019-02-20,18800,19000,18750,18750,83447
026960,2019-02-21,18650,18900,18650,18700,64115
026960,2019-02-22,18750,18850,18600,18650,85717
026960,2019-02-25,18650,18900,18650,18800,95565
026960,2019-02-26,18700,19000,18700,18800,68215
026960,2019-02-27,18900,21000,18750,21000,696154
026960,2019-02-28,21050,21050,19750,19750,361975
026960,2019-03-04,20050,20500,20000,20200,243017
026960,2019-03-05,20200,20950,20000,20600,262380
026960,2019-03-06,20750,21150,20600,21000,196361
026960,2019-03-07,21000,21350,20800,21250,228693
026960,2019-03-08,21200,21350,20750,21050,199516
026960,2019-03-11,21000,21200,20750,21050,193782
026960,2019-03-12,21050,21150,20350,20800,160001
026960,2019-03-13,20800,20900,20400,20750,111982
026960,2019-03-14,20900,21900,20650,21900,482684
026960,2019-03-15,21650,21700,20800,21050,306152
026960,2019-03-18,21350,21350,20500,20850,160750
026960,2019-03-19,21000,21050,20650,20700,69819
026960,2019-03-20,20650,20650,19750,20050,155156
026960,2019-03-21,19950,20200,19400,19550,164235
026960,2019-03-22,19600,19750,19250,19450,107886
026960,2019-03-25,19250,19900,19250,19700,138436
026960,2019-03-26,19850,20200,19750,19850,69551
026960,2019-03-27,19850,20100,19650,19750,79316
026960,2019-03-28,19650,20150,19450,19950,97139
026960,2019-03-29,20000,20300,19700,19700,71109
026960,2019-04-01,19750,20750,19750,20450,203351
026960,2019-04-02,20350,20750,20200,20750,114874
026960,2019-04-03,20550,20750,20350,20400,111447
026960,2019-04-04,20400,20600,20150,20350,80004
026960,2019-04-05,20350,20400,20100,20150,50975
026960,2019-04-08,20150,20350,19900,19900,117996
026960,2019-04-09,19900,20050,19650,19750,135914
026960,2019-04-10,19700,20350,19700,19850,125006
026960,2019-04-11,20000,20250,19850,20000,108697
026960,2019-04-12,20200,20250,19850,19900,172335
026960,2019-04-15,20150,20700,20050,20550,284498
026960,2019-04-16,20600,20800,20550,20700,127569
026960,2019-04-17,20600,20700,20400,20500,79184
026960,2019-04-18,20500,20600,20200,20200,111118
026960,2019-04-19,20300,20450,20100,20200,78193
026960,2019-04-22,20200,20250,19850,20000,97537
026960,2019-04-23,20200,20200,19450,19900,114878
026960,2019-04-24,19950,20000,19450,19550,107904
026960,2019-04-25,19600,19700,19450,19500,52344
026960,2019-04-26,19450,19500,19200,19250,70304
026960,2019-04-29,19250,19750,19200,19650,79509
026960,2019-04-30,19600,19650,19250,19550,120279
026960,2019-05-02,19600,19850,19400,19800,75216
026960,2019-05-03,19550,20100,19550,20000,104307
026960,2019-05-07,19750,20100,19550,19600,76558
026960,2019-05-08,19300,19650,19300,19550,84743
026960,2019-05-09,19550,19750,18950,18950,135227
026960,2019-05-10,19000,20300,19000,20150,209514
026960,2019-05-13,19900,20350,19750,20250,128620
026960,2019-05-14,19950,20400,19800,20350,157945
026960,2019-05-15,20350,20350,19850,20200,86887
026960,2019-05-16,20100,20300,19850,20000,58925
026960,2019-05-17,20200,20200,19850,19950,47697
026960,2019-05-20,20150,20300,19950,20100,46159
026960,2019-05-21,19850,20300,19850,20050,50030
026960,2019-05-22,20050,20200,19950,20100,56704
026960,2019-05-23,20150,20250,19850,19900,51146
026960,2019-05-24,20150,20200,19950,20150,47048
026960,2019-05-27,20300,20300,20000,20200,38792
026960,2019-05-28,20200,20850,20200,20450,174678
026960,2019-05-29,20250,20600,19350,19350,215735
026960,2019-05-30,19400,19600,18950,19250,124721
026960,2019-05-31,19200,19250,18850,18900,80665
026960,2019-06-03,18900,19000,18450,18550,107421
026960,2019-06-04,18650,18800,18350,18400,112665
026960,2019-06-05,18450,18650,18400,18600,46702
026960,2019-06-07,18600,19000,18400,18750,70095
026960,2019-06-10,18900,19050,18750,18900,42344
026960,2019-06-11,18900,19350,18900,19150,47432
026960,2019-06-12,19350,19400,19050,19100,66172
026960,2019-06-13,19100,19400,19000,19400,84149
026960,2019-06-14,19300,19400,19050,19250,69132
026960,2019-06-17,19250,19500,19150,19350,42489
026960,2019-06-18,19150,19350,19150,19300,35657
026960,2019-06-19,19350,19500,19150,19150,48497
026960,2019-06-20,19150,19450,19100,19400,80669
026960,2019-06-21,19250,19350,19150,19300,64433
026960,2019-06-24,19300,19300,19000,19000,54081
026960,2019-06-25,19000,19300,18950,18950,47844
026960,2019-06-26,18850,19100,18850,19050,70059
026960,2019-06-27,19050,19400,18900,19300,79536
026960,2019-06-28,19300,19450,19000,19250,76120
026960,2019-07-01,19450,19450,19000,19050,57617
026960,2019-07-02,19000,19000,18800,18850,39741
026960,2019-07-03,19100,19100,18650,18700,57142
026960,2019-07-04,19000,19000,18550,18700,70415
026960,2019-07-05,18700,18950,18550,18650,59078
026960,2019-07-08,18650,18650,18150,18200,64782
026960,2019-07-09,18350,18400,17950,17950,81412
026960,2019-07-10,17750,18300,17750,18150,59612
026960,2019-07-11,18050,18450,18050,18300,46840
026960,2019-07-12,18150,18400,17900,18000,218076
026960,2019-07-15,18000,18200,17800,18000,67312
026960,2019-07-16,18100,18100,17800,18050,60796
026960,2019-07-17,17900,18050,17650,18000,105738
026960,2019-07-18,17850,18050,17750,18000,79902
026960,2019-07-19,18000,18200,17900,18200,104233
026960,2019-07-22,18150,18300,18000,18250,52273
026960,2019-07-23,18150,18550,18100,18500,51278
026960,2019-07-24,18350,18800,18200,18500,105223
026960,2019-07-25,18350,18650,18100,18350,82404
026960,2019-07-26,18300,18600,18050,18150,55208
026960,2019-07-29,18000,18200,17450,17600,73752
026960,2019-07-30,17900,17900,17500,17600,38733
026960,2019-07-31,17850,18050,17650,17850,80057
026960,2019-08-01,17800,17850,17550,17750,35161
026960,2019-08-02,17500,17750,17350,17350,57678
026960,2019-08-05,17300,17500,16850,17100,92163
026960,2019-08-06,16700,17250,16600,17100,145560
026960,2019-08-07,16850,17350,16850,17300,106196
026960,2019-08-08,17500,17550,17150,17400,104238
026960,2019-08-09,17550,17650,17200,17250,48012
026960,2019-08-12,17100,17250,17050,17100,24406
026960,2019-08-13,17000,17250,16950,17200,54753
026960,2019-08-14,17100,17300,17000,17200,49294
026960,2019-08-16,17050,17250,16800,17100,49198
026960,2019-08-19,17050,17550,17000,17550,76614
026960,2019-08-20,17350,17900,17300,17800,78366
026960,2019-08-21,17800,18150,17600,18000,74596
026960,2019-08-22,17900,18000,17650,18000,60461
026960,2019-08-23,17650,18000,17500,17800,38139
026960,2019-08-26,17600,18000,17550,17750,45831
026960,2019-08-27,17700,18050,17700,17900,52149
026960,2019-08-28,18050,18050,17800,17950,33728
026960,2019-08-29,17800,18150,17800,18100,42513
026960,2019-08-30,18250,18250,18000,18000,35067
026960,2019-09-02,17800,18100,17800,17950,23436
026960,2019-09-03,17850,18150,17850,18050,36334
026960,2019-09-04,18000,18100,17850,18100,51441
026960,2019-09-05,17900,18150,17900,18100,73132
026960,2019-09-06,18000,18050,17850,17850,39896
026960,2019-09-09,17800,18100,17400,17400,134655
026960,2019-09-10,17300,17600,17300,17550,42910
026960,2019-09-11,17600,17850,17550,17650,134079
026960,2019-09-16,17700,18050,17650,18000,69059
026960,2019-09-17,17950,18000,17800,17900,61398
026960,2019-09-18,17900,18350,17900,18100,80426
026960,2019-09-19,18300,18300,18000,18100,42699
026960,2019-09-20,18000,18400,18000,18400,69381
026960,2019-09-23,18350,18350,18150,18250,38925
026960,2019-09-24,18100,18350,17950,18050,59021
026960,2019-09-25,18050,18250,17950,17950,45693
026960,2019-09-26,17950,18100,17900,18000,47735
026960,2019-09-27,18150,18150,17800,17850,29076
026960,2019-09-30,18100,18100,17700,18000,36484
026960,2019-10-01,17900,18100,17850,17900,34911
026960,2019-10-02,17800,17900,17700,17700,35461
026960,2019-10-04,17800,17850,17600,17650,24852
026960,2019-10-07,17700,17800,17550,17650,27152
026960,2019-10-08,17900,17900,17500,17650,43181
026960,2019-10-10,17550,17650,17400,17400,58595
026960,2019-10-11,17600,17650,17450,17450,36297
026960,2019-10-14,17650,17800,17500,17750,33472
026960,2019-10-15,17800,17850,17600,17700,21403
026960,2019-10-16,17650,18000,17600,17750,53115
026960,2019-10-17,17800,17850,17650,17650,31958
026960,2019-10-18,17900,18000,17500,17900,81990
026960,2019-10-21,17950,17950,17600,17600,30708
026960,2019-10-22,17550,17950,17550,17800,51733
026960,2019-10-23,17650,17850,17600,17600,33278
026960,2019-10-24,17550,17750,17450,17650,47278
026960,2019-10-25,17500,17750,17500,17700,20319
026960,2019-10-28,17850,17950,17600,17700,36659
026960,2019-10-29,17700,17900,17550,17600,37399
026960,2019-10-30,17550,17700,17450,17500,44580
026960,2019-10-31,17500,17700,17500,17500,29661
026960,2019-11-01,17500,17700,17450,17600,38238
026960,2019-11-04,17600,18050,17600,18000,80848
026960,2019-11-05,18000,18000,17700,17700,59322
026960,2019-11-06,17700,17800,17550,17550,66499
026960,2019-11-07,17500,17800,17500,17550,64086
026960,2019-11-08,17600,17800,17600,17600,50421
026960,2019-11-11,17600,17800,17550,17600,49228
026960,2019-11-12,17600,17750,17550,17600,44995
026960,2019-11-13,17650,17700,17550,17550,33753
026960,2019-11-14,17550,17650,17400,17550,70520
026960,2019-11-15,17450,17800,17450,17750,63793
026960,2019-11-18,17750,17800,17400,17450,109417
026960,2019-11-19,17450,17600,17300,17450,86977
026960,2019-11-20,17400,17500,17300,17400,52092
026960,2019-11-21,17400,17550,17300,17300,57151
026960,2019-11-22,17500,17500,17250,17350,31151
026960,2019-11-25,17350,17550,17300,17500,50490
026960,2019-11-26,17500,17500,17350,17450,61758
026960,2019-11-27,17600,17600,17400,17550,34413
026960,2019-11-28,17400,17500,17400,17400,34729
026960,2019-11-29,17500,17600,17300,17300,63965
026960,2019-12-02,17300,17500,17300,17450,33058
026960,2019-12-03,17500,17500,17300,17400,36585
026960,2019-12-04,17300,17400,17250,17400,46844
026960,2019-12-05,17300,17400,17250,17300,45339
026960,2019-12-06,17350,17500,17300,17500,37334
026960,2019-12-09,17500,17550,17150,17250,62075
026960,2019-12-10,17250,17550,17200,17550,32285
026960,2019-12-11,17550,17600,17350,17500,55998
026960,2019-12-12,17550,17700,17500,17700,138575
026960,2019-12-13,17700,17850,17650,17850,78306
026960,2019-12-16,17900,18100,17800,18050,85597
026960,2019-12-17,18050,18100,17800,17950,111829
026960,2019-12-18,17850,18100,17800,18050,63681
026960,2019-12-19,17950,18050,17850,18000,42595
026960,2019-12-20,18100,18100,17900,18050,39922
026960,2019-12-23,18100,18200,18000,18050,58286
026960,2019-12-24,18200,18200,17950,18150,52721
026960,2019-12-26,18200,18350,18100,18350,68772
026960,2019-12-27,17600,17750,17400,17550,120262
026960,2019-12-30,17650,17650,17200,17400,141784
026960,2020-01-02,17300,17350,16700,16750,171253
026960,2020-01-03,16850,16950,16700,16750,116594
026960,2020-01-06,16750,16850,16350,16350,97539
026960,2020-01-07,16500,16600,16300,16350,85987
026960,2020-01-08,16300,16300,15900,16050,124750
026960,2020-01-09,16050,16300,16000,16250,91082
026960,2020-01-10,16200,16450,16100,16300,80932
026960,2020-01-13,16250,16400,16100,16250,75708
026960,2020-01-14,16250,16300,16100,16250,75926
026960,2020-01-15,16200,16450,16200,16400,58551
026960,2020-01-16,16300,16500,16250,16300,53243
026960,2020-01-17,16300,16600,16250,16450,76426
026960,2020-01-20,16400,16550,16300,16300,60659
026960,2020-01-21,16300,16450,16250,16350,41382
026960,2020-01-22,16500,16500,16300,16400,54286
026960,2020-01-23,16400,16450,16250,16400,131456
026960,2020-01-28,16200,16350,16100,16200,134999
026960,2020-01-29,16200,16400,16100,16250,60710
026960,2020-01-30,16200,16300,16100,16200,90802
026960,2020-01-31,16200,16400,16150,16300,86306
026960,2020-02-03,16250,16300,16100,16250,95900
026960,2020-02-04,16200,16300,16150,16200,82989
026960,2020-02-05,16200,16350,16150,16250,92745
026960,2020-02-06,16500,16600,16300,16500,71272
026960,2020-02-07,16400,16650,16400,16550,57955
026960,2020-02-10,16500,16650,16450,16550,43593
026960,2020-02-11,16600,16750,16550,16700,49793
026960,2020-02-12,16600,16900,16550,16850,66019
026960,2020-02-13,16800,16950,16600,16750,88882
026960,2020-02-14,16650,17000,16450,16850,58560
026960,2020-02-17,16850,17150,16600,17150,62971
026960,2020-02-18,17000,17150,16850,17150,60970
026960,2020-02-19,17200,17200,16750,16850,64076
026960,2020-02-20,16750,17000,16400,16400,72782
026960,2020-02-21,16300,16450,16200,16300,87564
026960,2020-02-24,15900,16300,15850,16000,123792
026960,2020-02-25,15950,16100,15500,15950,108206
026960,2020-02-26,16000,16100,15850,15900,59340
026960,2020-02-27,15750,15950,15700,15900,79983
026960,2020-02-28,15850,15850,15500,15650,109327
026960,2020-03-02,15900,15900,15400,15500,98179
026960,2020-03-03,15500,15800,15500,15650,86864
026960,2020-03-04,15750,15950,15550,15800,73565
026960,2020-03-05,15800,16050,15600,16000,68992
026960,2020-03-06,16100,16200,15750,16200,81646
026960,2020-03-09,15900,16550,15800,16550,112179
026960,2020-03-10,16500,16500,15900,16150,105797
026960,2020-03-11,15900,16250,15650,15900,72389
026960,2020-03-12,16050,16100,15250,15750,137958
026960,2020-03-13,14900,15750,14150,15700,239869
026960,2020-03-16,15700,16000,15350,15900,139883
026960,2020-03-17,14900,16000,14900,15950,147789
026960,2020-03-18,15700,15800,15300,15300,94104
026960,2020-03-19,15450,15600,14500,14550,180011
026960,2020-03-20,14550,15050,14450,15050,136021
026960,2020-03-23,14500,15550,14500,15500,298549
026960,2020-03-24,15200,16000,15100,16000,136761
026960,2020-03-25,15700,16400,15650,16400,196111
026960,2020-03-26,16100,16350,15750,15750,146228
026960,2020-03-27,15850,16100,15400,15600,151719
026960,2020-03-30,15600,15750,15300,15550,91360
026960,2020-03-31,15600,15900,15550,15750,131226
026960,2020-04-01,15750,16000,15350,15600,144533
026960,2020-04-02,15350,15800,15350,15600,132760
026960,2020-04-03,15600,15750,15450,15700,112942
026960,2020-04-06,15850,16250,15650,16200,126675
026960,2020-04-07,16350,16850,16050,16750,177421
026960,2020-04-08,16500,16800,16250,16450,135757
026960,2020-04-09,16900,16900,16400,16600,106156
026960,2020-04-10,16300,16450,16200,16450,81637
026960,2020-04-13,16150,16450,16150,16200,82217
026960,2020-04-14,16100,16500,16100,16300,61674
026960,2020-04-16,16050,16500,16000,16500,100963
026960,2020-04-17,16300,16800,16300,16650,155322
026960,2020-04-20,16650,17300,16500,17050,148128
026960,2020-04-21,17000,17300,16200,16550,116540
026960,2020-04-22,16300,16550,16250,16500,80711
026960,2020-04-23,16400,16900,16300,16850,82550
026960,2020-04-24,16650,16900,16400,16650,73416
026960,2020-04-27,16650,17050,16550,16950,89590
026960,2020-04-28,16800,17250,16750,17250,110226
026960,2020-04-29,17350,17600,17100,17300,138266
026960,2020-05-04,17000,17250,16650,16800,159723
026960,2020-05-06,17200,17200,16850,17100,83601
026960,2020-05-07,16950,17450,16850,17350,98382
026960,2020-05-08,17350,17450,17200,17350,84839
026960,2020-05-11,17350,17900,17150,17750,138397
026960,2020-05-12,17850,17850,17150,17250,96169
026960,2020-05-13,16850,17200,16700,16950,155897
026960,2020-05-14,17050,17050,16650,16800,99831
026960,2020-05-15,17000,17150,16700,17150,79229
026960,2020-05-18,17250,17350,17000,17150,85212
026960,2020-05-19,17200,17650,17200,17350,107342
026960,2020-05-20,17500,17650,17300,17400,125911
026960,2020-05-21,17400,17600,17150,17400,92429
026960,2020-05-22,17600,17600,17100,17200,70449
026960,2020-05-25,17400,17400,17000,17100,49018
026960,2020-05-26,17100,17350,17050,17150,51849
026960,2020-05-27,17050,17300,17050,17300,68847
026960,2020-05-28,17200,17300,17100,17200,70583
026960,2020-05-29,17200,17350,16700,16700,137916
026960,2020-06-01,16800,17400,16800,17400,90773
026960,2020-06-02,17350,17550,17300,17500,77232
026960,2020-06-03,17500,18000,17400,17550,194436
026960,2020-06-04,17450,18000,17450,17450,132964
026960,2020-06-05,17450,17650,17300,17450,108758
026960,2020-06-08,17650,17700,17200,17200,113068
026960,2020-06-09,17300,17400,16850,16950,163148
026960,2020-06-10,17150,17150,16900,17000,116391
026960,2020-06-11,16900,17150,16800,17000,213672
026960,2020-06-12,16850,17000,16500,16500,156049
026960,2020-06-15,16400,16450,15950,15950,150108
026960,2020-06-16,16200,16500,16200,16450,128286
026960,2020-06-17,16350,16750,16250,16650,92074
026960,2020-06-18,16400,16650,16300,16300,60888
026960,2020-06-19,16500,16500,16050,16100,120439
026960,2020-06-22,16100,16300,16050,16200,54813
026960,2020-06-23,16250,16300,15900,16000,87843
026960,2020-06-24,16000,16050,15900,16000,74183
026960,2020-06-25,15900,15950,15700,15750,99133
026960,2020-06-26,15800,16300,15800,16150,84716
026960,2020-06-29,16050,16100,15750,15750,64887
026960,2020-06-30,15850,16050,15800,15850,64449
026960,2020-07-01,15850,16200,15850,15900,77322
026960,2020-07-02,16100,16350,16000,16050,71363
026960,2020-07-03,16050,16250,16000,16200,44465
026960,2020-07-06,16450,16450,16100,16250,66457
026960,2020-07-07,16250,16450,16000,16000,88396
026960,2020-07-08,16150,16450,16050,16250,79068
026960,2020-07-09,16400,16400,16150,16150,73932
026960,2020-07-10,16150,16200,15850,15900,85589
026960,2020-07-13,16000,16100,15900,16000,52237
026960,2020-07-14,15900,16250,15900,16250,55221
026960,2020-07-15,16300,16550,16050,16150,119019
026960,2020-07-16,17050,18000,16750,17500,583298
026960,2020-07-17,17400,17950,17350,17850,290137
026960,2020-07-20,18050,18500,18000,18300,271353
026960,2020-07-21,18250,19350,18200,18900,328984
026960,2020-07-22,18950,19200,18500,18650,158561
026960,2020-07-23,18600,19300,18500,19050,170103
026960,2020-07-24,18850,19400,18850,19200,146416
026960,2020-07-27,19200,21500,19200,20800,476676
026960,2020-07-28,21500,21600,20650,21000,308461
026960,2020-07-29,20600,21150,20600,20750,80580
026960,2020-07-30,20650,21350,20650,21050,103270
026960,2020-07-31,21050,21750,21050,21600,137173
026960,2020-08-03,21700,21850,21300,21550,126726
026960,2020-08-04,21600,21700,21450,21500,93323
026960,2020-08-05,21350,21500,20750,20900,166962
026960,2020-08-06,20900,21500,20850,21250,147625
026960,2020-08-07,21250,21350,20800,21050,112722
026960,2020-08-10,22000,22450,21050,21200,361861
026960,2020-08-11,21000,21450,20950,21400,174192
026960,2020-08-12,21100,21800,21050,21600,243170
026960,2020-08-13,21500,22750,21500,22250,511822
026960,2020-08-14,22300,23450,22100,23300,278620
026960,2020-08-18,23550,25100,23550,24000,557663
026960,2020-08-19,24400,25550,24300,25450,377721
026960,2020-08-20,25400,25900,23300,23550,498899
026960,2020-08-21,23550,24900,23550,24700,332931
026960,2020-08-24,24950,25150,24150,24450,167460
026960,2020-08-25,24450,24650,24000,24300,142837
026960,2020-08-26,24200,24350,23750,24050,151692
026960,2020-08-27,23950,24750,23900,23950,155540
026960,2020-08-28,24050,24600,24000,24600,155154
026960,2020-08-31,25000,25900,24950,25550,278824
026960,2020-09-01,25600,25950,25050,25200,174797
026960,2020-09-02,25550,25700,24850,25200,112886
026960,2020-09-03,24900,26050,24900,25500,119038
026960,2020-09-04,24700,25150,24700,24900,207480
026960,2020-09-07,24800,25450,24500,25050,175730
026960,2020-09-08,25300,27200,25000,26650,407389
026960,2020-09-09,26500,26900,26300,26700,224940
026960,2020-09-10,26800,27450,26700,27250,203707
026960,2020-09-11,27100,27550,26300,27000,190830
026960,2020-09-14,27350,28350,27150,28150,230229
026960,2020-09-15,28850,28950,27700,28050,399186
026960,2020-09-16,28200,28650,27650,27950,201396
026960,2020-09-17,27950,28100,27300,27500,148405
026960,2020-09-18,27350,28650,27350,28650,161745
026960,2020-09-21,28650,30300,28650,30000,320271
026960,2020-09-22,30000,30800,29550,29750,225108
026960,2020-09-23,29850,30500,29600,30450,205406
026960,2020-09-24,30550,30650,29850,30050,131590
026960,2020-09-25,30000,30500,29900,30000,178073
026960,2020-09-28,30100,30500,29750,29950,176546
026960,2020-09-29,30100,30300,29650,29650,165062
026960,2020-10-05,29950,30050,29550,29800,194458
026960,2020-10-06,29800,29900,27750,28000,437285
026960,2020-10-07,28000,28150,26800,27150,355273
026960,2020-10-08,27400,28250,26650,27250,289172
026960,2020-10-12,27900,27900,27250,27400,132083
026960,2020-10-13,27400,27600,26750,27200,195889
026960,2020-10-14,27100,27650,26800,27150,166384
026960,2020-10-15,27150,27700,27000,27450,136430
026960,2020-10-16,27550,28800,27550,28400,288589
026960,2020-10-19,28800,29650,28450,29400,212634
026960,2020-10-20,29400,29650,28300,29350,116232
026960,2020-10-21,29050,29500,28600,28900,107636
026960,2020-10-22,29000,29000,28200,28900,129170
026960,2020-10-23,28600,30000,28600,29850,217760
026960,2020-10-26,30000,30900,29800,30000,207721
026960,2020-10-27,29800,29800,29350,29350,116685
026960,2020-10-28,28900,29300,28450,29000,136163
026960,2020-10-29,28700,29500,28300,29400,123861
026960,2020-10-30,29350,29550,28700,28950,119842
026960,2020-11-02,29050,29450,28600,28950,109533
026960,2020-11-03,28900,29300,28650,28700,139677
026960,2020-11-04,28900,29150,28450,28750,144382
026960,2020-11-05,28750,29200,28450,29000,95355
026960,2020-11-06,29050,29400,28850,29000,99544
026960,2020-11-09,29100,30000,29050,29650,249424
026960,2020-11-10,29700,30350,29650,29950,201569
026960,2020-11-11,29850,29950,29250,29600,123590
026960,2020-11-12,29600,29800,29300,29500,112034
026960,2020-11-13,29500,29750,29350,29500,117358
026960,2020-11-16,29700,30600,29700,30000,341112
026960,2020-11-17,29850,30200,29150,29500,236092
026960,2020-11-18,29300,29550,29100,29100,125718
026960,2020-11-19,28950,29250,28800,29000,77456
026960,2020-11-19,28950,29250,28800,29000,77469
026960,2020-11-20,28800,29100,28700,29100,90799
026960,2020-11-23,29000,29800,28800,29600,101803
026960,2020-11-23,29000,29800,28800,29200,161191
026960,2020-11-23,29000,29800,28800,29200,161347
026960,2020-11-24,29150,29150,28750,28800,161576
026960,2020-11-25,28750,29200,28650,28850,144677
026960,2020-11-26,28700,29000,28500,28750,106041
026960,2020-11-27,29700,32650,29650,32500,1044627
026960,2020-11-30,32950,35000,32700,34000,695527
026960,2020-12-01,34100,34250,32450,32700,292638
026960,2020-12-02,32700,33050,31750,32700,201811
026960,2020-12-03,32100,32750,32000,32100,162069
026960,2020-12-04,32100,32500,31500,32000,209195
026960,2020-12-07,31850,32000,31250,31550,178335
026960,2020-12-08,31900,32000,30500,30550,201725
026960,2020-12-09,30500,31050,29450,31000,208480
026960,2020-12-10,31000,31300,30350,30400,203661
026960,2020-12-11,30500,31000,30250,30500,169146
026960,2020-12-14,30500,30850,29850,30550,177894
026960,2020-12-15,30800,31200,30350,30750,164284
026960,2020-12-16,31150,32450,31150,32000,241265
026960,2020-12-17,32150,32750,31900,31900,184542
026960,2020-12-18,31950,32550,31950,32550,242342
026960,2020-12-21,32650,32650,31800,31900,201399
026960,2020-12-22,32800,36700,32350,32350,950663
026960,2020-12-23,32400,33100,31850,31950,241904
026960,2020-12-23,32400,33100,31850,31950,242335
026960,2020-12-24,32650,32700,31600,32000,210518
026960,2020-12-24,32650,32700,31600,32000,211791
026960,2020-12-28,31500,32500,31500,32050,412529
026960,2020-12-28,31500,32500,31500,32050,414349
026960,2020-12-29,32000,32950,31700,32850,231654
026960,2020-12-30,33100,34350,32850,33950,338024
026960,2020-12-30,33100,34350,32850,33950,338584
026960,2021-01-04,34000,34100,33000,33800,204449
026960,2021-01-05,33800,33900,32900,33700,199463
